Sequoia_ID,Season_Year,Species,Harvest_Date,How_Taken,Harvest_BMU,Harvest_County,Registration_Sex,BirthYear,Latitude,Longitude
BB21_1152,2021,Black Bear,8-Sep-21,Hunting,Gwinn,Delta,M,2018,45.3651554533306,-87.7774615248429
BB21_1176,2021,Black Bear,10-Sep-21,Hunting,Gwinn,Delta,M,2017,45.8608547866,-87.790283901
BB21_1178,2021,Black Bear,8-Sep-21,Hunting,Gwinn,Delta,F,2019,46.4270535906,-88.5855765101
BB21_1153,2021,Black Bear,11-Sep-21,Hunting,Newberry,Delta,F,2019,46.7221631716292,-89.67614066611
BB21_1155,2021,Black Bear,12-Sep-21,Hunting,Newberry,Delta,M,2019,46.5273833862,-85.0840803006
BB21_1149,2021,Black Bear,10-Sep-21,Hunting,Carney,Delta,F,2020,46.1942485487,-86.251030288
BB21_1156,2021,Black Bear,11-Sep-21,Hunting,Gwinn,Marquette,M,2019,46.7585101205,-89.687077747
BB21_1154,2021,Black Bear,10-Sep-21,Hunting,Gwinn,Delta,F,2016,46.2826653023,-89.6261902614
BB21_1158,2021,Black Bear,14-Sep-21,Hunting,Gwinn,Marquette,F,2020,46.2965351423,-88.9805687255
BB21_1159,2021,Black Bear,8-Sep-21,Hunting,Carney,Dickinson,F,2019,46.1798061386,-86.0637810801
BB21_1164,2021,Black Bear,29-Sep-21,Hunting,Newberry,Chippewa,M,2015,47.3801451327,-88.3939097221
BB21_1157,2021,Black Bear,8-Sep-21,Hunting,Gwinn,Delta,F,2017,45.964052844,-87.9607153931
BB21_1162,2021,Black Bear,13-Sep-21,Hunting,Gwinn,Delta,M,2018,46.5130223313,-89.7928965351
BB21_1163,2021,Black Bear,9-Sep-21,Hunting,Gwinn,Marquette,F,2019,46.2826653023,-89.6261902614
BB21_1161,2021,Black Bear,13-Sep-21,Hunting,Gwinn,Alger,M,2020,46.4987378819,-89.2723952837
BB21_1160,2021,Black Bear,9-Sep-21,Hunting,Gwinn,Delta,M,2020,46.3814804849,-85.9592469391
BB21_1170,2021,Black Bear,12-Sep-21,Hunting,Gwinn,Alger,F,2012,46.4117719687,-85.4162039721
BB21_1168,2021,Black Bear,11-Sep-21,Hunting,Gwinn,Delta,M,2020,46.2970096146,-87.5017190256
BB21_1166,2021,Black Bear,9-Sep-21,Hunting,Gwinn,Delta,M,2020,46.7582137832,-89.6240075986
BB21_1171,2021,Black Bear,9-Sep-21,Hunting,Carney,Dickinson,M,2015,46.5566271158,-90.0417789962
BB21_1169,2021,Black Bear,10-Sep-21,Hunting,Gwinn,Delta,M,2018,46.3689736227,-89.0846787413
BB21_1172,2021,Black Bear,11-Oct-21,Hunting,Newberry,Luce,M,2014,46.3403205376,-89.6051504798
BB21_1167,2021,Black Bear,9-Sep-21,Hunting,Gwinn,Marquette,F,2013,46.3106822373,-85.270073016
BB21_1165,2021,Black Bear,8-Sep-21,Hunting,Newberry,Delta,M,2020,46.0083394227,-88.6663175565
BB21_1174,2021,Black Bear,12-Sep-21,Hunting,Gwinn,Delta,F,2008,46.3099088466,-84.7494336278
BB21_1175,2021,Black Bear,8-Sep-21,Hunting,Gwinn,Marquette,F,2018,46.5707156067,-89.4381274965
BB21_1180,2021,Black Bear,12-Sep-21,Hunting,Gwinn,Delta,M,2017,46.5135841314,-85.1883254255
BB21_1177,2021,Black Bear,13-Sep-21,Hunting,Gwinn,Delta,M,2020,46.0942212041,-88.4607948756
BB21_1173,2021,Black Bear,8-Sep-21,Hunting,Carney,Menominee,F,2016,47.0620818603,-88.7115391004
BB21_1179,2021,Black Bear,14-Sep-21,Hunting,Gwinn,Delta,F,2019,45.8614639786,-87.4799114417
BB21_1195,2021,Black Bear,13-Sep-21,Hunting,Gwinn,Delta,M,2018,46.4705279612,-87.4590797323
BB21_1183,2021,Black Bear,8-Sep-21,Hunting,Gwinn,Delta,F,2020,45.3860312075,-87.7116710247
BB21_1188,2021,Black Bear,29-Sep-21,Hunting,Gwinn,Marquette,M,2016,45.9493411734,-87.5234796521
BB21_1187,2021,Black Bear,4-Oct-21,Hunting,Amasa,Iron,F,2019,45.8321364857,-86.8631529804
BB21_1186,2021,Black Bear,16-Sep-21,Hunting,Newberry,Chippewa,F,2021,46.8154825053,-88.8796556896
BB21_1185,2021,Black Bear,9-Sep-21,Hunting,Gwinn,Alger,M,2020,46.295512815,-84.3948184122
BB21_1182,2021,Black Bear,8-Sep-21,Hunting,Gwinn,Delta,F,2020,46.7297693208,-88.3757404868
BB21_1181,2021,Black Bear,8-Sep-21,Hunting,Gwinn,Delta,M,2019,46.1669454353,-87.6682942464
BB21_1184,2021,Black Bear,8-Sep-21,Hunting,Carney,Menominee,M,2020,46.7008713321,-88.8747786488
BB21_1196,2021,Black Bear,15-Sep-21,Hunting,Carney,Menominee,F,2017,46.3247510225,-84.6451475211
BB21_1189,2021,Black Bear,9-Sep-21,Hunting,Newberry,Delta,M,2020,46.3679318034,-85.6664272112
BB21_1193,2021,Black Bear,17-Sep-21,Hunting,Gwinn,Alger,M,2019,46.3838179071,-88.6065671791
BB21_1190,2021,Black Bear,10-Sep-21,Hunting,Baraga,Baraga,F,2014,46.2246419863,-87.6890672918
BB21_1192,2021,Black Bear,15-Sep-21,Hunting,Gwinn,Delta,F,2019,46.6571515999,-85.9789947188
BB21_1201,2021,Black Bear,18-Sep-21,Hunting,Newberry,Luce,M,2020,46.9168083931,-88.6896961232
BB21_1202,2021,Black Bear,9-Oct-21,Hunting,Newberry,Luce,M,2020,47.4383040215,-88.0149222817
BB21_199,2021,Black Bear,28-Sep-21,Hunting,Newberry,Chippewa,F,2021,46.7578601748,-88.334607763
BB21_201,2021,Black Bear,4-Oct-21,Hunting,Newberry,Mackinac,M,2021,46.8442294664,-89.0273944586
BB21_200,2021,Black Bear,5-Oct-21,Hunting,Newberry,Chippewa,M,2021,46.5427589549,-88.8563851488
BB21_202,2021,Black Bear,13-Sep-21,Hunting,Amasa,Iron,F,2020,46.224657781,-87.5640748021
BB21_203,2021,Black Bear,27-Sep-21,Hunting,Newberry,Mackinac,M,2021,46.6429071424,-89.4799506071
BB21_204,2021,Black Bear,10-Sep-21,Hunting,Amasa,Iron,M,2020,46.3982298512,-88.3362123756
BB21_206,2021,Black Bear,3-Oct-21,Hunting,Newberry,Chippewa,F,2021,46.5715423723,-88.731246529
BB21_205,2021,Black Bear,17-Sep-21,Hunting,Gwinn,Dickinson,F,2011,46.326035622,-88.8557927649
BB21_207,2021,Black Bear,26-Sep-21,Hunting,Carney,Dickinson,M,2019,46.4108376713,-86.0213491067
BB21_210,2021,Black Bear,16-Sep-21,Hunting,Amasa,Iron,M,2019,46.3546066403,-89.8134560998
BB21_214,2021,Black Bear,28-Sep-21,Hunting,Amasa,Iron,F,2020,45.8320883893,-86.9046081989
BB21_208,2021,Black Bear,8-Sep-21,Hunting,Gwinn,Dickinson,M,2021,46.5851704092,-88.1477462883
BB21_209,2021,Black Bear,25-Sep-21,Hunting,Carney,Menominee,M,2020,46.2971752016,-89.7302909862
BB21_213,2021,Black Bear,13-Sep-21,Hunting,Amasa,Iron,M,2016,46.5855361434,-88.2517953912
BB21_219,2021,Black Bear,23-Sep-21,Hunting,Amasa,Marquette,M,2015,46.1805635155,-85.3104966856
BB21_218,2021,Black Bear,14-Sep-21,Hunting,Amasa,Iron,M,2020,46.4127993125,-88.1897856748
BB21_212,2021,Black Bear,23-Sep-21,Hunting,Carney,Menominee,F,2018,46.3693174023,-90.0632005656
BB21_211,2021,Black Bear,22-Sep-21,Hunting,Gwinn,Dickinson,M,2019,46.5573274902,-87.9391593544
BB21_215,2021,Black Bear,9-Sep-21,Hunting,Amasa,Iron,F,2018,46.6000539493,-88.3355670494
BB21_216,2021,Black Bear,13-Sep-21,Hunting,Carney,Dickinson,M,2020,46.2969933824,-88.3359554927
BB21_217,2021,Black Bear,10-Sep-21,Hunting,Gwinn,Dickinson,M,2020,46.3410721382,-87.6460212858
BB21_220,2021,Black Bear,18-Sep-21,Hunting,Gwinn,Dickinson,M,2018,46.4846128227,-86.4383514237
BB21_222,2021,Black Bear,25-Sep-21,Hunting,Carney,Menominee,M,2020,46.369321921,-89.5220097379
BB21_221,2021,Black Bear,9-Sep-21,Hunting,Gwinn,Dickinson,F,2018,46.441763594,-88.0859228472
BB21_227,2021,Black Bear,28-Sep-21,Hunting,Carney,Menominee,M,2018,45.9332176398,-86.6259499543
BB21_225,2021,Black Bear,16-Sep-21,Hunting,Carney,Menominee,M,2016,46.5566271158,-90.0417789962
BB21_224,2021,Black Bear,13-Sep-21,Hunting,Carney,Menominee,F,2019,46.4988972099,-89.0853497435
BB21_226,2021,Black Bear,15-Sep-21,Hunting,Amasa,Iron,M,2020,46.3116036955,-88.5438414425
BB21_223,2021,Black Bear,9-Sep-21,Hunting,Carney,Dickinson,F,2019,46.6137084609,-88.106421825
BB21_230,2021,Black Bear,15-Sep-21,Hunting,Carney,Menominee,M,2011,46.1509831094,-85.9800924062
BB21_228,2021,Black Bear,14-Sep-21,Hunting,Carney,Dickinson,M,2020,47.4670597583,-87.9938046194
BB21_229,2021,Black Bear,18-Sep-21,Hunting,Gwinn,Dickinson,M,2018,46.2970059293,-89.0223046255
BB21_233,2021,Black Bear,26-Sep-21,Hunting,Gwinn,Delta,M,2020,46.6140672891,-89.6459932427
BB21_232,2021,Black Bear,9-Sep-21,Hunting,Amasa,Dickinson,M,2019,46.2397777712,-88.294456648
BB21_231,2021,Black Bear,9-Sep-21,Hunting,Gwinn,Dickinson,M,2020,46.6856726507,-88.1473261133
BB21_238,2021,Black Bear,13-Sep-21,Hunting,Carney,Menominee,M,2018,46.3258847636,-89.2516101688
BB21_235,2021,Black Bear,16-Sep-21,Hunting,Gwinn,Dickinson,M,2015,46.5855896815,-88.3146042891
BB21_236,2021,Black Bear,14-Sep-21,Hunting,Carney,Dickinson,M,2013,46.2086625783298,-88.5305761575624
BB21_234,2021,Black Bear,8-Sep-21,Hunting,Gwinn,Dickinson,F,2018,46.5562490671,-85.7302231879
BB21_237,2021,Black Bear,24-Sep-21,Hunting,Carney,Menominee,M,2020,45.9064001494,-88.0229760163
BB21_240,2021,Black Bear,8-Sep-21,Hunting,Gwinn,Delta,F,2010,46.2826928285,-89.2304494341
BB21_241,2021,Black Bear,9-Sep-21,Hunting,Newberry,Chippewa,F,2021,46.0343547039,-85.9592596324
BB21_239,2021,Black Bear,9-Sep-21,Hunting,Amasa,Dickinson,F,2019,46.5428367819,-87.8970209556
BB21_242,2021,Black Bear,26-Sep-21,Hunting,Amasa,Iron,M,2019,46.1079176521,-86.6675560365
BB21_243,2021,Black Bear,13-Sep-21,Hunting,Amasa,Iron,F,2020,46.2383030372,-85.4778481199
BB21_244,2021,Black Bear,13-Sep-21,Hunting,Gwinn,Dickinson,F,2020,46.4273611095,-88.0647770612
BB21_245,2021,Black Bear,17-Sep-21,Hunting,Amasa,Marquette,F,2019,47.3515426744,-88.0776098318
BB21_246,2021,Black Bear,18-Sep-21,Hunting,Bergland,Gogebic,F,2017,45.8309848132,-87.8309062476
BB21_254,2021,Black Bear,21-Sep-21,Hunting,Newberry,Schoolcraft,M,2017,46.6868139086,-89.4171280955
BB21_249,2021,Black Bear,17-Sep-21,Hunting,Carney,Menominee,F,2021,46.2105586405,-89.1679857018
BB21_250,2021,Black Bear,10-Sep-21,Hunting,Amasa,Iron,F,2018,46.5569974768,-88.6476119258
BB21_248,2021,Black Bear,9-Sep-21,Hunting,Carney,Menominee,F,2019,46.5130627858,-89.8555006518
BB21_247,2021,Black Bear,13-Sep-21,Hunting,Newberry,Chippewa,M,2021,46.0342707583,-86.1680353463
BB21_251,2021,Black Bear,8-Sep-21,Hunting,Amasa,Gogebic,M,2020,46.2521631177,-86.2926335646
BB21_252,2021,Black Bear,18-Sep-21,Hunting,Amasa,Iron,M,2018,46.2101556536,-89.3547515665
BB21_258,2021,Black Bear,6-Oct-21,Hunting,Carney,Dickinson,M,2018,45.9760853762,-86.1477661337
BB21_255,2021,Black Bear,29-Sep-21,Hunting,Amasa,Iron,M,2020,46.7297492054,-89.4998083181
BB21_256,2021,Black Bear,15-Sep-21,Hunting,Amasa,Iron,F,2018,46.0794247835,-87.0644919322
BB21_257,2021,Black Bear,10-Sep-21,Hunting,Newberry,Mackinac,M,2016,46.9168083931,-88.6896961232
BB21_253,2021,Black Bear,13-Sep-21,Hunting,Carney,Dickinson,F,2002,47.336717895,-88.3096664202
BB21_261,2021,Black Bear,15-Sep-21,Hunting,Gwinn,Dickinson,F,2018,47.4089201751,-88.2262214694
BB21_260,2021,Black Bear,9-Sep-21,Hunting,Carney,Dickinson,M,2016,47.3659247845,-88.0142214647
BB21_259,2021,Black Bear,8-Sep-21,Hunting,Amasa,Marquette,M,2019,46.3246063778,-85.8335929231
BB21_263,2021,Black Bear,14-Sep-21,Hunting,Newberry,Chippewa,M,2021,46.4404458784,-86.3136303625
BB21_266,2021,Black Bear,17-Sep-21,Hunting,Gwinn,Marquette,U,2007,46.1379122655,-88.7726303474
BB21_262,2021,Black Bear,27-Sep-21,Hunting,Amasa,Iron,F,2017,45.9493140175,-87.3364208207
BB21_264,2021,Black Bear,8-Sep-21,Hunting,Amasa,Iron,F,2019,46.0661581097,-88.2322850293
BB21_265,2021,Black Bear,14-Sep-21,Hunting,Amasa,Iron,F,2018,46.1084158544,-87.460643196
BB21_270,2021,Black Bear,10-Sep-21,Hunting,Amasa,Iron,F,2010,46.180799011,-87.4604876115
BB21_271,2021,Black Bear,14-Sep-21,Hunting,Amasa,Iron,F,2020,46.0365365306,-88.3149534471
BB21_269,2021,Black Bear,8-Sep-21,Hunting,Carney,Menominee,F,2020,46.3984417879,-89.4602540476
BB21_268,2021,Black Bear,27-Sep-21,Hunting,Newberry,Mackinac,M,2021,46.80118235,-88.9426989863
BB21_267,2021,Black Bear,9-Sep-21,Hunting,Newberry,Chippewa,F,2021,46.2378209443,-86.354914526
BB21_274,2021,Black Bear,25-Sep-21,Hunting,Amasa,Baraga,M,2018,46.1373047854,-87.2103065165
BB21_273,2021,Black Bear,30-Sep-21,Hunting,Gwinn,Dickinson,M,2020,46.0791506552,-87.2525231615
BB21_272,2021,Black Bear,11-Sep-21,Hunting,Carney,Dickinson,F,2018,46.6002170749,-90.1452984607
BB21_276,2021,Black Bear,28-Sep-21,Hunting,Newberry,Chippewa,M,2021,46.3691728498,-89.959179876
BB21_277,2021,Black Bear,11-Sep-21,Hunting,Gwinn,Marquette,M,2020,46.3101166106,-84.5617646815
BB21_380,2021,Black Bear,13-Sep-21,Hunting,Newberry,Chippewa,F,2021,46.1509831094,-85.9800924062
BB21_842,2021,Black Bear,14-Sep-21,Hunting,Newberry,Chippewa,M,2021,46.2665179233,-86.3135054621
BB21_371,2021,Black Bear,15-Sep-21,Hunting,Amasa,Iron,F,2020,46.0515268013,-88.1909488826
BB21_374,2021,Black Bear,9-Sep-21,Hunting,Amasa,Iron,M,2018,46.0944863861,-88.7310411041
BB21_375,2021,Black Bear,13-Sep-21,Hunting,Carney,Menominee,M,2019,46.6290643522,-89.3547622791
BB21_377,2021,Black Bear,9-Sep-21,Hunting,Newberry,Mackinac,F,2021,46.1069074391,-86.2301818814
BB21_376,2021,Black Bear,16-Sep-21,Hunting,Carney,Menominee,M,2018,46.3823477735,-86.2305817528
BB21_378,2021,Black Bear,30-Sep-21,Hunting,Carney,Delta,M,2019,46.5573274902,-87.9391593544
BB21_1381,2021,Black Bear,13-Sep-21,Hunting,Amasa,Iron,F,2016,46.0510758181,-88.1282407489
BB21_843,2021,Black Bear,29-Sep-21,Hunting,Newberry,Chippewa,M,2021,46.3387265315,-84.8955141091
BB21_844,2021,Black Bear,8-Sep-21,Hunting,Bergland,Gogebic,M,2020,45.9344060614,-87.1288579637
BB21_846,2021,Black Bear,11-Sep-21,Hunting,Amasa,Marquette,F,2018,46.3093992829,-86.1038060005
BB21_840,2021,Black Bear,8-Sep-21,Hunting,Carney,Menominee,M,2020,46.6142600613,-89.3752478925
BB21_845,2021,Black Bear,8-Sep-21,Hunting,Amasa,Iron,F,2012,46.2103235161,-88.9806055056
BB21_847,2021,Black Bear,5-Oct-21,Hunting,Carney,Dickinson,F,2020,46.5428591649,-87.7501536535
BB21_841,2021,Black Bear,15-Sep-21,Hunting,Newberry,Mackinac,M,2021,46.3817411952,-86.0217236323
BB21_849,2021,Black Bear,1-Oct-21,Hunting,Newberry,Mackinac,M,2021,46.6434274884,-88.9173465432
BB21_852,2021,Black Bear,26-Sep-21,Hunting,Amasa,Iron,M,2020,45.9925418338,-87.1285600534
BB21_854,2021,Black Bear,9-Sep-21,Hunting,Carney,Dickinson,F,2018,46.3694354519,-87.521505343
BB21_850,2021,Black Bear,3-Oct-21,Hunting,Newberry,Chippewa,M,2021,46.0790478413,-87.27345651
BB21_853,2021,Black Bear,8-Sep-21,Hunting,Amasa,Iron,F,2007,46.2086625783298,-88.5305761575624
BB21_851,2021,Black Bear,9-Sep-21,Hunting,Amasa,Iron,F,2015,45.9201403448,-87.2116717581
BB21_855,2021,Black Bear,29-Sep-21,Hunting,Carney,Dickinson,F,2019,46.4705889329,-88.6060885343
BB21_848,2021,Black Bear,13-Sep-21,Hunting,Newberry,Chippewa,M,2021,46.4614323839738,-85.9274690548815
BB21_860,2021,Black Bear,8-Sep-21,Hunting,Gwinn,Marquette,M,2019,45.7455848894,-87.6252276317
BB21_858,2021,Black Bear,30-Sep-21,Hunting,Newberry,Mackinac,F,2021,46.0648361903,-85.7067286737
BB21_857,2021,Black Bear,8-Sep-21,Hunting,Newberry,Mackinac,F,2021,46.2665179233,-86.3135054621
BB21_862,2021,Black Bear,14-Sep-21,Hunting,Amasa,Gogebic,M,2019,46.3259417215,-88.6063626399
BB21_863,2021,Black Bear,30-Sep-21,Hunting,Carney,Dickinson,M,2020,46.700225352,-88.168280379
BB21_856,2021,Black Bear,17-Sep-21,Hunting,Newberry,Chippewa,M,2019,46.2813743168,-86.3965426332
BB21_861,2021,Black Bear,9-Sep-21,Hunting,Bergland,Gogebic,M,2019,46.2102747791,-87.8768910222
BB21_859,2021,Black Bear,8-Sep-21,Hunting,Amasa,Iron,M,2018,46.1373047854,-87.2103065165
BB21_865,2021,Black Bear,28-Sep-21,Hunting,Newberry,Chippewa,F,2021,46.4128414219,-88.5226244743
BB21_868,2021,Black Bear,10-Sep-21,Hunting,Newberry,Chippewa,M,2021,46.1509831094,-85.9800924062
BB21_864,2021,Black Bear,9-Sep-21,Hunting,Carney,Menominee,F,2020,46.4986681471,-89.7929679915
BB21_870,2021,Black Bear,21-Sep-21,Hunting,Amasa,Iron,F,2020,46.6281434087,-88.126856471
BB21_869,2021,Black Bear,13-Sep-21,Hunting,Carney,Menominee,F,2019,46.556341272,-89.8549977908
BB21_871,2021,Black Bear,13-Sep-21,Hunting,Amasa,Iron,M,2020,46.4128881216,-88.8145749075
BB21_867,2021,Black Bear,14-Sep-21,Hunting,Newberry,Chippewa,M,2021,46.1653785239,-85.9801629859
BB21_866,2021,Black Bear,18-Sep-21,Hunting,Newberry,Chippewa,F,2021,46.6280345314,-85.8748792257
BB21_1194,2021,Black Bear,24-Sep-21,Hunting,Gwinn,Delta,M,2015,46.4844312684,-89.2308254703
BB21_1204,2021,Black Bear,20-Oct-21,Hunting,Gwinn,Delta,M,2017,46.0483114932,-86.0217602236
BB21_1191,2021,Black Bear,26-Sep-21,Hunting,Gwinn,Delta,F,2019,46.2970641608,-88.66878764
BB21_1199,2021,Black Bear,2-Oct-21,Hunting,Gwinn,Delta,M,2020,47.0620061143,-88.8385794483
BB21_1200,2021,Black Bear,21-Sep-21,Hunting,Gwinn,Delta,F,2012,46.4266266438,-89.7925669701
BB21_1198,2021,Black Bear,24-Sep-21,Hunting,Gwinn,Marquette,M,2018,47.0481623284,-88.8599949201
BB21_1203,2021,Black Bear,5-Oct-21,Hunting,Carney,Menominee,M,2017,46.4994791184,-88.7314772049
BB21_1197,2021,Black Bear,27-Sep-21,Hunting,Bergland,Ontonagon,M,2018,46.4269898132,-89.0226514662
BB21_1234,2021,Black Bear,8-Oct-21,Hunting,Gwinn,Delta,M,2019,46.3967599012,-85.6247812574
BB21_1235,2021,Black Bear,12-Oct-21,Hunting,Gwinn,Marquette,M,2018,46.3967316664,-84.9376757992
BB21_1227,2021,Black Bear,7-Oct-21,Hunting,Gwinn,Delta,M,2019,46.0932663017,-85.0612119356
BB21_1229,2021,Black Bear,25-Sep-21,Hunting,Gwinn,Delta,M,2020,46.1813007526,-87.7937759196
BB21_1230,2021,Black Bear,11-Sep-21,Hunting,Carney,Menominee,M,2020,46.1080484188,-84.1865041575
BB21_1228,2021,Black Bear,4-Oct-21,Hunting,Gwinn,Dickinson,M,2018,46.1958850669,-87.9611307504
BB21_1233,2021,Black Bear,11-Oct-21,Hunting,Gwinn,Delta,M,2015,46.1948006188,-85.2062445277
BB21_1220,2021,Black Bear,29-Sep-21,Hunting,Gwinn,Marquette,F,2018,46.5136927198,-90.1664642982
BB21_1224,2021,Black Bear,25-Sep-21,Hunting,Newberry,Delta,M,2020,46.6713717365,-88.251056994
BB21_1231,2021,Black Bear,1-Oct-21,Hunting,Gwinn,Delta,M,2017,46.4846128227,-86.4383514237
BB21_1225,2021,Black Bear,1-Oct-21,Hunting,Gwinn,Alger,M,2020,46.2960682771,-85.3115706674
BB21_1222,2021,Black Bear,24-Sep-21,Hunting,Gwinn,Dickinson,M,2019,46.6289303608,-88.3354577022
BB21_1221,2021,Black Bear,26-Sep-21,Hunting,Gwinn,Marquette,F,2020,46.6431613066,-88.4391341851
BB21_1223,2021,Black Bear,25-Sep-21,Hunting,Gwinn,Delta,M,2019,46.6863216997,-88.4598850062
BB21_1214,2021,Black Bear,28-Sep-21,Hunting,Carney,Menominee,M,2020,46.6571515999,-85.9789947188
BB21_1226,2021,Black Bear,8-Sep-21,Hunting,Baraga,Ontonagon,M,2018,46.6724131758,-89.3545470646
BB21_1213,2021,Black Bear,25-Sep-21,Hunting,Gwinn,Alger,M,2020,45.9055698369,-87.1495902254
BB21_1215,2021,Black Bear,26-Sep-21,Hunting,Newberry,Delta,M,2019,45.5289965626,-87.4806909958
BB21_1219,2021,Black Bear,5-Oct-21,Hunting,Newberry,Schoolcraft,M,2019,46.5713904307,-88.6056319125
BB21_1390,2021,Black Bear,15-Oct-21,Hunting,Carney,Dickinson,M,2017,46.411433687,-85.5414773746
BB21_1216,2021,Black Bear,23-Sep-21,Hunting,Gwinn,Delta,F,2020,46.5487020399425,-86.0521823688269
BB21_1232,2021,Black Bear,27-Sep-21,Hunting,Newberry,Schoolcraft,M,2020,45.6588130146,-87.5421205665
BB21_1206,2021,Black Bear,10-Oct-21,Hunting,Bergland,Ontonagon,M,2020,46.7152831549,-89.5208202613
BB21_1211,2021,Black Bear,25-Sep-21,Hunting,Gwinn,Delta,F,2019,46.5857311763,-89.0432346914
BB21_1218,2021,Black Bear,1-Oct-21,Hunting,Gwinn,Dickinson,M,2018,46.5859706029,-88.418364232
BB21_1207,2021,Black Bear,25-Sep-21,Hunting,Gwinn,Delta,M,2018,46.0510075093,-87.8565245516
BB21_1217,2021,Black Bear,1-Oct-21,Hunting,Gwinn,Delta,M,2020,46.3979221504,-89.2928603169
BB21_1210,2021,Black Bear,27-Sep-21,Hunting,Gwinn,Marquette,F,2016,46.7153029597,-88.4597607426
BB21_1208,2021,Black Bear,25-Sep-21,Hunting,Gwinn,Marquette,M,2019,46.2393545525,-87.8976771521
BB21_1209,2021,Black Bear,28-Sep-21,Hunting,Gwinn,Delta,F,2019,47.0771792284,-88.6067279965
BB21_1212,2021,Black Bear,22-Sep-21,Hunting,Gwinn,Delta,F,2019,46.6147765821,-88.6055167199
BB21_1205,2021,Black Bear,25-Sep-21,Hunting,Bergland,Ontonagon,F,2019,46.2680523917,-88.3776295098
BB21_874,2021,Black Bear,25-Sep-21,Hunting,Newberry,Schoolcraft,F,2014,46.4115156923,-84.6244579297
BB21_875,2021,Black Bear,25-Sep-21,Hunting,Newberry,Mackinac,F,2019,46.3983891241,-86.710080744
BB21_878,2021,Black Bear,25-Sep-21,Hunting,Newberry,Schoolcraft,M,2019,46.282685842,-87.272406046
BB21_876,2021,Black Bear,15-Sep-21,Hunting,Newberry,Schoolcraft,M,2018,46.6291717772,-85.5629837964
BB21_879,2021,Black Bear,22-Sep-21,Hunting,Newberry,Schoolcraft,M,2020,45.658924267,-87.2130633202
BB21_873,2021,Black Bear,11-Sep-21,Hunting,Newberry,Schoolcraft,M,2019,45.5145816366,-87.5012979231
BB21_877,2021,Black Bear,25-Sep-21,Hunting,Newberry,Schoolcraft,F,2015,46.4274643192,-87.0015154749
BB21_872,2021,Black Bear,27-Sep-21,Hunting,Carney,Menominee,F,2020,46.760089733,-85.2276252931
BB21_884,2021,Black Bear,12-Sep-21,Hunting,Newberry,Luce,F,2019,46.5270443834,-86.2716492017
BB21_880,2021,Black Bear,27-Sep-21,Hunting,Carney,Menominee,F,2020,46.3970182613,-84.520040843
BB21_887,2021,Black Bear,17-Sep-21,Hunting,Newberry,Schoolcraft,M,2019,46.0224939717,-88.2317870236
BB21_881,2021,Black Bear,8-Sep-21,Hunting,Newberry,Alger,M,2019,46.4086157227669,-86.6038527854375
BB21_882,2021,Black Bear,19-Sep-21,Hunting,Gwinn,Alger,M,2018,46.0640390859,-86.6467735491
BB21_883,2021,Black Bear,13-Sep-21,Hunting,Newberry,Schoolcraft,M,2019,46.2382711026,-85.3318824137
BB21_885,2021,Black Bear,11-Sep-21,Hunting,Bergland,Gogebic,F,2015,46.3254369359,-89.0014767415
BB21_886,2021,Black Bear,25-Sep-21,Hunting,Newberry,Schoolcraft,F,2017,46.210353496,-88.6270859488
BB21_150,2021,Black Bear,30-Sep-21,Hunting,Carney,Menominee,M,2018,45.876767414,-87.0269736692
BB21_149,2021,Black Bear,25-Sep-21,Hunting,Newberry,Schoolcraft,F,2013,46.7099683243623,-87.5831218880722
BB21_146,2021,Black Bear,10-Sep-21,Hunting,Newberry,Schoolcraft,F,2019,46.311174346,-88.3983545646
BB21_148,2021,Black Bear,28-Sep-21,Hunting,Newberry,Alger,M,2018,46.180856523,-87.4395215287
BB21_147,2021,Black Bear,17-Sep-21,Hunting,Newberry,Schoolcraft,M,2019,45.4130476795,-87.6882143815
BB21_154,2021,Black Bear,10-Sep-21,Hunting,Newberry,Schoolcraft,F,2016,46.4279016283,-87.8347562613
BB21_153,2021,Black Bear,26-Sep-21,Hunting,Newberry,Schoolcraft,F,2011,46.9527728205557,-88.1568786127364
BB21_152,2021,Black Bear,25-Sep-21,Hunting,Newberry,Schoolcraft,F,2003,46.4836626765,-85.7299823741
BB21_157,2021,Black Bear,8-Sep-21,Hunting,Newberry,Schoolcraft,M,2017,46.4312742943758,-87.6416151841295
BB21_156,2021,Black Bear,18-Sep-21,Hunting,Newberry,Schoolcraft,M,2018,45.8191458386,-87.3978573477
BB21_155,2021,Black Bear,11-Sep-21,Hunting,Newberry,Schoolcraft,M,2020,46.3534153192,-86.2511383041
BB21_159,2021,Black Bear,25-Sep-21,Hunting,Newberry,Schoolcraft,M,2020,46.0371417109,-88.2527008779
BB21_158,2021,Black Bear,10-Sep-21,Hunting,Newberry,Schoolcraft,M,2019,46.412792989,-88.5436741703
BB21_163,2021,Black Bear,8-Sep-21,Hunting,Gwinn,Delta,M,2018,46.4312742943758,-87.6416151841295
BB21_162,2021,Black Bear,12-Oct-21,Hunting,Newberry,Schoolcraft,F,2006,45.947075288,-86.4167069786
BB21_161,2021,Black Bear,19-Sep-21,Hunting,Newberry,Schoolcraft,F,2019,46.1669258971,-88.9804259051
BB21_160,2021,Black Bear,17-Sep-21,Hunting,Newberry,Schoolcraft,M,2016,46.5134476036,-84.1443596578
BB21_165,2021,Black Bear,9-Sep-21,Hunting,Gwinn,Alger,M,2020,46.3547984203,-86.9808213238
BB21_166,2021,Black Bear,1-Oct-21,Hunting,Gwinn,Alger,M,2020,45.9933277444,-88.2318105084
BB21_167,2021,Black Bear,2-Oct-21,Hunting,Newberry,Alger,F,2007,45.9912257598,-86.7310890965
BB21_168,2021,Black Bear,28-Sep-21,Hunting,Newberry,Schoolcraft,F,2018,46.5275413741,-89.8756716037
BB21_164,2021,Black Bear,16-Sep-21,Hunting,Newberry,Schoolcraft,M,2017,46.1958876088,-88.7724816355
BB21_169,2021,Black Bear,28-Sep-21,Hunting,Newberry,Schoolcraft,M,2020,46.1522410883,-88.5025229314
BB21_171,2021,Black Bear,17-Sep-21,Hunting,Newberry,Luce,M,2019,46.1523403461,-89.0639680341
BB21_170,2021,Black Bear,22-Sep-21,Hunting,Newberry,Alger,F,2018,46.2806026594,-84.3333905309
BB21_175,2021,Black Bear,26-Sep-21,Hunting,Newberry,Schoolcraft,F,2018,46.4706810315,-88.0858850511
BB21_173,2021,Black Bear,25-Sep-21,Hunting,Newberry,Schoolcraft,M,2020,46.4565600102,-87.9184701509
BB21_172,2021,Black Bear,14-Sep-21,Hunting,Newberry,Alger,U,2020,46.0079981204,-88.2526553373
BB21_174,2021,Black Bear,13-Sep-21,Hunting,Newberry,Alger,M,2018,46.6281481363846,-86.0481325340371
BB21_177,2021,Black Bear,16-Sep-21,Hunting,Newberry,Schoolcraft,M,2020,46.2530263018,-86.7929586618
BB21_179,2021,Black Bear,17-Sep-21,Hunting,Newberry,Alger,F,2014,46.1809816886,-87.3562602426
BB21_178,2021,Black Bear,26-Sep-21,Hunting,Newberry,Schoolcraft,F,2019,45.3542517253,-87.5235463329
BB21_176,2021,Black Bear,14-Sep-21,Hunting,Gwinn,Alger,F,2018,46.4709241175,-87.1691677714
BB21_182,2021,Black Bear,19-Sep-21,Hunting,Gwinn,Delta,M,2019,45.3254692136,-87.5641676044
BB21_183,2021,Black Bear,1-Oct-21,Hunting,Newberry,Delta,M,2014,46.4855644419,-87.7925241552
BB21_192,2021,Black Bear,25-Sep-21,Hunting,Newberry,Schoolcraft,M,2017,46.6294267453,-85.4585829097
BB21_181,2021,Black Bear,29-Sep-21,Hunting,Newberry,Alger,U,2019,46.0660910736,-88.2116441321
BB21_180,2021,Black Bear,15-Sep-21,Hunting,Gwinn,Alger,M,2019,46.2107736919,-88.2528902948
BB21_184,2021,Black Bear,22-Sep-21,Hunting,Newberry,Schoolcraft,F,2017,46.4563730631,-88.0437381506
BB21_185,2021,Black Bear,11-Sep-21,Hunting,Newberry,Schoolcraft,M,2019,46.5989956087,-85.8546321241
BB21_186,2021,Black Bear,29-Sep-21,Hunting,Carney,Menominee,F,2021,46.701657089,-85.2918538399
BB21_188,2021,Black Bear,15-Sep-21,Hunting,Newberry,Schoolcraft,M,2020,46.4131938057,-87.6241047015
BB21_187,2021,Black Bear,1-Oct-21,Hunting,Newberry,Alger,F,2019,46.2824351963,-88.4191389455
BB21_190,2021,Black Bear,23-Sep-21,Hunting,Gwinn,Alger,M,2019,46.4128617284,-88.1479436147
BB21_189,2021,Black Bear,18-Sep-21,Hunting,Newberry,Schoolcraft,M,2010,45.9911886976,-85.728903115
BB21_193,2021,Black Bear,7-Oct-21,Hunting,Carney,Menominee,M,2016,46.3542554496,-86.4801130532
BB21_191,2021,Black Bear,27-Sep-21,Hunting,Newberry,Schoolcraft,M,2019,46.1380699674,-88.9391351858
BB21_196,2021,Black Bear,10-Sep-21,Hunting,Newberry,Schoolcraft,F,2016,46.6427695302,-88.0438413821
BB21_195,2021,Black Bear,27-Sep-21,Hunting,Newberry,Schoolcraft,F,2017,46.4275873849,-87.1901383911
BB21_194,2021,Black Bear,28-Sep-21,Hunting,Newberry,Schoolcraft,F,2019,46.4621163727567,-86.3026761716256
BB21_198,2021,Black Bear,18-Sep-21,Hunting,Newberry,Alger,M,2019,45.9206319378,-87.4611181857
BB21_197,2021,Black Bear,29-Sep-21,Hunting,Newberry,Alger,F,2012,46.7582377379,-87.7083499579
BB21_5,2021,Black Bear,15-Oct-21,Hunting,Gwinn,Alger,M,2017,46.252038052,-84.4363042722
BB21_1,2021,Black Bear,21-Oct-21,Hunting,Baraga,Houghton,M,2020,46.1082126473,-84.1656268406
BB21_7,2021,Black Bear,14-Oct-21,Hunting,Newberry,Schoolcraft,M,2019,46.1960175188,-89.0849705559
BB21_4,2021,Black Bear,16-Oct-21,Hunting,Newberry,Alger,M,2016,46.0218693181,-87.9815611465
BB21_8,2021,Black Bear,16-Oct-21,Hunting,Newberry,Schoolcraft,F,2018,46.3383646772,-85.9587797906
BB21_6,2021,Black Bear,27-Sep-21,Hunting,Gwinn,Alger,M,2011,45.7759548437,-87.3772569486
BB21_2,2021,Black Bear,10-Sep-21,Hunting,Newberry,Schoolcraft,F,2018,46.0221635847,-88.128034354
BB21_3,2021,Black Bear,9-Sep-21,Hunting,Newberry,Schoolcraft,F,2016,46.0782523861,-86.4374992849
BB21_10,2021,Black Bear,9-Sep-21,Hunting,Newberry,Schoolcraft,M,2018,46.5857474832,-88.3354939157
BB21_11,2021,Black Bear,30-Sep-21,Hunting,Newberry,Schoolcraft,M,2017,46.3382501466,-86.0424017046
BB21_14,2021,Black Bear,10-Sep-21,Hunting,Newberry,Schoolcraft,F,2019,46.354319957,-86.5216389251
BB21_12,2021,Black Bear,2-Oct-21,Hunting,Gwinn,Delta,F,2017,46.0791210189,-87.1062891857
BB21_13,2021,Black Bear,8-Sep-21,Hunting,Newberry,Alger,M,2017,46.469659445,-85.4162640299
BB21_9,2021,Black Bear,14-Oct-21,Hunting,Newberry,Chippewa,M,2018,45.3094910948,-87.4629420507
BB21_15,2021,Black Bear,15-Sep-21,Hunting,Newberry,Alger,M,2019,46.3969539172,-85.4995979733
BB21_17,2021,Black Bear,17-Sep-21,Hunting,Newberry,Alger,M,2017,46.8031173667283,-87.7330291703236
BB21_16,2021,Black Bear,9-Sep-21,Hunting,Newberry,Schoolcraft,F,2014,46.0206590494,-86.7937671137
BB21_18,2021,Black Bear,13-Sep-21,Hunting,Newberry,Alger,M,2017,46.4274368145,-88.0436986903
BB21_24,2021,Black Bear,19-Sep-21,Hunting,Newberry,Alger,M,2018,46.3691463179,-86.8352778157
BB21_23,2021,Black Bear,19-Sep-21,Hunting,Newberry,Mackinac,M,2019,46.3838098948,-89.5010253249
BB21_22,2021,Black Bear,13-Sep-21,Hunting,Carney,Menominee,M,2008,46.4988611425,-85.146123571
BB21_21,2021,Black Bear,1-Oct-21,Hunting,Newberry,Schoolcraft,M,2018,46.0654850399,-88.3149112701
BB21_19,2021,Black Bear,17-Sep-21,Hunting,Newberry,Schoolcraft,F,2012,46.0061432286,-86.814608141
BB21_20,2021,Black Bear,9-Sep-21,Hunting,Newberry,Schoolcraft,M,2019,46.6435590174,-85.0837059184
BB21_26,2021,Black Bear,27-Sep-21,Hunting,Carney,Menominee,F,2020,46.6732473705,-85.2290418143
BB21_25,2021,Black Bear,13-Sep-21,Hunting,Newberry,Schoolcraft,F,2005,46.5996627507,-89.5630247492
BB21_27,2021,Black Bear,8-Sep-21,Hunting,Carney,Menominee,M,2019,45.3248783244,-87.5039617832
BB21_28,2021,Black Bear,13-Sep-21,Hunting,Newberry,Schoolcraft,F,2016,46.8084804845541,-87.8545778130462
BB21_29,2021,Black Bear,13-Sep-21,Hunting,Newberry,Schoolcraft,M,2020,46.8084804845541,-87.8545778130462
BB21_30,2021,Black Bear,13-Oct-21,Hunting,Newberry,Schoolcraft,F,2021,45.643593548,-87.7478291195
BB21_32,2021,Black Bear,27-Sep-21,Hunting,Newberry,Alger,F,2019,46.6282090761,-85.9166932476
BB21_31,2021,Black Bear,13-Sep-21,Hunting,Newberry,Schoolcraft,F,2021,45.8909565621,-87.7484134182
BB21_34,2021,Black Bear,20-Sep-21,Hunting,Newberry,Schoolcraft,U,2020,46.8083959241307,-88.1079799550817
BB21_33,2021,Black Bear,12-Sep-21,Hunting,Gwinn,Alger,F,2019,46.5856480523,-87.5208793446
BB21_35,2021,Black Bear,18-Sep-21,Hunting,Newberry,Alger,M,2018,45.4109912851,-87.3996352855
BB21_39,2021,Black Bear,12-Sep-21,Hunting,Gwinn,Alger,F,2020,45.7606390596,-87.1730263668
BB21_36,2021,Black Bear,9-Sep-21,Hunting,Gwinn,Alger,M,2018,46.0940166671,-87.4399189398
BB21_38,2021,Black Bear,15-Sep-21,Hunting,Newberry,Mackinac,F,2019,46.6865052907,-88.5848622564
BB21_37,2021,Black Bear,13-Sep-21,Hunting,Newberry,Alger,F,2017,46.5996329844,-86.1672728217
BB21_40,2021,Black Bear,6-Oct-21,Hunting,Newberry,Chippewa,M,2019,46.1375489177,-87.3772976166
BB21_42,2021,Black Bear,28-Sep-21,Hunting,Newberry,Alger,F,2020,46.6139564296,-85.7296702059
BB21_41,2021,Black Bear,15-Sep-21,Hunting,Newberry,Alger,M,2021,45.5870392055,-87.5010591726
BB21_43,2021,Black Bear,3-Oct-21,Hunting,Newberry,Schoolcraft,M,2019,46.1513852491,-85.6656435845
BB21_44,2021,Black Bear,15-Sep-21,Hunting,Newberry,Mackinac,M,2019,46.744334027,-89.5626192254
BB21_45,2021,Black Bear,9-Sep-21,Hunting,Newberry,Alger,M,2018,45.4853037438,-87.56324394
BB21_46,2021,Black Bear,18-Sep-21,Hunting,Newberry,Schoolcraft,M,2019,45.5157605288,-87.3173828798
BB21_48,2021,Black Bear,13-Sep-21,Hunting,Newberry,Schoolcraft,F,2019,46.3547730847,-86.8767347127
BB21_49,2021,Black Bear,13-Sep-21,Hunting,Newberry,Schoolcraft,M,2021,46.455125407,-85.4791153688
BB21_47,2021,Black Bear,14-Sep-21,Hunting,Newberry,Schoolcraft,M,2017,46.6861118333,-89.9793081734
BB21_50,2021,Black Bear,14-Sep-21,Hunting,Carney,Menominee,M,2020,46.7016398972,-85.3738831609
BB21_51,2021,Black Bear,10-Sep-21,Hunting,Newberry,Alger,M,2020,46.4983498277,-85.5209072955
BB21_52,2021,Black Bear,13-Sep-21,Hunting,Newberry,Schoolcraft,M,2019,46.21015555,-87.5848871192
BB21_53,2021,Black Bear,9-Sep-21,Hunting,Carney,Menominee,M,2012,46.382489204,-84.7287877342
BB21_54,2021,Black Bear,9-Sep-21,Hunting,Bergland,Gogebic,M,2020,45.716940576,-87.2332906822
BB21_55,2021,Black Bear,17-Sep-21,Hunting,Carney,Menominee,M,2020,46.4119212631,-85.1041492753
BB21_56,2021,Black Bear,13-Sep-21,Hunting,Gwinn,Delta,F,2019,46.7099683243623,-87.5831218880722
BB21_58,2021,Black Bear,16-Sep-21,Hunting,Gwinn,Alger,M,2019,46.1379581619,-88.7310520459
BB21_57,2021,Black Bear,10-Sep-21,Hunting,Newberry,Alger,M,2020,45.7740148752,-86.9257753842
BB21_59,2021,Black Bear,26-Sep-21,Hunting,Newberry,Schoolcraft,F,2016,46.5286488235,-87.8552559929
BB21_963,2021,Black Bear,15-Sep-21,Hunting,Amasa,Dickinson,M,2021,46.7870202472,-87.8647795108
BB21_960,2021,Black Bear,8-Sep-21,Hunting,Carney,Menominee,M,2020,46.4696605710022,-84.1999572165073
BB21_973,2021,Black Bear,13-Oct-21,Hunting,Newberry,Luce,M,2018,46.3814804849,-85.9592469391
BB21_965,2021,Black Bear,9-Sep-21,Hunting,Newberry,Schoolcraft,M,2019,46.4275743464,-87.148122412
BB21_961,2021,Black Bear,11-Sep-21,Hunting,Carney,Menominee,F,2012,45.6157353916,-87.4394244974
BB21_964,2021,Black Bear,9-Sep-21,Hunting,Newberry,Luce,M,2019,46.527754496,-89.9797420473
BB21_962,2021,Black Bear,14-Sep-21,Hunting,Newberry,Alger,M,2019,45.8912874372,-87.1732397552
BB21_966,2021,Black Bear,4-Oct-21,Hunting,Carney,Dickinson,F,2021,46.194405813,-86.2093242673
BB21_959,2021,Black Bear,24-Sep-21,Hunting,Carney,Menominee,M,2019,46.5128366547,-89.6885526354
BB21_970,2021,Black Bear,19-Oct-21,Hunting,Newberry,Alger,M,2018,45.9639845572,-87.9398380746
BB21_977,2021,Black Bear,21-Sep-21,Hunting,Gwinn,Alger,M,2020,46.4841995985,-89.6677961169
BB21_969,2021,Black Bear,4-Oct-21,Hunting,Newberry,Alger,M,2019,46.7099683243623,-87.5831218880722
BB21_974,2021,Black Bear,24-Sep-21,Hunting,Gwinn,Alger,F,2018,46.1811807822,-87.5850518168
BB21_968,2021,Black Bear,17-Sep-21,Hunting,Newberry,Luce,M,2017,46.6005165767,-85.4376522137
BB21_971,2021,Black Bear,13-Nov-21,Hunting,Newberry,Schoolcraft,F,2015,46.5554953082,-85.8547376602
BB21_972,2021,Black Bear,13-Sep-21,Hunting,Gwinn,Alger,M,2020,46.3547984203,-86.9808213238
BB21_967,2021,Black Bear,21-Oct-21,Hunting,Carney,Menominee,F,2018,46.1222113486,-86.0633863952
BB21_982,2021,Black Bear,14-Sep-21,Hunting,Newberry,Schoolcraft,M,2020,46.600116014,-87.541563843
BB21_979,2021,Black Bear,9-Sep-21,Hunting,Gwinn,Alger,F,2021,46.2522368478,-85.7924545027
BB21_978,2021,Black Bear,8-Sep-21,Hunting,Newberry,Schoolcraft,F,2017,46.0345048663,-86.5207342478
BB21_981,2021,Black Bear,18-Sep-21,Hunting,Newberry,Schoolcraft,M,2019,45.4718722569,-87.7698495537
BB21_976,2021,Black Bear,10-Sep-21,Hunting,Amasa,Iron,F,2020,46.2967206688,-87.105974115
BB21_975,2021,Black Bear,9-Sep-21,Hunting,Carney,Menominee,M,2017,46.4264360824,-85.1044100601
BB21_980,2021,Black Bear,10-Sep-21,Hunting,Newberry,Schoolcraft,F,2019,46.1525974578,-88.6271514544
BB21_983,2021,Black Bear,13-Sep-21,Hunting,Carney,Menominee,M,2019,46.2964819742,-85.1449188306
BB21_984,2021,Black Bear,10-Sep-21,Hunting,Carney,Menominee,M,2020,46.3391047216,-84.9995435728
BB21_989,2021,Black Bear,24-Sep-21,Hunting,Newberry,Schoolcraft,F,2019,46.3699022302,-87.6042748486
BB21_985,2021,Black Bear,16-Sep-21,Hunting,Carney,Menominee,M,2019,46.2957310933,-84.6241022751
BB21_990,2021,Black Bear,8-Sep-21,Hunting,Newberry,Schoolcraft,M,2013,45.919127528,-86.7735801716
BB21_987,2021,Black Bear,16-Sep-21,Hunting,Newberry,Mackinac,F,2021,46.4553306119,-85.1876527678
BB21_986,2021,Black Bear,16-Sep-21,Hunting,Carney,Menominee,M,2020,46.397372584,-85.4583861676
BB21_988,2021,Black Bear,22-Sep-21,Hunting,Newberry,Schoolcraft,M,2013,46.1809795427,-87.3352985384
BB21_996,2021,Black Bear,18-Sep-21,Hunting,Baraga,Baraga,M,2020,46.2972436053,-87.5637124524
BB21_994,2021,Black Bear,8-Sep-21,Hunting,Newberry,Luce,F,2018,47.2503743346,-88.2040866465
BB21_997,2021,Black Bear,3-Oct-21,Hunting,Newberry,Luce,F,2019,46.3814804849,-85.9592469391
BB21_995,2021,Black Bear,8-Sep-21,Hunting,Newberry,Schoolcraft,M,2019,45.9927591108,-87.4818481116
BB21_998,2021,Black Bear,2-Oct-21,Hunting,Newberry,Luce,F,2011,46.311174346,-88.3983545646
BB21_993,2021,Black Bear,18-Oct-21,Hunting,Newberry,Schoolcraft,M,2019,46.2821116559,-86.9804475696
BB21_992,2021,Black Bear,13-Sep-21,Hunting,Carney,Menominee,M,2019,46.4115041096,-85.7294632304
BB21_991,2021,Black Bear,11-Sep-21,Hunting,Carney,Menominee,M,2020,46.3099394833,-84.8742585157
BB21_999,2021,Black Bear,16-Sep-21,Hunting,Carney,Menominee,M,2020,46.2514296448,-86.0215324825
BB21_1006,2021,Black Bear,13-Oct-21,Hunting,Carney,Delta,M,2017,45.2958762708,-87.544046562
BB21_1000,2021,Black Bear,16-Sep-21,Hunting,Carney,Menominee,M,2013,46.4402916734,-85.0000402804
BB21_1003,2021,Black Bear,15-Sep-21,Hunting,Newberry,Alger,F,2008,46.1951508851,-87.1055643825
BB21_1001,2021,Black Bear,8-Sep-21,Hunting,Newberry,Alger,M,2018,46.1363812767,-86.4168370925
BB21_1002,2021,Black Bear,9-Sep-21,Hunting,Newberry,Alger,F,2016,46.0057677424,-86.647219399
BB21_1005,2021,Black Bear,8-Sep-21,Hunting,Newberry,Schoolcraft,F,2017,46.412792989,-88.5436741703
BB21_1004,2021,Black Bear,30-Sep-21,Hunting,Gwinn,Alger,F,2017,46.5274441188,-86.3963392752
BB21_911,2021,Black Bear,27-Sep-21,Hunting,Gwinn,Marquette,M,2018,46.3260391960453,-90.0274639386286
BB21_895,2021,Black Bear,15-Sep-21,Hunting,Gwinn,Marquette,M,2018,46.67198992,-89.7495525143
BB21_903,2021,Black Bear,22-Sep-21,Hunting,Newberry,Luce,F,2020,46.4845478245,-89.5421826869
BB21_892,2021,Black Bear,13-Sep-21,Hunting,Newberry,Schoolcraft,M,2020,46.5997269375,-89.4173854532
BB21_894,2021,Black Bear,15-Sep-21,Hunting,Amasa,Houghton,M,2019,46.5138391306,-88.7108673866
BB21_893,2021,Black Bear,16-Oct-21,Hunting,Baraga,Baraga,M,2020,46.0640390859,-86.6467735491
BB21_890,2021,Black Bear,8-Sep-21,Hunting,Newberry,Chippewa,M,2020,45.3712564388,-87.7332875045
BB21_891,2021,Black Bear,13-Sep-21,Hunting,Newberry,Luce,M,2020,46.643553541,-90.08366109
BB21_902,2021,Black Bear,23-Sep-21,Hunting,Newberry,Chippewa,F,2020,45.2524760957,-87.5218575
BB21_888,2021,Black Bear,9-Sep-21,Hunting,Newberry,Mackinac,M,2019,46.4845621954,-86.4173331301
BB21_889,2021,Black Bear,13-Sep-21,Hunting,Newberry,Mackinac,M,2019,46.6134024306,-85.8749144494
BB21_899,2021,Black Bear,18-Sep-21,Hunting,Newberry,Schoolcraft,F,2019,46.3545102591,-88.9597290421
BB21_901,2021,Black Bear,25-Sep-21,Hunting,Newberry,Mackinac,M,2015,46.4994791184,-88.7314772049
BB21_898,2021,Black Bear,17-Sep-21,Hunting,Newberry,Mackinac,M,2020,46.3405235063,-87.5220571693
BB21_900,2021,Black Bear,9-Sep-21,Hunting,Newberry,Luce,F,2018,46.3681707099,-86.3139988591
BB21_897,2021,Black Bear,14-Sep-21,Hunting,Newberry,Mackinac,F,2011,45.7886671586,-87.6248560786
BB21_896,2021,Black Bear,27-Sep-21,Hunting,Newberry,Schoolcraft,F,2017,46.4839120453,-85.3538903609
BB21_907,2021,Black Bear,26-Sep-21,Hunting,Newberry,Schoolcraft,F,2017,46.3409119577,-87.7302768281
BB21_906,2021,Black Bear,26-Sep-21,Hunting,Newberry,Schoolcraft,F,2003,46.2683782436,-88.8764028275
BB21_909,2021,Black Bear,1-Oct-21,Hunting,Newberry,Chippewa,F,2019,45.5434215109,-87.6865183646
BB21_910,2021,Black Bear,2-Oct-21,Hunting,Newberry,Luce,F,2021,45.5578581125,-87.7069681217
BB21_908,2021,Black Bear,14-Sep-21,Hunting,Newberry,Chippewa,F,2018,47.423797857,-87.8674253686
BB21_905,2021,Black Bear,19-Sep-21,Hunting,Newberry,Luce,F,2017,45.2955653772,-87.5237387007
BB21_904,2021,Black Bear,10-Sep-21,Hunting,Newberry,Schoolcraft,U,2019,46.4625655182708,-86.4275155090876
BB21_917,2021,Black Bear,12-Sep-21,Hunting,Newberry,Chippewa,F,2016,47.0620818603,-88.7115391004
BB21_916,2021,Black Bear,15-Sep-21,Hunting,Newberry,Chippewa,M,2020,46.4995761618,-88.7522195149
BB21_913,2021,Black Bear,18-Sep-21,Hunting,Newberry,Luce,F,2017,46.1656099471,-85.875739231
BB21_912,2021,Black Bear,11-Sep-21,Hunting,Gwinn,Alger,F,2011,46.4845621954,-86.4173331301
BB21_918,2021,Black Bear,17-Sep-21,Hunting,Newberry,Chippewa,F,2019,46.4409489713,-86.4172038305
BB21_919,2021,Black Bear,16-Sep-21,Hunting,Newberry,Chippewa,M,2020,46.8736426311,-88.5195579334
BB21_915,2021,Black Bear,25-Sep-21,Hunting,Newberry,Luce,M,2017,46.2092308699,-85.4984717863
BB21_914,2021,Black Bear,19-Sep-21,Hunting,Newberry,Mackinac,F,2016,45.744496654,-87.7484289393
BB21_924,2021,Black Bear,23-Oct-21,Hunting,Newberry,Chippewa,M,2021,46.2537057153,-87.7095258998
BB21_931,2021,Black Bear,17-Sep-21,Hunting,Newberry,Luce,M,2012,45.6441001813,-87.6251717501
BB21_922,2021,Black Bear,13-Sep-21,Hunting,Newberry,Chippewa,M,2019,47.0180499661,-88.6683411755
BB21_923,2021,Black Bear,16-Oct-21,Hunting,Newberry,Chippewa,M,2021,46.3393147858,-85.3327307065
BB21_927,2021,Black Bear,10-Sep-21,Hunting,Newberry,Chippewa,M,2020,47.1198795592,-88.7747747382
BB21_920,2021,Black Bear,8-Sep-21,Hunting,Newberry,Chippewa,M,2020,46.6285418769,-86.0631673357
BB21_925,2021,Black Bear,24-Sep-21,Hunting,Newberry,Chippewa,M,2012,45.4871950929,-87.358277732
BB21_926,2021,Black Bear,26-Sep-21,Hunting,Newberry,Luce,M,2020,46.442202502,-87.2111833968
BB21_921,2021,Black Bear,8-Sep-21,Hunting,Newberry,Chippewa,M,2018,46.4981388253,-86.1466193172
BB21_929,2021,Black Bear,19-Sep-21,Hunting,Newberry,Luce,F,2020,46.6725583892,-89.1888045721
BB21_928,2021,Black Bear,25-Sep-21,Hunting,Newberry,Chippewa,M,2019,46.6863216997,-88.4598850062
BB21_934,2021,Black Bear,17-Sep-21,Hunting,Newberry,Luce,M,2011,47.0036912255,-88.6680189967
BB21_930,2021,Black Bear,13-Sep-21,Hunting,Newberry,Mackinac,M,2020,46.0054486245,-86.5211775606
BB21_932,2021,Black Bear,8-Sep-21,Hunting,Newberry,Chippewa,M,2020,45.8761527826,-87.4387319683
BB21_1387,2021,Black Bear,13-Oct-21,Hunting,Newberry,Luce,M,2021,46.1948429377,-85.3315130946
BB21_933,2021,Black Bear,13-Sep-21,Hunting,Newberry,Luce,M,2019,46.2103831983,-89.0014499661
BB21_939,2021,Black Bear,18-Sep-21,Hunting,Newberry,Chippewa,M,2013,46.5566411183,-85.145630189
BB21_938,2021,Black Bear,5-Oct-21,Hunting,Newberry,Chippewa,F,2020,45.5289862917,-87.6868125784
BB21_937,2021,Black Bear,3-Oct-21,Hunting,Newberry,Chippewa,F,2015,45.7750194783,-87.5004896626
BB21_936,2021,Black Bear,17-Sep-21,Hunting,Newberry,Chippewa,F,2020,46.4552073386,-85.4162255051
BB21_940,2021,Black Bear,7-Oct-21,Hunting,Newberry,Chippewa,M,2021,46.6728722264,-85.54158
BB21_941,2021,Black Bear,1-Oct-21,Hunting,Newberry,Schoolcraft,M,2020,45.6304984408,-87.4191405805
BB21_942,2021,Black Bear,11-Sep-21,Hunting,Newberry,Chippewa,M,2019,46.8875528622,-88.7525793478
BB21_935,2021,Black Bear,18-Sep-21,Hunting,Newberry,Mackinac,F,2020,45.2093786361,-87.5810322617
BB21_949,2021,Black Bear,30-Sep-21,Hunting,Newberry,Chippewa,F,2020,46.2960834728,-85.5409215371
BB21_943,2021,Black Bear,15-Oct-21,Hunting,Newberry,Luce,M,2020,45.8598642686,-86.3654244896
BB21_948,2021,Black Bear,27-Sep-21,Hunting,Newberry,Chippewa,F,2014,46.1939334546,-84.7699522726
BB21_950,2021,Black Bear,10-Sep-21,Hunting,Newberry,Mackinac,F,2018,46.9890740199,-88.5625166746
BB21_947,2021,Black Bear,1-Oct-21,Hunting,Newberry,Chippewa,F,2020,46.4418898172,-86.9188129254
BB21_946,2021,Black Bear,9-Sep-21,Hunting,Newberry,Chippewa,F,2019,46.411297092,-85.6249586742
BB21_945,2021,Black Bear,11-Sep-21,Hunting,Newberry,Chippewa,F,2019,46.4416736961,-88.6477278152
BB21_944,2021,Black Bear,15-Sep-21,Hunting,Newberry,Mackinac,F,2018,46.1965403470148,-86.1996401628323
BB21_956,2021,Black Bear,26-Sep-21,Hunting,Newberry,Chippewa,F,2016,45.5143473789,-87.6253273558
BB21_955,2021,Black Bear,26-Sep-21,Hunting,Newberry,Chippewa,F,2020,46.2680899074,-88.918106086
BB21_951,2021,Black Bear,8-Sep-21,Hunting,Newberry,Schoolcraft,F,2017,46.2089509629,-85.9382897787
BB21_952,2021,Black Bear,27-Sep-21,Hunting,Newberry,Luce,M,2019,45.5289827871,-87.4600889683
BB21_958,2021,Black Bear,10-Sep-21,Hunting,Newberry,Luce,M,2019,46.4543825126,-86.0004924556
BB21_954,2021,Black Bear,24-Sep-21,Hunting,Newberry,Chippewa,M,2020,46.1228768973,-87.3149203438
BB21_953,2021,Black Bear,13-Sep-21,Hunting,Newberry,Chippewa,F,2017,46.8157461807,-88.8162003009
BB21_957,2021,Black Bear,9-Oct-21,Hunting,Newberry,Luce,M,2021,46.5135841314,-85.1883254255
BB21_144,2021,Black Bear,2-Oct-21,Hunting,Newberry,Chippewa,M,2018,45.8615703035,-87.7075037663
BB21_145,2021,Black Bear,13-Sep-21,Hunting,Newberry,Chippewa,F,2019,47.1056782755,-88.3515493365
BB21_142,2021,Black Bear,11-Sep-21,Hunting,Gwinn,Alger,M,2020,46.2524403431,-84.6240446983
BB21_143,2021,Black Bear,25-Sep-21,Hunting,Newberry,Luce,F,2018,45.4565086055,-87.3375089342
BB21_141,2021,Black Bear,18-Sep-21,Hunting,Newberry,Luce,M,2020,45.6161422812,-87.3167073008
BB21_139,2021,Black Bear,15-Sep-21,Hunting,Newberry,Chippewa,M,2020,47.1780550656,-88.2876721081
BB21_140,2021,Black Bear,11-Sep-21,Hunting,Newberry,Chippewa,F,2020,46.1227866309,-85.707491342
BB21_138,2021,Black Bear,27-Sep-21,Hunting,Newberry,Luce,F,2000,46.4409489713,-86.4172038305
BB21_137,2021,Black Bear,24-Sep-21,Hunting,Newberry,Chippewa,M,2007,45.4420665865,-87.6877195662
BB21_136,2021,Black Bear,4-Oct-21,Hunting,Newberry,Luce,M,2018,45.1522745605,-87.6435024284
BB21_134,2021,Black Bear,13-Sep-21,Hunting,Newberry,Schoolcraft,F,2020,46.1223093037,-86.646694773
BB21_132,2021,Black Bear,28-Sep-21,Hunting,Newberry,Luce,M,2020,46.2966151702,-86.7932759613
BB21_133,2021,Black Bear,10-Sep-21,Hunting,Newberry,Mackinac,M,2019,46.541857587,-86.3755178718
BB21_135,2021,Black Bear,10-Sep-21,Hunting,Newberry,Chippewa,F,2018,47.1341399578,-88.6482896141
BB21_130,2021,Black Bear,26-Sep-21,Hunting,Newberry,Luce,F,2017,46.3836134385,-87.4798015345
BB21_131,2021,Black Bear,17-Oct-21,Hunting,Newberry,Chippewa,M,2021,46.3547609425,-87.064287096
BB21_128,2021,Black Bear,10-Sep-21,Hunting,Newberry,Luce,F,2018,46.338940302,-86.3137188382
BB21_127,2021,Black Bear,30-Sep-21,Hunting,Bergland,Gogebic,M,2017,45.8623263108,-87.3766983938
BB21_126,2021,Black Bear,10-Sep-21,Hunting,Newberry,Luce,M,2020,46.5139158465014,-86.5027273393752
BB21_129,2021,Black Bear,9-Sep-21,Hunting,Newberry,Schoolcraft,M,2016,46.2959007168,-86.3964778668
BB21_124,2021,Black Bear,10-Oct-21,Hunting,Newberry,Luce,F,2019,,
BB21_123,2021,Black Bear,30-Sep-21,Hunting,Newberry,Luce,F,2018,46.1523086291,-87.6473617543
BB21_125,2021,Black Bear,18-Sep-21,Hunting,Newberry,Luce,F,2008,45.4407836411,-87.3583111068
BB21_121,2021,Black Bear,6-Oct-21,Hunting,Newberry,Mackinac,M,2018,46.5421326186,-85.3334625947
BB21_122,2021,Black Bear,27-Sep-21,Hunting,Newberry,Mackinac,M,2020,46.4272038619,-88.6688765385
BB21_120,2021,Black Bear,15-Sep-21,Hunting,Newberry,Schoolcraft,F,2011,46.4987759813,-86.3962479261
BB21_119,2021,Black Bear,25-Sep-21,Hunting,Newberry,Schoolcraft,F,2018,46.2105885011,-88.1905763767
BB21_118,2021,Black Bear,25-Sep-21,Hunting,Newberry,Chippewa,M,2019,45.5006735945,-87.769435873
BB21_117,2021,Black Bear,6-Oct-21,Hunting,Newberry,Chippewa,M,2019,45.5152026277,-87.7691678266
BB21_113,2021,Black Bear,9-Sep-21,Hunting,Newberry,Chippewa,M,2019,46.5137808835,-88.5432977397
BB21_116,2021,Black Bear,6-Oct-21,Hunting,Newberry,Luce,M,2019,46.3098923362,-84.8950728707
BB21_114,2021,Black Bear,8-Sep-21,Hunting,Newberry,Mackinac,F,2019,46.6719845574,-88.7926271946
BB21_115,2021,Black Bear,8-Sep-21,Hunting,Newberry,Chippewa,M,2018,46.5139158465014,-86.5027273393752
BB21_111,2021,Black Bear,26-Sep-21,Hunting,Newberry,Schoolcraft,M,2020,46.0050304373,-86.2098547761
BB21_112,2021,Black Bear,8-Sep-21,Hunting,Newberry,Mackinac,F,2020,46.2094725122,-86.6674402002
BB21_110,2021,Black Bear,14-Sep-21,Hunting,Newberry,Schoolcraft,F,2018,46.4687855226,-85.9592390853
BB21_109,2021,Black Bear,16-Sep-21,Hunting,Newberry,Schoolcraft,F,2020,45.4273575753,-87.708765681
BB21_108,2021,Black Bear,29-Sep-21,Hunting,Newberry,Schoolcraft,M,2018,46.8880866319,-88.5410678586
BB21_107,2021,Black Bear,9-Sep-21,Hunting,Newberry,Mackinac,M,2010,46.5270821179,-86.0634571176
BB21_106,2021,Black Bear,14-Sep-21,Hunting,Newberry,Chippewa,M,2019,46.8010851743,-88.668382138
BB21_105,2021,Black Bear,15-Sep-21,Hunting,Newberry,Chippewa,F,2018,46.4553916964,-89.7509601709
BB21_104,2021,Black Bear,17-Sep-21,Hunting,Newberry,Luce,M,2021,46.7449835915,-88.9791863958
BB21_102,2021,Black Bear,11-Sep-21,Hunting,Newberry,Chippewa,M,2020,46.9463362028,-88.6045167293
BB21_103,2021,Black Bear,11-Sep-21,Hunting,Newberry,Luce,M,2019,46.4844713013,-86.3963592188
BB21_101,2021,Black Bear,14-Sep-21,Hunting,Newberry,Luce,M,2017,46.6719385644,-85.9993038209
BB21_100,2021,Black Bear,8-Sep-21,Hunting,Newberry,Schoolcraft,M,2020,46.2521631177,-86.2926335646
BB21_98,2021,Black Bear,16-Sep-21,Hunting,Newberry,Chippewa,M,2009,47.1925374674,-88.287715094
BB21_99,2021,Black Bear,9-Sep-21,Hunting,Newberry,Mackinac,F,2017,46.1804345405,-86.667138565
BB21_97,2021,Black Bear,19-Sep-21,Hunting,Newberry,Mackinac,M,2019,45.3383576116,-87.4211016723
BB21_95,2021,Black Bear,7-Oct-21,Hunting,Newberry,Luce,F,2019,46.267657253,-87.0853870903
BB21_96,2021,Black Bear,28-Sep-21,Hunting,Gwinn,Marquette,M,2017,46.4107864159,-86.0004674458
BB21_94,2021,Black Bear,,Hunting,Newberry,Schoolcraft,M,2020,46.3670987971,-85.9590423323
BB21_93,2021,Black Bear,7-Oct-21,Hunting,Newberry,Schoolcraft,F,2019,46.3244585428,-84.8536328571
BB21_92,2021,Black Bear,13-Sep-21,Hunting,Newberry,Luce,M,2019,46.5855361084,-89.3345535138
BB21_90,,,,,,,,2021,46.6147009099,-89.0848857536
BB21_91,2021,Black Bear,10-Sep-21,Hunting,Newberry,Luce,F,2019,46.5862448285,-90.3329421854
BB21_89,2021,Black Bear,26-Sep-21,Hunting,Bergland,Ontonagon,F,2019,46.3545631946,-89.7926045734
BB21_88,2021,Black Bear,17-Sep-21,Hunting,Newberry,Mackinac,M,2018,46.1953377327,-87.4396192156
BB21_87,2021,Black Bear,8-Oct-21,Hunting,Newberry,Luce,F,2021,46.4836483579,-85.0420323704
BB21_86,,,,,,,,2021,46.90237995,-88.0762427877
BB21_84,,,,,,,,2021,46.3843646589,-88.0229234712
BB21_85,2021,Black Bear,25-Sep-21,Hunting,Newberry,Luce,F,2021,46.8976558094241,-88.6875288696837
BB21_81,2021,Black Bear,3-Oct-21,Hunting,Newberry,Luce,F,2020,46.2822167272,-86.9597300425
BB21_82,,,,,,,,2021,46.5281646777,-88.877020384
BB21_83,,,,,,,,2021,47.4093551373,-87.9092245863
BB21_79,2021,Black Bear,17-Sep-21,Hunting,Newberry,Luce,F,2018,46.4558018063,-89.5636771528
BB21_80,2021,Black Bear,15-Sep-21,Hunting,Newberry,Luce,M,2020,46.5707340617,-89.4173147926
BB21_78,2021,Black Bear,26-Oct-21,Hunting,Newberry,Luce,M,2019,46.6003918783,-90.2286221396
BB21_76,2021,Black Bear,1-Oct-21,Hunting,Newberry,Luce,M,2019,46.1085881667,-87.5228779286
BB21_77,2021,Black Bear,17-Sep-21,Hunting,Newberry,Chippewa,F,2019,46.7858465592899,-87.6354224215748
BB21_74,2021,Black Bear,26-Sep-21,Hunting,Newberry,Luce,F,2019,46.5712407768,-90.103924794
BB21_73,2021,Black Bear,8-Oct-21,Hunting,Newberry,Luce,F,2018,46.9894075604,-88.5204107734
BB21_72,2021,Black Bear,16-Sep-21,Hunting,Newberry,Luce,F,2017,46.7221631716292,-89.67614066611
BB21_71,2021,Black Bear,10-Sep-21,Hunting,Newberry,Luce,F,2020,46.6285936893,-89.5630448732
BB21_70,2021,Black Bear,16-Sep-21,Hunting,Newberry,Luce,M,2019,46.5562200593,-89.5001855415
BB21_69,2021,Black Bear,1-Oct-21,Hunting,Newberry,Mackinac,M,2020,45.8770043878,-87.3562222331
BB21_68,2021,Black Bear,1-Oct-21,Hunting,Newberry,Mackinac,F,2019,,
BB21_65,2021,Black Bear,30-Sep-21,Hunting,Newberry,Luce,M,2019,45.7006007101,-86.5952370307
BB21_67,2021,Black Bear,13-Sep-21,Hunting,Newberry,Luce,M,2018,46.6871949332,-89.2092877862
BB21_66,2021,Black Bear,12-Oct-21,Hunting,Newberry,Schoolcraft,M,2019,46.8441084855,-88.5834531048
BB21_64,2021,Black Bear,19-Sep-21,Hunting,Newberry,Luce,M,2007,46.4553951968,-89.4804330906
BB21_63,2021,Black Bear,18-Sep-21,Hunting,Newberry,Schoolcraft,F,2019,46.1381575335,-88.2115486625
BB21_62,2021,Black Bear,3-Oct-21,Hunting,Newberry,Luce,M,2019,46.0934122623,-86.9390542964
BB21_61,2021,Black Bear,7-Oct-21,Hunting,Newberry,Luce,M,2018,46.6581528454,-89.3749795478
BB21_1258,2021,Black Bear,3-Oct-21,Hunting,Newberry,Luce,F,2015,46.1664803648,-87.2937489699
BB21_1259,2021,Black Bear,12-Sep-21,Hunting,Newberry,Mackinac,M,2019,46.62913297,-88.5848280938
BB21_1248,2021,Black Bear,25-Sep-21,Hunting,Newberry,Luce,M,2015,46.4088698578587,-89.69441585395
BB21_1250,2021,Black Bear,12-Sep-21,Hunting,Newberry,Chippewa,F,2017,46.5857455904,-85.4374666261
BB21_1251,2021,Black Bear,10-Sep-21,Hunting,Newberry,Luce,F,2016,47.2214270114,-88.39407927
BB21_1249,2021,Black Bear,8-Sep-21,Hunting,Newberry,Luce,F,2018,46.0934847432,-85.9793461773
BB21_1242,2021,Black Bear,8-Sep-21,Hunting,Newberry,Mackinac,M,2017,47.3659452914,-88.0353882157
BB21_1243,2021,Black Bear,10-Sep-21,Hunting,Newberry,Luce,M,2021,46.6643869921739,-89.3149803028317
BB21_60,2021,Black Bear,15-Oct-21,Hunting,Newberry,Luce,M,2020,46.9166480417,-88.7107002464
BB21_278,2021,Black Bear,27-Sep-21,Hunting,Bergland,Gogebic,F,2018,46.5996743031,-89.4382294239
BB21_275,2021,Black Bear,28-Sep-21,Hunting,Bergland,Ontonagon,M,2020,46.4415233062,-88.501589224
BB21_279,2021,Black Bear,26-Sep-21,Hunting,Bergland,Gogebic,F,2013,46.3979221504,-89.2928603169
BB21_281,2021,Black Bear,29-Sep-21,Hunting,Bergland,Ontonagon,F,2019,46.3115256733,-89.2097913288
BB21_280,2021,Black Bear,1-Oct-21,Hunting,Bergland,Ontonagon,M,2020,46.1073786188,-84.6865575294
BB21_282,2021,Black Bear,29-Sep-21,Hunting,Bergland,Ontonagon,F,2019,46.3115256733,-89.2097913288
BB21_283,2021,Black Bear,12-Oct-21,Hunting,Gwinn,Dickinson,M,2020,46.3401629246,-86.8143521368
BB21_285,2021,Black Bear,26-Sep-21,Hunting,Bergland,Gogebic,M,2019,46.4416691694,-88.6267253026
BB21_284,2021,Black Bear,26-Sep-21,Hunting,Bergland,Ontonagon,F,2017,45.9479906779,-84.8522691199
BB21_287,2021,Black Bear,7-Oct-21,Hunting,Bergland,Ontonagon,M,2018,46.3548377326,-88.8558344671
BB21_289,2021,Black Bear,3-Oct-21,Hunting,Bergland,Gogebic,M,2020,46.6437455524,-89.0427145537
BB21_286,2021,Black Bear,4-Oct-21,Hunting,Bergland,Gogebic,F,2018,46.7016655028,-89.166865439
BB21_291,2021,Black Bear,26-Sep-21,Hunting,Bergland,Gogebic,M,2018,46.7582292634,-89.4794559826
BB21_288,2021,Black Bear,1-Oct-21,Hunting,Bergland,Gogebic,M,2020,46.8875601418,-88.9006946886
BB21_293,2021,Black Bear,9-Oct-21,Hunting,Bergland,Ontonagon,F,2019,46.5707625678,-89.3963907387
BB21_292,2021,Black Bear,4-Oct-21,Hunting,Bergland,Ontonagon,M,2019,46.4982606591,-85.7301088411
BB21_297,2021,Black Bear,1-Oct-21,Hunting,Bergland,Ontonagon,F,2019,46.7586089644,-89.1048668136
BB21_290,2021,Black Bear,9-Oct-21,Hunting,Amasa,Ontonagon,M,2017,46.687276463,-89.1672846078
BB21_295,2021,Black Bear,24-Oct-21,Hunting,Bergland,Gogebic,M,2017,46.5563343199,-89.396347802
BB21_296,2021,Black Bear,1-Oct-21,Hunting,Baraga,Ontonagon,M,2020,46.6573514552,-89.4595082422
BB21_294,2021,Black Bear,30-Sep-21,Hunting,Bergland,Gogebic,F,2019,46.4987124968,-89.293143346
BB21_299,2021,Black Bear,28-Sep-21,Hunting,Bergland,Ontonagon,M,2020,46.4847143126,-88.8768578012
BB21_300,2021,Black Bear,3-Oct-21,Hunting,Bergland,Ontonagon,M,2020,46.7582292634,-89.4794559826
BB21_298,2021,Black Bear,1-Oct-21,Hunting,Bergland,Ontonagon,M,2020,46.2536923518,-89.0226456811
BB21_301,2021,Black Bear,28-Sep-21,Hunting,Newberry,Mackinac,F,2017,46.815700025,-88.0974549223
BB21_303,2021,Black Bear,13-Oct-21,Hunting,Baraga,Ontonagon,M,2019,46.6147578143,-88.4183874032
BB21_304,2021,Black Bear,24-Oct-21,Hunting,Baraga,Houghton,M,2020,,
BB21_305,2021,Black Bear,27-Sep-21,Hunting,Baraga,Baraga,M,2019,47.0476764894,-88.8386413899
BB21_302,2021,Black Bear,1-Oct-21,Hunting,Bergland,Ontonagon,M,2018,46.7011821417,-89.4379956589
BB21_309,2021,Black Bear,11-Oct-21,Hunting,Bergland,Gogebic,M,2019,46.049732074,-84.4150906809
BB21_308,2021,Black Bear,2-Oct-21,Hunting,Bergland,Gogebic,M,2018,45.9777564455,-84.2080542537
BB21_314,2021,Black Bear,26-Sep-21,Hunting,Carney,Dickinson,F,2021,46.3259940236,-88.6896424154
BB21_307,2021,Black Bear,1-Oct-21,Hunting,Bergland,Gogebic,M,2015,46.6291166983,-89.1259633367
BB21_306,2021,Black Bear,29-Sep-21,Hunting,Baraga,Houghton,F,2020,46.687207445,-89.2300067569
BB21_311,2021,Black Bear,3-Oct-21,Hunting,Amasa,Gogebic,F,2013,46.2971215176,-89.3553604818
BB21_310,2021,Black Bear,7-Oct-21,Hunting,Bergland,Ontonagon,M,2019,46.585305368,-89.7505134985
BB21_313,2021,Black Bear,4-Oct-21,Hunting,Bergland,Gogebic,M,2015,46.5996209131,-89.5837796673
BB21_312,2021,Black Bear,25-Sep-21,Hunting,Bergland,Gogebic,M,2019,46.6145617735,-89.2099616921
BB21_315,2021,Black Bear,16-Oct-21,Hunting,Bergland,Gogebic,F,2017,46.7152831549,-89.5208202613
BB21_316,2021,Black Bear,23-Oct-21,Hunting,Bergland,Gogebic,M,2019,46.4088698578587,-89.69441585395
BB21_317,2021,Black Bear,28-Sep-21,Hunting,Bergland,Gogebic,F,2019,46.3104158746,-86.5220746731
BB21_320,2021,Black Bear,25-Sep-21,Hunting,Gwinn,Dickinson,M,2020,46.4126831949,-88.5646528077
BB21_319,2021,Black Bear,25-Sep-21,Hunting,Carney,Dickinson,M,2019,46.4986741489,-89.8964108302
BB21_321,2021,Black Bear,27-Sep-21,Hunting,Bergland,Gogebic,F,2019,46.687207445,-89.2300067569
BB21_318,2021,Black Bear,9-Oct-21,Hunting,Amasa,Ontonagon,M,2018,46.7450294222,-89.1044517438
BB21_323,2021,Black Bear,11-Oct-21,Hunting,Bergland,Ontonagon,M,2019,46.5706194278,-89.6881170742
BB21_324,2021,Black Bear,27-Sep-21,Hunting,Carney,Dickinson,M,2017,46.281132281,-86.3754151229
BB21_329,2021,Black Bear,30-Sep-21,Hunting,Amasa,Iron,M,2019,46.1088309093,-87.7314475142
BB21_322,2021,Black Bear,10-Oct-21,Hunting,Bergland,Gogebic,M,2020,46.7582137832,-89.6240075986
BB21_327,2021,Black Bear,2-Oct-21,Hunting,Bergland,Gogebic,F,2019,,
BB21_325,2021,Black Bear,1-Oct-21,Hunting,Bergland,Gogebic,M,2020,46.4559300481,-89.0436765008
BB21_328,2021,Black Bear,4-Oct-21,Hunting,Baraga,Houghton,M,2014,46.6140867391,-89.563086452
BB21_326,2021,Black Bear,2-Oct-21,Hunting,Baraga,Baraga,M,2020,46.4552182572,-89.8345630886
BB21_331,2021,Black Bear,28-Sep-21,Hunting,Baraga,Houghton,F,2019,46.3970443243,-85.7085131613
BB21_332,2021,Black Bear,4-Oct-21,Hunting,Newberry,Schoolcraft,M,2019,45.8751756739,-86.7179107545
BB21_333,2021,Black Bear,25-Sep-21,Hunting,Newberry,Mackinac,M,2018,46.3693711933,-89.4179571872
BB21_1280,2021,Black Bear,11-Oct-21,Hunting,Baraga,Ontonagon,M,2018,46.5713475672,-85.4997806828
BB21_1279,2021,Black Bear,1-Oct-21,Hunting,Baraga,Ontonagon,F,2014,46.7446024075,-88.9377833432
BB21_1277,2021,Black Bear,28-Sep-21,Hunting,Bergland,Ontonagon,M,2020,46.7016655028,-89.166865439
BB21_1282,2021,Black Bear,6-Oct-21,Hunting,Newberry,Mackinac,F,2012,46.4402916734,-85.0000402804
BB21_1276,2021,Black Bear,27-Sep-21,Hunting,Bergland,Ontonagon,M,2019,46.5566290552,-89.917163086
BB21_1268,2021,Black Bear,27-Sep-21,Hunting,Bergland,Gogebic,M,2018,46.512924566,-85.3742730661
BB21_1275,2021,Black Bear,27-Sep-21,Hunting,Amasa,Dickinson,F,2016,46.3752414750979,-85.8023496775238
BB21_1278,2021,Black Bear,2-Oct-21,Hunting,Baraga,Houghton,F,2021,46.4550354882,-85.3743055163
BB21_1283,2021,Black Bear,11-Oct-21,Hunting,Newberry,Chippewa,M,2020,46.5708204154,-89.7507308561
BB21_1281,2021,Black Bear,26-Sep-21,Hunting,Newberry,Mackinac,M,2017,46.9527728205557,-88.1568786127364
BB21_1292,2021,Black Bear,1-Oct-21,Hunting,Baraga,Houghton,M,2020,46.3402652722,-89.1892996799
BB21_1289,2021,Black Bear,5-Oct-21,Hunting,Bergland,Gogebic,M,2019,46.4560983951,-88.7314370296
BB21_1290,2021,Black Bear,7-Oct-21,Hunting,Baraga,Ontonagon,F,2019,46.8950916268769,-88.7423587579867
BB21_1285,2021,Black Bear,26-Sep-21,Hunting,Bergland,Gogebic,M,2017,46.2827193327,-89.1262924027
BB21_1286,2021,Black Bear,26-Oct-21,Hunting,Baraga,Houghton,M,2019,46.7866909309,-89.6192943766
BB21_1291,2021,Black Bear,26-Sep-21,Hunting,Newberry,Chippewa,M,2020,46.6864682764,-88.6053654464
BB21_1287,2021,Black Bear,29-Sep-21,Hunting,Baraga,Houghton,M,2018,46.2536427295,-89.3966185244
BB21_1284,2021,Black Bear,22-Oct-21,Hunting,Baraga,Keweenaw,M,2018,46.0930025749,-84.7895089831
BB21_1288,2021,Black Bear,28-Sep-21,Hunting,Bergland,Ontonagon,F,2020,46.6291093882,-89.1678397551
BB21_1296,2021,Black Bear,28-Sep-21,Hunting,Baraga,Houghton,F,2018,46.9020921276,-88.9219487846
BB21_1293,2021,Black Bear,16-Oct-21,Hunting,Baraga,Houghton,M,2020,46.6643869921739,-89.3149803028317
BB21_1298,2021,Black Bear,4-Oct-21,Hunting,Bergland,Ontonagon,M,2020,46.6289123667,-89.7922835377
BB21_1299,2021,Black Bear,2-Oct-21,Hunting,Newberry,Mackinac,M,2018,46.3687414223,-85.2287733492
BB21_1294,2021,Black Bear,17-Oct-21,Hunting,Bergland,Ontonagon,M,2020,46.3251726511,-85.2081252388
BB21_1295,2021,Black Bear,26-Oct-21,Hunting,Baraga,Houghton,F,2019,46.6291497589,-89.3751825097
BB21_1297,2021,Black Bear,28-Sep-21,Hunting,Bergland,Ontonagon,F,2016,46.5569974768,-88.6476119258
BB21_1305,2021,Black Bear,3-Oct-21,Hunting,Bergland,Gogebic,M,2019,46.4552182572,-89.8345630886
BB21_1307,2021,Black Bear,23-Sep-21,Hunting,Newberry,Luce,F,2015,46.5995811798,-89.6247835252
BB21_1304,2021,Black Bear,27-Sep-21,Hunting,Bergland,Gogebic,M,2021,46.6869241659,-89.3342369439
BB21_1302,2021,Black Bear,24-Oct-21,Hunting,Bergland,Gogebic,M,2015,46.5281025406,-88.8979356604
BB21_1306,2021,Black Bear,17-Oct-21,Hunting,Bergland,Ontonagon,M,2019,46.1959554536,-89.0222371283
BB21_1301,2021,Black Bear,16-Sep-21,Hunting,Baraga,Keweenaw,M,2018,46.1373122273,-87.1894279692
BB21_1300,2021,Black Bear,7-Oct-21,Hunting,Baraga,Keweenaw,F,2016,46.2104551728,-88.3776850624
BB21_1303,2021,Black Bear,24-Oct-21,Hunting,Gwinn,Marquette,M,2019,46.12328591,-88.44014099
BB21_1309,2021,Black Bear,29-Sep-21,Hunting,Baraga,Keweenaw,M,2019,46.7308501558,-89.1249538401
BB21_1313,2021,Black Bear,1-Oct-21,Hunting,Baraga,Baraga,M,2017,46.6719597137,-88.7716614022
BB21_1386,2021,Black Bear,5-Oct-21,Hunting,Bergland,Ontonagon,F,2020,46.7582134494,-89.4591562625
BB21_1308,2021,Black Bear,15-Sep-21,Hunting,Baraga,Keweenaw,F,2016,45.8479343321,-87.1930920081
BB21_1376,2021,Black Bear,14-Oct-21,Hunting,Baraga,Keweenaw,M,2020,46.2033002828551,-87.9293972664172
BB21_1312,2021,Black Bear,16-Sep-21,Hunting,Baraga,Keweenaw,F,2018,46.5129420958,-89.4595562274
BB21_1310,2021,Black Bear,29-Sep-21,Hunting,Baraga,Keweenaw,F,2011,46.844465932,-88.6469254848
BB21_1311,2021,Black Bear,26-Sep-21,Hunting,Bergland,Gogebic,F,2021,46.0207747359,-84.5809352242
BB21_1322,2021,Black Bear,16-Oct-21,Hunting,Amasa,Ontonagon,M,2017,46.3259501363,-89.9593030637
BB21_1321,2021,Black Bear,22-Sep-21,Hunting,Bergland,Ontonagon,M,2020,46.5133126738,-88.293430786
BB21_1317,2021,Black Bear,25-Sep-21,Hunting,Baraga,Keweenaw,F,2020,46.3834950317,-89.0639546969
BB21_1314,2021,Black Bear,25-Sep-21,Hunting,Baraga,Ontonagon,M,2019,45.9785737229,-88.2940948452
BB21_1320,2021,Black Bear,27-Sep-21,Hunting,Baraga,Marquette,M,2019,46.3982591137,-88.6274263962
BB21_1316,2021,Black Bear,28-Sep-21,Hunting,Baraga,Keweenaw,F,2019,46.2971438336,-89.751181023
BB21_1318,2021,Black Bear,11-Oct-21,Hunting,Gwinn,Dickinson,M,2018,46.7153895423,-88.8955907646
BB21_1315,2021,Black Bear,15-Sep-21,Hunting,Baraga,Houghton,M,2019,46.730121988,-89.33408279
BB21_1319,2021,Black Bear,26-Sep-21,Hunting,Amasa,Baraga,M,2019,47.4240938125,-87.7608309824
BB21_1330,2021,Black Bear,13-Oct-21,Hunting,Bergland,Gogebic,F,2021,46.8950916268769,-88.7423587579867
BB21_1328,2021,Black Bear,16-Sep-21,Hunting,Bergland,Gogebic,F,2020,46.6574456257,-89.5628536356
BB21_1325,2021,Black Bear,17-Sep-21,Hunting,Bergland,Gogebic,M,2020,46.0515403459,-88.2321669517
BB21_1327,2021,Black Bear,28-Sep-21,Hunting,Baraga,Ontonagon,M,2020,46.4700178197,-85.249690728
BB21_1326,2021,Black Bear,8-Oct-21,Hunting,Baraga,Baraga,M,2019,46.5426894906,-88.7104416221
BB21_1323,2021,Black Bear,26-Sep-21,Hunting,Baraga,Keweenaw,M,2020,45.97834016,-87.4820230145
BB21_1329,2021,Black Bear,17-Oct-21,Hunting,Bergland,Ontonagon,M,2020,46.4987124968,-89.293143346
BB21_1324,2021,Black Bear,15-Sep-21,Hunting,Bergland,Gogebic,F,2017,45.7305862186,-87.6665788629
BB21_1332,2021,Black Bear,29-Sep-21,Hunting,Baraga,Keweenaw,F,2018,45.5800933293654,-87.556629461755
BB21_1373,2021,Black Bear,13-Sep-21,Hunting,Bergland,Ontonagon,F,2016,46.3401191045,-89.1473885816
BB21_1338,2021,Black Bear,16-Sep-21,Hunting,Amasa,Gogebic,M,2020,46.6863501752,-88.834528839
BB21_1333,2021,Black Bear,13-Oct-21,Hunting,Baraga,Keweenaw,F,2021,46.0798856381,-88.4608164689
BB21_1334,2021,Black Bear,17-Sep-21,Hunting,Bergland,Gogebic,M,2020,46.3823477735,-86.2305817528
BB21_1335,2021,Black Bear,25-Sep-21,Hunting,Bergland,Gogebic,F,2011,46.2522468962,-84.2488996209
BB21_1336,2021,Black Bear,9-Oct-21,Hunting,Amasa,Baraga,M,2017,46.2537951863,-88.0026532278
BB21_1337,2021,Black Bear,28-Sep-21,Hunting,Baraga,Houghton,F,2020,46.3389299912,-86.3347566025
BB21_1331,2021,Black Bear,14-Sep-21,Hunting,Baraga,Ontonagon,M,2019,46.5562821822,-89.4172179561
BB21_1393,2021,Black Bear,13-Sep-21,Hunting,Gwinn,Marquette,M,2019,46.32601179,-89.2721879795
BB21_352,2021,Black Bear,13-Sep-21,Hunting,Bergland,Ontonagon,F,2019,46.2529070464,-86.604804174
BB21_1392,2021,Black Bear,2-Oct-21,Hunting,Baraga,Houghton,F,2018,46.1525185337,-88.8764539618
BB21_1341,2021,Black Bear,1-Oct-21,Hunting,Amasa,Baraga,M,2019,46.0218693181,-87.9815611465
BB21_1394,2021,Black Bear,2-Oct-21,Hunting,Baraga,Baraga,F,2018,46.0797520729,-88.356771436
BB21_1378,2021,Black Bear,27-Sep-21,Hunting,Baraga,Baraga,M,2019,46.4708293458,-88.0437331144
BB21_1391,2021,Black Bear,21-Sep-21,Hunting,Bergland,Gogebic,F,2004,46.2248006545,-87.8354288044
BB21_1377,2021,Black Bear,7-Oct-21,Hunting,Baraga,Baraga,M,2019,46.5128661268,-89.604826894
BB21_1375,2021,Black Bear,17-Oct-21,Hunting,Amasa,Ontonagon,M,2020,46.3259501363,-89.9593030637
BB21_1343,2021,Black Bear,13-Sep-21,Hunting,Baraga,Houghton,M,2017,46.7442542538,-89.5415858461
BB21_1374,2021,Black Bear,28-Sep-21,Hunting,Baraga,Baraga,M,2019,46.5138652505,-88.6478155492
BB21_1353,2021,Black Bear,13-Sep-21,Hunting,Baraga,Houghton,F,2016,46.0794308997,-85.7276164893
BB21_1344,2021,Black Bear,18-Oct-21,Hunting,Baraga,Keweenaw,M,2020,46.2530818933,-86.7304074977
BB21_1339,2021,Black Bear,25-Sep-21,Hunting,Bergland,Gogebic,F,2020,46.2974977235,-87.8348906069
BB21_1345,2021,Black Bear,1-Oct-21,Hunting,Baraga,Ontonagon,M,2020,46.8590707758,-88.4984968296
BB21_1346,2021,Black Bear,28-Sep-21,Hunting,Baraga,Baraga,M,2020,46.8156887019,-89.5770867314
BB21_1340,2021,Black Bear,13-Oct-21,Hunting,Baraga,Houghton,M,2018,46.2665968222,-84.7910792661
BB21_1354,2021,Black Bear,26-Sep-21,Hunting,Baraga,Houghton,M,2018,46.5561127163,-89.5211580314
BB21_1352,2021,Black Bear,25-Sep-21,Hunting,Baraga,Houghton,F,2019,47.3080355143,-88.1197525569
BB21_1342,2021,Black Bear,25-Sep-21,Hunting,Baraga,Houghton,M,2019,46.51318213,-89.5421441119
BB21_1347,2021,Black Bear,2-Oct-21,Hunting,Baraga,Keweenaw,M,2018,46.6285936893,-89.5630448732
BB21_1348,2021,Black Bear,6-Oct-21,Hunting,Baraga,Houghton,F,2020,46.0209176659,-84.9368086701
BB21_1349,2021,Black Bear,6-Oct-21,Hunting,Baraga,Baraga,M,2020,46.1080484188,-84.1865041575
BB21_1350,2021,Black Bear,3-Oct-21,Hunting,Baraga,Baraga,M,2014,46.4989708489,-84.2069065262
BB21_1351,2021,Black Bear,3-Oct-21,Hunting,Baraga,Houghton,F,2016,46.0370130882,-88.2319497031
BB21_1359,2021,Black Bear,26-Sep-21,Hunting,Baraga,Houghton,M,2019,47.4094662927,-87.8249145821
BB21_1362,2021,Black Bear,23-Sep-21,Hunting,Amasa,Baraga,M,2018,46.2247692247,-87.9186751306
BB21_1360,2021,Black Bear,25-Sep-21,Hunting,Baraga,Houghton,F,2019,46.6006247017,-85.5209888742
BB21_1358,2021,Black Bear,25-Sep-21,Hunting,Baraga,Baraga,F,2020,47.3800688377,-88.3094701437
BB21_1357,2021,Black Bear,26-Sep-21,Hunting,Baraga,Houghton,F,2019,47.4095485179,-87.8036216453
BB21_1361,2021,Black Bear,25-Sep-21,Hunting,Baraga,Houghton,M,2019,46.6435852659,-88.9384269483
BB21_1366,2021,Black Bear,25-Sep-21,Hunting,Baraga,Ontonagon,M,2020,46.195793328,-87.8354444137
BB21_1370,2021,Black Bear,25-Sep-21,Hunting,Bergland,Ontonagon,M,2019,46.0341135954,-86.2303636693
BB21_1356,2021,Black Bear,15-Oct-21,Hunting,Baraga,Houghton,M,2019,46.0933801275,-84.4567300469
BB21_1355,2021,Black Bear,25-Sep-21,Hunting,Bergland,Gogebic,F,2018,46.2679822191,-88.9390081536
BB21_1369,2021,Black Bear,25-Sep-21,Hunting,Baraga,Baraga,M,2017,46.484189581,-85.4584967726
BB21_1365,2021,Black Bear,17-Oct-21,Hunting,Baraga,Houghton,M,2019,46.5564430734,-89.3136809966
BB21_1367,2021,Black Bear,3-Oct-21,Hunting,Baraga,Houghton,M,2020,,
BB21_1364,2021,Black Bear,10-Oct-21,Hunting,Baraga,Houghton,F,2020,46.0800239184,-88.7521788537
BB21_1363,2021,Black Bear,11-Oct-21,Hunting,Baraga,Houghton,M,2018,46.3547538398,-89.7299919966
BB21_1368,2021,Black Bear,25-Sep-21,Hunting,Baraga,Baraga,M,2019,47.4239785885,-87.9513215937
BB21_1371,2021,Black Bear,25-Sep-21,Hunting,Baraga,Houghton,F,2019,46.7864759439,-88.3506898282
BB21_1372,2021,Black Bear,25-Sep-21,Hunting,Baraga,Houghton,M,2003,46.5856736151,-89.1056144518
BB21_337,2021,Black Bear,26-Sep-21,Hunting,Baraga,Houghton,F,2016,46.2835884062,-89.8130179648
BB21_330,2021,Black Bear,12-Oct-21,Hunting,Baraga,Houghton,F,2020,46.1652241346,-84.6031026323
BB21_336,2021,Black Bear,18-Sep-21,Hunting,Baraga,Baraga,M,2014,46.7584205656,-89.6660814631
BB21_334,2021,Black Bear,27-Sep-21,Hunting,Baraga,Baraga,M,2016,46.2683074433,-89.5008288384
BB21_335,2021,Black Bear,2-Oct-21,Hunting,Baraga,Houghton,M,2020,45.9929846968,-87.8148304999
BB21_338,2021,Black Bear,11-Sep-21,Hunting,Baraga,Houghton,M,2020,46.1367899808,-86.6883068417
BB21_339,2021,Black Bear,8-Sep-21,Hunting,Baraga,Houghton,M,2018,46.3699423115,-87.624777938
BB21_341,2021,Black Bear,11-Sep-21,Hunting,Baraga,Houghton,M,2020,46.1367899808,-86.6883068417
BB21_344,2021,Black Bear,8-Sep-21,Hunting,Baraga,Baraga,M,2016,46.3684333815,-85.458070615
BB21_340,2021,Black Bear,8-Sep-21,Hunting,Baraga,Baraga,F,2013,46.0800847774,-87.8982854289
BB21_342,2021,Black Bear,10-Sep-21,Hunting,Bergland,Gogebic,F,2010,46.397372584,-85.4583861676
BB21_345,2021,Black Bear,9-Sep-21,Hunting,Baraga,Houghton,F,2019,46.3539873607,-85.4578252017
BB21_343,2021,Black Bear,11-Sep-21,Hunting,Baraga,Ontonagon,M,2020,46.2105803227,-88.0443698813
BB21_346,2021,Black Bear,13-Sep-21,Hunting,Bergland,Ontonagon,F,2020,46.3689433397,-89.8134159454
BB21_349,2021,Black Bear,12-Sep-21,Hunting,Baraga,Baraga,F,2006,46.2673596952,-85.3943315189
BB21_347,2021,Black Bear,8-Sep-21,Hunting,Baraga,Ontonagon,M,2020,46.3692114374,-87.5003986882
BB21_348,2021,Black Bear,8-Sep-21,Hunting,Baraga,Baraga,F,2015,46.0794247835,-87.0644919322
BB21_353,2021,Black Bear,10-Sep-21,Hunting,Baraga,Baraga,F,2018,46.3692114374,-87.5003986882
BB21_351,2021,Black Bear,13-Sep-21,Hunting,Bergland,Ontonagon,M,2018,46.0785717887,-84.8101800025
BB21_350,2021,Black Bear,13-Sep-21,Hunting,Bergland,Ontonagon,M,2020,46.7858465592899,-87.6354224215748
BB21_358,2021,Black Bear,13-Sep-21,Hunting,Baraga,Baraga,M,2020,46.6643869921739,-89.3149803028317
BB21_355,2021,Black Bear,8-Sep-21,Hunting,Bergland,Gogebic,F,2020,46.7015949877,-85.353942468
BB21_354,2021,Black Bear,8-Sep-21,Hunting,Baraga,Houghton,F,2010,46.1369916812,-86.9179002252
BB21_356,2021,Black Bear,9-Sep-21,Hunting,Baraga,Baraga,M,2018,46.1372414412,-87.2313013286
BB21_357,2021,Black Bear,10-Sep-21,Hunting,Bergland,Ontonagon,M,2018,46.0791062017,-84.1861312344
BB21_361,2021,Black Bear,26-Sep-21,Hunting,Baraga,Baraga,M,2019,46.2677753976,-89.3551595287
BB21_359,2021,Black Bear,8-Sep-21,Hunting,Baraga,Baraga,M,2020,46.4560087933,-88.2109823873
BB21_360,2021,Black Bear,9-Sep-21,Hunting,Bergland,Gogebic,F,2019,46.2390227484,-87.3349434762
BB21_362,2021,Black Bear,23-Sep-21,Hunting,Bergland,Gogebic,M,2020,45.4709681699,-87.5018195964
BB21_363,2021,Black Bear,14-Sep-21,Hunting,Bergland,Gogebic,M,2018,46.238200064,-85.2483584834
BB21_364,2021,Black Bear,13-Sep-21,Hunting,Bergland,Ontonagon,M,2020,46.4258804393,-86.2507030221
BB21_365,2021,Black Bear,16-Sep-21,Hunting,Baraga,Ontonagon,F,2012,46.0343547039,-85.9592596324
BB21_366,2021,Black Bear,8-Sep-21,Hunting,Bergland,Gogebic,F,2019,46.2538793799,-87.5640182751
BB21_368,2021,Black Bear,8-Sep-21,Hunting,Bergland,Gogebic,M,2019,46.2100475443,-87.2931284385
BB21_367,2021,Black Bear,8-Sep-21,Hunting,Bergland,Gogebic,M,2018,46.7865003677,-88.3299006317
BB21_369,2021,Black Bear,8-Sep-21,Hunting,Baraga,Houghton,M,2019,46.3531993963,-85.8751214974
BB21_373,2021,Black Bear,11-Sep-21,Hunting,Bergland,Gogebic,M,2020,46.3246148177,-85.6458236008
BB21_370,2021,Black Bear,13-Sep-21,Hunting,Bergland,Gogebic,M,2018,46.3537056823,-84.7083319069
BB21_372,2021,Black Bear,12-Sep-21,Hunting,Bergland,Gogebic,F,2018,46.8159913554,-89.7035464132
BB21_1089,2021,Black Bear,12-Sep-21,Hunting,Baraga,Ontonagon,F,2010,46.3548344873,-88.6689746293
BB21_1087,2021,Black Bear,14-Sep-21,Hunting,Bergland,Gogebic,M,2018,46.3403000823,-89.959251065
BB21_1086,2021,Black Bear,13-Sep-21,Hunting,Baraga,Ontonagon,M,2020,46.4258804393,-86.2507030221
BB21_1091,2021,Black Bear,8-Sep-21,Hunting,Baraga,Baraga,M,2017,45.6735935845,-87.4799766493
BB21_1088,2021,Black Bear,13-Sep-21,Hunting,Bergland,Gogebic,M,2020,46.3548183041,-89.3967449733
BB21_1093,2021,Black Bear,10-Sep-21,Hunting,Baraga,Baraga,M,2019,46.5136706746,-88.8980563082
BB21_1090,2021,Black Bear,8-Sep-21,Hunting,Bergland,Gogebic,M,2019,46.4839389323,-85.3952642599
BB21_1092,2021,Black Bear,9-Sep-21,Hunting,Baraga,Houghton,F,2020,46.064283017,-86.6885383312
BB21_1106,2021,Black Bear,11-Sep-21,Hunting,Bergland,Gogebic,F,2018,46.3108960576,-85.2288554026
BB21_1100,2021,Black Bear,13-Sep-21,Hunting,Bergland,Gogebic,M,2019,46.4692735341,-85.7298562701
BB21_1095,2021,Black Bear,8-Sep-21,Hunting,Bergland,Gogebic,M,2019,46.2817322741,-85.3734826456
BB21_1099,2021,Black Bear,13-Sep-21,Hunting,Bergland,Gogebic,F,2011,46.7865003677,-88.3299006317
BB21_1101,2021,Black Bear,9-Sep-21,Hunting,Bergland,Gogebic,F,2020,46.4563730631,-88.0437381506
BB21_1097,2021,Black Bear,8-Sep-21,Hunting,Bergland,Ontonagon,U,2007,46.007218059,-87.4608262075
BB21_1098,2021,Black Bear,10-Sep-21,Hunting,Bergland,Gogebic,F,2020,46.3246148177,-85.6458236008
BB21_1094,2021,Black Bear,13-Sep-21,Hunting,Bergland,Ontonagon,F,2020,46.5129483607,-85.5629164491
BB21_1096,2021,Black Bear,9-Sep-21,Hunting,Bergland,Gogebic,F,2017,46.3983891241,-86.710080744
BB21_1108,2021,Black Bear,13-Sep-21,Hunting,Baraga,Baraga,M,2016,46.8585571115,-89.3243380329
BB21_1102,2021,Black Bear,17-Sep-21,Hunting,Bergland,Gogebic,F,2020,46.0779015396,-86.1676787742
BB21_1104,2021,Black Bear,8-Sep-21,Hunting,Bergland,Gogebic,M,2019,47.4238740947,-88.0989544418
BB21_1109,2021,Black Bear,25-Sep-21,Hunting,Baraga,Houghton,F,2018,46.2539175106,-88.2112718934
BB21_1103,2021,Black Bear,8-Sep-21,Hunting,Bergland,Gogebic,M,2020,46.427688873,-87.7297279514
BB21_1105,2021,Black Bear,9-Sep-21,Hunting,Bergland,Gogebic,F,2016,46.5574403639,-87.8131201699
BB21_1107,2021,Black Bear,13-Sep-21,Hunting,Bergland,Ontonagon,F,2014,46.3970122822,-86.3139576475
BB21_1116,2021,Black Bear,25-Sep-21,Hunting,Bergland,Ontonagon,F,2018,45.3839408672,-87.5635169608
BB21_1111,2021,Black Bear,13-Sep-21,Hunting,Bergland,Gogebic,M,2020,46.5143788403,-87.0225278557
BB21_1110,2021,Black Bear,13-Sep-21,Hunting,Bergland,Gogebic,M,2021,46.8010050905,-88.9848502322
BB21_1117,2021,Black Bear,25-Sep-21,Hunting,Bergland,Ontonagon,M,2016,46.5138140464,-88.6897769577
BB21_1115,2021,Black Bear,26-Sep-21,Hunting,Bergland,Ontonagon,M,2019,45.6154284286,-87.686239225
BB21_1114,2021,Black Bear,25-Sep-21,Hunting,Bergland,Gogebic,M,2016,45.744496654,-87.7484289393
BB21_1113,2021,Black Bear,25-Sep-21,Hunting,Bergland,Ontonagon,F,2019,46.6291426947,-88.6054719774
BB21_1112,2021,Black Bear,22-Sep-21,Hunting,Bergland,Gogebic,F,2018,45.9434709016991,-88.052850595947
BB21_1129,2021,Black Bear,25-Sep-21,Hunting,Bergland,Gogebic,M,2020,46.6579769404,-89.8961198492
BB21_1128,2021,Black Bear,23-Sep-21,Hunting,Baraga,Marquette,M,2017,46.5572042152,-88.731314081
BB21_1389,2021,Black Bear,24-Sep-21,Hunting,Amasa,Ontonagon,F,2017,46.2539175106,-88.2112718934
BB21_1124,2021,Black Bear,25-Sep-21,Hunting,Bergland,Gogebic,M,2020,45.9785737229,-88.2940948452
BB21_1122,2021,Black Bear,15-Sep-21,Hunting,Bergland,Ontonagon,F,2021,46.4849193887,-88.2519233162
BB21_1123,2021,Black Bear,16-Sep-21,Hunting,Baraga,Baraga,M,2014,46.2528313982,-85.4990419823
BB21_1118,2021,Black Bear,17-Sep-21,Hunting,Baraga,Houghton,F,2018,46.2970721133,-89.2305032147
BB21_1121,2021,Black Bear,14-Sep-21,Hunting,Baraga,Houghton,F,2014,46.6727727967,-89.1468105462
BB21_1120,2021,Black Bear,18-Sep-21,Hunting,Baraga,Houghton,F,2019,45.9475251451,-84.8730167326
BB21_1119,2021,Black Bear,18-Sep-21,Hunting,Baraga,Houghton,M,2016,46.8007610472,-89.0059944675
BB21_1125,2021,Black Bear,13-Sep-21,Hunting,Baraga,Houghton,F,2020,46.7720781393,-89.4926915265
BB21_1126,2021,Black Bear,13-Sep-21,Hunting,Baraga,Houghton,F,2019,46.5427351883,-88.7314620682
BB21_1127,2021,Black Bear,16-Sep-21,Hunting,Baraga,Baraga,F,2020,46.2684379599,-89.5428225713
BB21_1131,2021,Black Bear,29-Sep-21,Hunting,Baraga,Ontonagon,F,2016,46.5426491692,-88.7935655206
BB21_1132,2021,Black Bear,27-Sep-21,Hunting,Amasa,Ontonagon,F,2018,46.181587181,-87.9399994307
BB21_1130,2021,Black Bear,16-Sep-21,Hunting,Baraga,Houghton,M,2019,45.7329444728,-87.3971632268
BB21_1146,2021,Black Bear,15-Sep-21,Hunting,Baraga,Houghton,F,2018,46.2525343082,-85.540804714
BB21_1139,2021,Black Bear,15-Sep-21,Hunting,Baraga,Baraga,F,2016,46.6643869921739,-89.3149803028317
BB21_1138,2021,Black Bear,15-Sep-21,Hunting,Bergland,Gogebic,F,2014,46.0066537895,-84.228520774
BB21_1136,2021,Black Bear,10-Sep-21,Hunting,Baraga,Houghton,F,2018,45.9469861211,-86.2926357682
BB21_1135,2021,Black Bear,9-Sep-21,Hunting,Baraga,Baraga,M,2020,46.1965403470148,-86.1996401628323
BB21_1137,2021,Black Bear,8-Sep-21,Hunting,Bergland,Ontonagon,M,2019,46.0354411512,-84.9155412591
BB21_1133,2021,Black Bear,15-Sep-21,Hunting,Bergland,Gogebic,M,2018,46.0066279955,-84.1662050036
BB21_1134,2021,Black Bear,19-Sep-21,Hunting,Bergland,Gogebic,F,2017,46.106974387,-84.5815175687
BB21_1140,2021,Black Bear,29-Sep-21,Hunting,Bergland,Ontonagon,M,2020,46.8082087896571,-88.9959872717178
BB21_1148,2021,Black Bear,29-Sep-21,Hunting,Bergland,Ontonagon,M,2020,46.6573833691,-85.7296801219
BB21_1141,2021,Black Bear,6-Oct-21,Hunting,Baraga,Keweenaw,F,2015,46.3962779369,-85.9169805153
BB21_1143,2021,Black Bear,17-Sep-21,Hunting,Bergland,Gogebic,M,2018,46.1814420387,-88.8558769558
BB21_1142,2021,Black Bear,22-Sep-21,Hunting,Baraga,Keweenaw,F,2019,46.1508353813,-84.8108161634
BB21_1145,2021,Black Bear,13-Sep-21,Hunting,Bergland,Gogebic,F,2019,46.8011756423,-88.8798062666
BB21_1144,2021,Black Bear,10-Sep-21,Hunting,Bergland,Ontonagon,M,2015,46.8733765419,-89.0066342347
BB21_1147,2021,Black Bear,25-Sep-21,Hunting,Bergland,Ontonagon,M,2018,46.1813419584,-87.8146759077
BB21_1150,2021,Black Bear,10-Sep-21,Hunting,Baraga,Houghton,M,2017,46.0068433267,-87.2740571835
BB21_1151,2021,Black Bear,13-Sep-21,Hunting,Bergland,Ontonagon,F,2019,47.178076175,-88.3089091699
BB21_1022,2021,Black Bear,16-Sep-21,Hunting,Baraga,Houghton,M,2020,46.0489999683,-86.4372855612
BB21_1018,2021,Black Bear,29-Sep-21,Hunting,Amasa,Marquette,M,2018,46.6921402141754,-85.4041677842021
BB21_1021,2021,Black Bear,17-Sep-21,Hunting,Baraga,Baraga,M,2014,46.1516615422,-87.1265702947
BB21_1020,2021,Black Bear,13-Sep-21,Hunting,Baraga,Houghton,M,2020,46.5707977513,-88.1685241481
BB21_1014,2021,Black Bear,11-Sep-21,Hunting,Baraga,Baraga,F,2000,46.4267827148,-89.2510915226
BB21_1015,2021,Black Bear,8-Sep-21,Hunting,Baraga,Houghton,M,2020,46.2827251415,-89.5426394466
BB21_1017,2021,Black Bear,29-Sep-21,Hunting,Baraga,Keweenaw,M,2018,46.2248181478,-88.980750467
BB21_1016,2021,Black Bear,14-Sep-21,Hunting,Baraga,Houghton,F,2019,46.5420196391,-89.8964594226
BB21_1019,2021,Black Bear,8-Sep-21,Hunting,Baraga,Baraga,F,2018,47.4094662927,-87.8249145821
BB21_1024,2021,Black Bear,4-Oct-21,Hunting,Baraga,Keweenaw,F,2019,46.2391551751,-88.939003324
BB21_1026,2021,Black Bear,18-Sep-21,Hunting,Bergland,Gogebic,M,2020,45.7444040947,-87.7891913382
BB21_1023,2021,Black Bear,1-Oct-21,Hunting,Baraga,Keweenaw,M,2017,46.7866486911,-89.0487083295
BB21_1029,2021,Black Bear,29-Sep-21,Hunting,Baraga,Baraga,M,2017,46.0942741251,-87.7313275783
BB21_1025,2021,Black Bear,25-Sep-21,Hunting,Baraga,Keweenaw,F,2018,46.007316924,-88.4195396801
BB21_1028,2021,Black Bear,25-Sep-21,Hunting,Bergland,Ontonagon,M,2019,46.12328591,-88.44014099
BB21_1027,2021,Black Bear,21-Sep-21,Hunting,Bergland,Gogebic,M,2017,45.8309848132,-87.8309062476
BB21_1388,2021,Black Bear,16-Oct-21,Hunting,Bergland,Gogebic,M,2012,46.6643869921739,-89.3149803028317
BB21_1035,2021,Black Bear,9-Sep-21,Hunting,Baraga,Houghton,F,2020,46.0068433267,-87.2740571835
BB21_1030,2021,Black Bear,15-Sep-21,Hunting,Baraga,Ontonagon,F,2016,46.7585101205,-89.687077747
BB21_1033,2021,Black Bear,24-Sep-21,Hunting,Bergland,Gogebic,M,2019,46.2390908301,-88.627171125
BB21_1031,2021,Black Bear,28-Sep-21,Hunting,Baraga,Keweenaw,M,2019,46.369321921,-89.5220097379
BB21_1036,2021,Black Bear,13-Sep-21,Hunting,Bergland,Ontonagon,M,2018,46.2835884062,-89.8130179648
BB21_1037,2021,Black Bear,13-Sep-21,Hunting,Baraga,Houghton,F,2019,47.4094776426,-87.8462601153
BB21_1032,2021,Black Bear,21-Sep-21,Hunting,Bergland,Ontonagon,M,2019,46.3407819959,-88.0020121255
BB21_1034,2021,Black Bear,27-Sep-21,Hunting,Baraga,Baraga,M,2019,47.0475343832,-88.8172320801
BB21_1041,2021,Black Bear,25-Sep-21,Hunting,Bergland,Ontonagon,F,2019,46.29685666,-88.4610126962
BB21_1043,2021,Black Bear,26-Sep-21,Hunting,Bergland,Ontonagon,F,2017,46.1655272653,-86.3132784234
BB21_1045,2021,Black Bear,1-Oct-21,Hunting,Amasa,Ontonagon,M,2019,46.3692620201,-89.584811925
BB21_1039,2021,Black Bear,16-Sep-21,Hunting,Bergland,Ontonagon,M,2020,46.0343547039,-85.9592596324
BB21_1040,2021,Black Bear,26-Sep-21,Hunting,Baraga,Baraga,M,2009,46.1812488495,-87.7522286776
BB21_1042,2021,Black Bear,26-Sep-21,Hunting,Bergland,Ontonagon,F,2019,46.3248926764,-86.3965284885
BB21_1038,2021,Black Bear,24-Sep-21,Hunting,Bergland,Gogebic,M,2017,46.2806026594,-84.3333905309
BB21_1044,2021,Black Bear,19-Sep-21,Hunting,Baraga,Ontonagon,M,2017,46.0501528666,-84.2703307271
BB21_1049,2021,Black Bear,27-Sep-21,Hunting,Baraga,Ontonagon,M,2018,46.4415730577,-88.6060993677
BB21_1052,2021,Black Bear,29-Sep-21,Hunting,Bergland,Ontonagon,F,2021,46.5563343199,-89.396347802
BB21_1050,2021,Black Bear,21-Sep-21,Hunting,Bergland,Ontonagon,M,2020,46.0934847432,-85.9793461773
BB21_1051,2021,Black Bear,21-Sep-21,Hunting,Bergland,Gogebic,F,2020,46.2807099105,-85.9380685448
BB21_1047,2021,Black Bear,25-Sep-21,Hunting,Bergland,Ontonagon,F,2017,46.644326275,-85.2290660476
BB21_1053,2021,Black Bear,28-Sep-21,Hunting,Bergland,Ontonagon,M,2020,46.6719702573,-89.6664041587
BB21_1068,2021,Black Bear,25-Sep-21,Hunting,Bergland,Ontonagon,M,2020,46.2377965441,-86.2928472859
BB21_1064,2021,Black Bear,27-Sep-21,Hunting,Bergland,Gogebic,M,2014,46.4262575608,-85.4162293481
BB21_1066,2021,Black Bear,27-Sep-21,Hunting,Bergland,Ontonagon,M,2021,46.4272397962,-88.7936736288
BB21_1065,2021,Black Bear,26-Sep-21,Hunting,Baraga,Ontonagon,M,2020,46.4994043549,-88.7940355761
BB21_1059,2021,Black Bear,18-Sep-21,Hunting,Bergland,Gogebic,M,2019,46.2807099105,-85.9380685448
BB21_1055,2021,Black Bear,25-Sep-21,Hunting,Bergland,Ontonagon,M,2019,46.1219438971,-84.8733082735
BB21_1058,2021,Black Bear,27-Sep-21,Hunting,Baraga,Ontonagon,F,2017,46.586158798,-88.5012377883
BB21_1046,2021,Black Bear,27-Sep-21,Hunting,Amasa,Baraga,M,2020,47.365509464,-88.3520921592
BB21_1060,2021,Black Bear,29-Sep-21,Hunting,Bergland,Gogebic,F,2021,46.7582134494,-89.4591562625
BB21_1048,2021,Black Bear,26-Sep-21,Hunting,Bergland,Gogebic,M,2019,46.484527196,-89.9592357261
BB21_1057,2021,Black Bear,27-Sep-21,Hunting,Bergland,Ontonagon,M,2019,46.3546066403,-89.8134560998
BB21_1061,2021,Black Bear,28-Sep-21,Hunting,Bergland,Gogebic,F,2021,46.9313463932,-88.8587177969
BB21_1056,2021,Black Bear,26-Sep-21,Hunting,Baraga,Ontonagon,M,2019,46.6434837145,-89.334246856
BB21_1054,2021,Black Bear,28-Sep-21,Hunting,Baraga,Baraga,F,2019,47.0919119061,-88.7339354773
BB21_1077,2021,Black Bear,29-Sep-21,Hunting,Baraga,Houghton,M,2019,46.8876866045,-89.1975179999
BB21_1063,2021,Black Bear,26-Sep-21,Hunting,Baraga,Houghton,M,2020,46.4415006433,-88.8561640315
BB21_1069,2021,Black Bear,30-Sep-21,Hunting,Bergland,Ontonagon,M,2020,46.6581977714,-89.3959956791
BB21_1062,2021,Black Bear,28-Sep-21,Hunting,Baraga,Baraga,F,2016,46.6146097647,-89.1679620021
BB21_1067,2021,Black Bear,27-Sep-21,Hunting,Bergland,Ontonagon,M,2020,46.586158798,-88.5012377883
BB21_1076,2021,Black Bear,29-Sep-21,Hunting,Bergland,Ontonagon,F,2020,46.2536431482,-89.1888314718
BB21_1080,2021,Black Bear,12-Sep-21,Hunting,Bergland,Ontonagon,M,2016,46.5858086489,-90.1453890039
BB21_1070,2021,Black Bear,10-Sep-21,Hunting,Baraga,Baraga,M,2020,46.4265881423,-85.2289825315
BB21_1074,2021,Black Bear,15-Sep-21,Hunting,Bergland,Ontonagon,M,2018,46.0203344607,-84.810226781
BB21_1072,2021,Black Bear,9-Sep-21,Hunting,Gwinn,Alger,M,2020,46.5852466229,-89.7925720599
BB21_1075,2021,Black Bear,20-Oct-21,Hunting,Baraga,Houghton,M,2018,46.8007610472,-89.0059944675
BB21_1071,2021,Black Bear,26-Sep-21,Hunting,Gwinn,Marquette,M,2014,46.6291497589,-89.3751825097
BB21_1073,2021,Black Bear,13-Sep-21,Hunting,Bergland,Gogebic,M,2020,46.4993831207,-90.1664261623
BB21_1084,2021,Black Bear,23-Sep-21,Hunting,Baraga,Houghton,M,2020,47.0180499661,-88.6683411755
BB21_1079,2021,Black Bear,8-Sep-21,Hunting,Bergland,Ontonagon,M,2019,45.948609727,-87.0868883884
BB21_1081,2021,Black Bear,11-Sep-21,Hunting,Bergland,Ontonagon,M,2020,47.4526409298,-87.8672141804
BB21_1082,2021,Black Bear,14-Sep-21,Hunting,Bergland,Ontonagon,M,2020,46.7442794475,-89.6450416811
BB21_1083,2021,Black Bear,17-Sep-21,Hunting,Bergland,Ontonagon,M,2020,46.4554834464,-86.4383794093
BB21_1078,2021,Black Bear,27-Sep-21,Hunting,Baraga,Keweenaw,M,2020,46.2526905102,-85.3321415704
BB21_1085,2021,Black Bear,20-Sep-21,Hunting,Baraga,Ontonagon,F,2016,46.5427119677,-88.8145162976
BB21_1009,2021,Black Bear,13-Sep-21,Hunting,Bergland,Gogebic,M,2020,46.2382715491,-85.3526455234
BB21_1007,2021,Black Bear,13-Sep-21,Hunting,Amasa,Gogebic,M,2019,45.5867901373,-87.7485371965
BB21_1010,2021,Black Bear,13-Sep-21,Hunting,Amasa,Gogebic,M,2020,46.5143788403,-87.0225278557
BB21_1012,2021,Black Bear,30-Sep-21,Hunting,Baraga,Marquette,F,2020,45.9060141384,-87.5858044086
BB21_464,2021,Black Bear,8-Sep-21,Hunting,Gwinn,Marquette,F,2018,46.7723863924,-88.0762062041
BB21_387,2021,Black Bear,9-Sep-21,Hunting,Baraga,Marquette,F,2012,46.687236098,-85.2917888925
BB21_1238,2021,Black Bear,6-Oct-21,Hunting,Gwinn,Marquette,M,2019,46.1363230567,-84.7687594942
BB21_1236,2021,Black Bear,11-Sep-21,Hunting,Baraga,Keweenaw,M,2017,46.2248671741,-87.9815619188
BB21_1241,2021,Black Bear,13-Sep-21,Hunting,Gwinn,Alger,F,2011,46.2376232727,-84.7906893943
BB21_1239,2021,Black Bear,29-Sep-21,Hunting,Amasa,Marquette,F,2020,46.5851023619,-85.6883856659
BB21_1237,2021,Black Bear,8-Sep-21,Hunting,Gwinn,Marquette,F,2017,46.3391644394,-85.708670415
BB21_1244,2021,Black Bear,29-Sep-21,Hunting,Gwinn,Marquette,F,2019,46.2821738599,-86.897107818
BB21_1240,2021,Black Bear,19-Sep-21,Hunting,Gwinn,Marquette,M,2020,46.0342707583,-86.1680353463
BB21_1247,2021,Black Bear,8-Sep-21,Hunting,Baraga,Marquette,M,2019,47.1198795592,-88.7747747382
BB21_1252,2021,Black Bear,8-Sep-21,Hunting,Bergland,Ontonagon,M,2020,46.3832143251,-86.5004482908
BB21_1255,2021,Black Bear,28-Sep-21,Hunting,Gwinn,Alger,F,2020,46.2245739093,-87.2513958789
BB21_1257,2021,Black Bear,9-Sep-21,Hunting,Newberry,Schoolcraft,M,2017,46.6869311729,-88.9378478258
BB21_1256,2021,Black Bear,28-Sep-21,Hunting,Baraga,Baraga,M,2018,46.0063352661,-86.8983187
BB21_1245,2021,Black Bear,27-Sep-21,Hunting,Baraga,Baraga,M,2020,46.1079176521,-86.6675560365
BB21_1246,2021,Black Bear,14-Sep-21,Hunting,Newberry,Alger,F,2018,46.3762173456147,-89.927627240184
BB21_1253,2021,Black Bear,11-Sep-21,Hunting,Bergland,Ontonagon,F,2020,46.3832143251,-86.5004482908
BB21_1254,2021,Black Bear,13-Sep-21,Hunting,Bergland,Ontonagon,M,2020,46.0799343596,-88.2943152174
BB21_1263,2021,Black Bear,13-Sep-21,Hunting,Baraga,Baraga,M,2012,46.6146152717,-88.9178402768
BB21_1261,2021,Black Bear,9-Sep-21,Hunting,Amasa,Baraga,M,2019,46.4411801346,-90.0002858695
BB21_1264,2021,Black Bear,10-Sep-21,Hunting,Baraga,Marquette,F,2021,47.4383040215,-88.0149222817
BB21_1262,2021,Black Bear,11-Sep-21,Hunting,Baraga,Marquette,M,2018,46.5131732346,-89.9592882135
BB21_1260,2021,Black Bear,8-Sep-21,Hunting,Baraga,Keweenaw,M,2016,45.9928559594,-88.3566522981
BB21_1265,2021,Black Bear,10-Sep-21,Hunting,Amasa,Baraga,F,2019,46.6291093882,-89.1678397551
BB21_1270,2021,Black Bear,16-Sep-21,Hunting,Gwinn,Delta,M,2019,45.8318787693,-87.7692347211
BB21_1008,2021,Black Bear,15-Sep-21,Hunting,Bergland,Ontonagon,M,2016,46.4556762638,-89.3970811337
BB21_381,2021,Black Bear,28-Sep-21,Hunting,Newberry,Luce,F,2018,46.3980230111,-89.9590902203
BB21_382,2021,Black Bear,27-Sep-21,Hunting,Gwinn,Alger,F,2020,46.1514404769,-86.8554042484
BB21_383,2021,Black Bear,29-Sep-21,Hunting,Newberry,Luce,F,2018,46.1514115429,-86.8970067639
BB21_384,2021,Black Bear,8-Oct-21,Hunting,Baraga,Marquette,M,2020,46.3828601279,-85.4582611556
BB21_385,2021,Black Bear,9-Sep-21,Hunting,Baraga,Marquette,M,2019,46.4564908366,-87.0433226069
BB21_386,2021,Black Bear,25-Sep-21,Hunting,Baraga,Ontonagon,F,2021,46.1227030888,-87.1686964015
BB21_387,2021,Black Bear,9-Sep-21,Hunting,Baraga,Marquette,F,2012,46.3978544807,-89.1890561833
BB21_388,2021,Black Bear,16-Oct-21,Hunting,Newberry,Alger,M,2016,45.6723382155,-87.7071456612
BB21_389,2021,Black Bear,13-Sep-21,Hunting,Newberry,Alger,M,2017,45.4286001393,-87.8120212831
BB21_390,2021,Black Bear,25-Sep-21,Hunting,Newberry,Mackinac,F,2020,46.8300015018,-88.5410865271
BB21_391,2021,Black Bear,6-Oct-21,Hunting,Carney,Menominee,M,2020,46.7452779158,-85.2490598137
BB21_392,2021,Black Bear,17-Sep-21,Hunting,Carney,Menominee,M,2019,46.1943621873,-84.4573501908
BB21_393,2021,Black Bear,6-Oct-21,Hunting,Gwinn,Marquette,M,2020,46.3547839129,-87.5008055445
BB21_394,2021,Black Bear,18-Sep-21,Hunting,Carney,Menominee,F,2019,46.396755643,-84.9587306989
BB21_395,2021,Black Bear,10-Oct-21,Hunting,Carney,Menominee,M,2020,46.6139564296,-85.7296702059
BB21_396,2021,Black Bear,8-Sep-21,Hunting,Carney,Menominee,M,2020,46.4553306119,-85.1876527678
BB21_397,2021,Black Bear,9-Oct-21,Hunting,Gwinn,Alger,F,2018,46.6139220128,-89.5000687279
BB21_398,2021,Black Bear,22-Oct-21,Hunting,Carney,Dickinson,M,2019,46.6293600355,-85.541914077
BB21_399,2021,Black Bear,15-Sep-21,Hunting,Carney,Menominee,M,2018,46.1367984051,-84.956971354
BB21_400,2021,Black Bear,26-Sep-21,Hunting,Carney,Menominee,F,2020,46.4117627461,-85.1457530574
BB21_401,2021,Black Bear,25-Sep-21,Hunting,Carney,Menominee,F,2017,46.2809487727,-84.8742877978
BB21_402,2021,Black Bear,10-Sep-21,Hunting,Carney,Menominee,F,2020,46.1802480049,-85.7926645926
BB21_403,2021,Black Bear,28-Sep-21,Hunting,Newberry,Luce,M,2019,47.1488725816,-88.6901839875
BB21_1271,2021,Black Bear,16-Sep-21,Hunting,Gwinn,Marquette,F,2019,46.7869791938,-88.0551150785
BB21_404,2021,Black Bear,12-Sep-21,Hunting,Baraga,Marquette,F,2015,46.4425329442,-87.8345815329
BB21_405,2021,Black Bear,28-Sep-21,Hunting,Newberry,Luce,F,2018,46.6719572294,-89.6875988215
BB21_406,2021,Black Bear,11-Sep-21,Hunting,Carney,Delta,M,2014,46.5129404423,-89.4176488426
BB21_407,2021,Black Bear,14-Sep-21,Hunting,Newberry,Chippewa,M,2018,47.0332204645,-88.838164325
BB21_408,2021,Black Bear,6-Oct-21,Hunting,Gwinn,Marquette,M,2020,46.092695837,-86.3345133126
BB21_409,2021,Black Bear,10-Sep-21,Hunting,Carney,Menominee,F,2017,45.9906412048,-86.1476977016
BB21_410,2021,Black Bear,3-Oct-21,Hunting,Carney,Menominee,M,2018,46.4402916734,-85.0000402804
BB21_411,2021,Black Bear,13-Sep-21,Hunting,Carney,Menominee,M,2020,46.2665766351,-84.9162343783
BB21_412,2021,Black Bear,14-Oct-21,Hunting,Newberry,Chippewa,M,2018,45.557712379,-87.7481544482
BB21_413,2021,Black Bear,1-Oct-21,Hunting,Carney,Menominee,F,2020,46.3830175548,-85.1874294557
BB21_414,2021,Black Bear,25-Sep-21,Hunting,Gwinn,Marquette,M,2018,46.5137827921,-90.18736402
BB21_415,2021,Black Bear,28-Sep-21,Hunting,Carney,Menominee,F,2020,46.7311098668,-85.227890452
BB21_416,2021,Black Bear,22-Sep-21,Hunting,Amasa,Iron,M,2019,46.4124703221,-89.6674646103
BB21_417,2021,Black Bear,5-Oct-21,Hunting,Carney,Menominee,F,2020,46.5427413195,-85.2292516205
BB21_418,2021,Black Bear,7-Oct-21,Hunting,Gwinn,Dickinson,M,2012,46.0483114932,-86.0217602236
BB21_419,2021,Black Bear,16-Sep-21,Hunting,Amasa,Iron,F,2020,46.137663869,-88.5233626803
BB21_420,2021,Black Bear,25-Sep-21,Hunting,Carney,Menominee,M,2019,46.4260937232,-84.4581077017
BB21_421,2021,Black Bear,15-Oct-21,Hunting,Carney,Menominee,F,2020,46.5856542754,-85.1457439279
BB21_422,2021,Black Bear,18-Sep-21,Hunting,Carney,Menominee,M,2017,46.0819035724909,-85.0973384473911
BB21_423,2021,Black Bear,12-Sep-21,Hunting,Carney,Menominee,F,2001,46.3814804849,-85.9592469391
BB21_424,2021,Black Bear,13-Oct-21,Hunting,Gwinn,Marquette,M,2019,47.3945386997,-88.2475025523
BB21_425,2021,Black Bear,21-Oct-21,Hunting,Carney,Dickinson,M,2019,46.2520009428,-84.3115555088
BB21_379,2021,Black Bear,14-Sep-21,Hunting,Amasa,Iron,M,2018,46.2392778109,-89.2301830995
BB21_426,2021,Black Bear,18-Oct-21,Hunting,Amasa,Iron,F,2017,46.4110376514,-85.8752091047
BB21_427,2021,Black Bear,4-Oct-21,Hunting,Newberry,Mackinac,M,2017,46.412543278,-89.0640373626
BB21_428,2021,Black Bear,8-Oct-21,Hunting,Carney,Menominee,M,2015,46.1080484188,-84.1865041575
BB21_429,2021,Black Bear,27-Sep-21,Hunting,Carney,Menominee,M,2013,46.6002698286,-85.2917820778
BB21_430,2021,Black Bear,9-Sep-21,Hunting,Gwinn,Marquette,F,2018,46.4125042653,-89.0432474247
BB21_431,2021,Black Bear,28-Sep-21,Hunting,Carney,Menominee,F,2019,46.4983408382,-85.3951896873
BB21_432,2021,Black Bear,30-Sep-21,Hunting,Carney,Menominee,M,2020,46.3969314216,-85.6875227538
BB21_433,2021,Black Bear,26-Sep-21,Hunting,Gwinn,Marquette,M,2019,46.7864743807,-88.5623580502
BB21_434,2021,Black Bear,10-Sep-21,Hunting,Baraga,Marquette,M,2020,46.6003485584,-88.4183339086
BB21_435,2021,Black Bear,25-Sep-21,Hunting,Amasa,Marquette,M,2019,47.1636841155,-88.3090939378
BB21_436,2021,Black Bear,28-Sep-21,Hunting,Gwinn,Marquette,M,2020,46.4557834415,-89.1264648289
BB21_437,2021,Black Bear,14-Sep-21,Hunting,Baraga,Marquette,M,2018,46.370333994,-87.8345659333
BB21_438,2021,Black Bear,11-Sep-21,Hunting,Baraga,Baraga,M,2018,46.657507987,-85.645945566
BB21_439,2021,Black Bear,25-Sep-21,Hunting,Newberry,Chippewa,M,2017,45.9925657742,-87.1074353356
BB21_440,2021,Black Bear,11-Sep-21,Hunting,Amasa,Iron,F,2019,46.6580056805,-89.4167591635
BB21_441,2021,Black Bear,9-Oct-21,Hunting,Newberry,Luce,M,2019,46.4411610783,-89.2099078091
BB21_442,2021,Black Bear,15-Sep-21,Hunting,Gwinn,Marquette,F,2020,46.3116008766,-89.5007766044
BB21_443,2021,Black Bear,1-Oct-21,Hunting,Gwinn,Alger,F,2011,45.8321364857,-86.8631529804
BB21_444,2021,Black Bear,11-Sep-21,Hunting,Amasa,Marquette,F,2013,46.6145887285,-89.1889192115
BB21_445,2021,Black Bear,26-Sep-21,Hunting,Gwinn,Marquette,F,2020,46.7012601124,-89.3546332403
BB21_446,2021,Black Bear,18-Sep-21,Hunting,Gwinn,Marquette,M,2020,46.0068607085,-87.1907734985
BB21_447,2021,Black Bear,16-Sep-21,Hunting,Baraga,Marquette,M,2018,45.5145816366,-87.5012979231
BB21_448,2021,Black Bear,25-Sep-21,Hunting,Baraga,Marquette,F,2009,46.7866509843,-89.2391302119
BB21_449,2021,Black Bear,11-Sep-21,Hunting,Newberry,Luce,F,2020,46.2668835613,-86.3967509554
BB21_450,2021,Black Bear,8-Sep-21,Hunting,Baraga,Marquette,M,2019,46.7721357052,-89.0059394671
BB21_451,2021,Black Bear,2-Oct-21,Hunting,Newberry,Luce,M,2018,46.0068530912,-87.2949344255
BB21_452,2021,Black Bear,15-Oct-21,Hunting,Baraga,Marquette,F,2017,46.0939038962,-85.7278947949
BB21_453,2021,Black Bear,15-Sep-21,Hunting,Baraga,Marquette,F,2007,46.370333994,-87.8345659333
BB21_454,2021,Black Bear,14-Oct-21,Hunting,Gwinn,Dickinson,M,2020,46.5711070512,-85.5629761058
BB21_455,2021,Black Bear,25-Oct-21,Hunting,Carney,Menominee,M,2018,46.0489759374,-86.4165780753
BB21_456,2021,Black Bear,2-Oct-21,Hunting,Newberry,Schoolcraft,M,2017,46.1513287759,-84.2071874941
BB21_457,2021,Black Bear,10-Sep-21,Hunting,Carney,Menominee,M,2020,46.6863302105,-88.3553957853
BB21_458,2021,Black Bear,7-Oct-21,Hunting,Gwinn,Delta,F,2019,46.1370742754,-85.6654953082
BB21_459,2021,Black Bear,17-Sep-21,Hunting,Newberry,Luce,M,2020,46.455853433,-87.5619575598
BB21_460,2021,Black Bear,11-Sep-21,Hunting,Gwinn,Alger,F,2018,46.8160481357,-89.4922183853
BB21_461,2021,Black Bear,15-Sep-21,Hunting,Baraga,Marquette,M,2021,46.4402266631,-86.2716495515
BB21_462,2021,Black Bear,15-Oct-21,Hunting,Baraga,Marquette,M,2019,46.4542477962,-85.9591156072
BB21_463,2021,Black Bear,10-Sep-21,Hunting,Baraga,Marquette,M,2012,46.4986401678,-89.418048618
BB21_464,2021,Black Bear,8-Sep-21,Hunting,Gwinn,Marquette,F,2018,46.5426491692,-88.7935655206
BB21_465,2021,Black Bear,7-Oct-21,Hunting,Baraga,Marquette,F,2020,46.1078409447,-85.9585264906
BB21_466,2021,Black Bear,26-Sep-21,Hunting,Gwinn,Delta,F,2019,46.9819981000408,-88.8696090926312
BB21_467,2021,Black Bear,13-Sep-21,Hunting,Newberry,Luce,F,2017,46.6580056805,-89.4167591635
BB21_468,2021,Black Bear,11-Sep-21,Hunting,Amasa,Iron,F,2017,46.5419000781,-89.4171197655
BB21_469,2021,Black Bear,6-Oct-21,Hunting,Amasa,Iron,M,2013,46.6285936893,-89.5630448732
BB21_470,2021,Black Bear,8-Sep-21,Hunting,Gwinn,Marquette,F,2010,46.4705212498,-88.5853174798
BB21_471,2021,Black Bear,20-Sep-21,Hunting,Baraga,Marquette,M,2018,46.2815458893,-86.4802029971
BB21_472,2021,Black Bear,25-Sep-21,Hunting,Baraga,Marquette,M,2019,46.5565068003,-86.354929419
BB21_1269,2021,Black Bear,15-Sep-21,Hunting,Gwinn,Marquette,F,2018,46.5718170314,-88.5013465532
BB21_473,2021,Black Bear,13-Oct-21,Hunting,Baraga,Marquette,F,2020,46.931439363,-88.5836892675
BB21_1267,2021,Black Bear,16-Sep-21,Hunting,Newberry,Luce,M,2018,46.6288549739,-88.6471807101
BB21_474,2021,Black Bear,14-Sep-21,Hunting,Gwinn,Alger,M,2018,46.7154778302,-89.5838031347
BB21_475,2021,Black Bear,13-Sep-21,Hunting,Gwinn,Alger,M,2016,46.7015949877,-85.353942468
BB21_1382,2021,Black Bear,8-Oct-21,Hunting,Baraga,Marquette,F,2020,46.0633131182,-86.230187546
BB21_476,2021,Black Bear,27-Sep-21,Hunting,Baraga,Marquette,M,2018,46.1253554071795,-85.4241883496526
BB21_477,2021,Black Bear,26-Sep-21,Hunting,Bergland,Gogebic,M,2020,46.5133576358,-90.0209957989
BB21_478,2021,Black Bear,14-Sep-21,Hunting,Newberry,Delta,M,2013,46.1522575573,-88.4817482131
BB21_479,2021,Black Bear,1-Oct-21,Hunting,Newberry,Schoolcraft,F,2001,46.8880036836,-88.2668085453
BB21_480,2021,Black Bear,10-Oct-21,Hunting,Carney,Dickinson,F,2017,46.1948745367,-85.2690019726
BB21_481,2021,Black Bear,15-Sep-21,Hunting,Gwinn,Marquette,F,2016,46.6002170749,-90.1452984607
BB21_482,2021,Black Bear,8-Sep-21,Hunting,Baraga,Baraga,M,2018,46.5275925818,-89.3140151309
BB21_483,2021,Black Bear,11-Sep-21,Hunting,Gwinn,Delta,M,2019,46.3260157085,-88.0019674349
BB21_484,2021,Black Bear,27-Sep-21,Hunting,Newberry,Chippewa,F,2020,46.4312742943758,-87.6416151841295
BB21_485,2021,Black Bear,13-Sep-21,Hunting,Baraga,Marquette,F,2016,46.7099683243623,-87.5831218880722
BB21_486,2021,Black Bear,12-Sep-21,Hunting,Baraga,Baraga,M,2019,47.2499010227,-88.3517595158
BB21_487,2021,Black Bear,8-Sep-21,Hunting,Gwinn,Delta,M,2019,46.3411648891,-87.6883316788
BB21_488,2021,Black Bear,25-Sep-21,Hunting,Carney,Dickinson,M,2019,45.7760702439,-87.3565894998
BB21_489,2021,Black Bear,25-Sep-21,Hunting,Gwinn,Alger,M,2020,46.5561099821,-89.5631362299
BB21_490,2021,Black Bear,10-Sep-21,Hunting,Gwinn,Delta,M,2017,46.2378048867,-84.4782581747
BB21_491,2021,Black Bear,2-Oct-21,Hunting,Baraga,Marquette,M,2019,46.3540393867,-85.1660436398
BB21_492,2021,Black Bear,10-Sep-21,Hunting,Newberry,Alger,M,2020,46.4836260042,-86.0633081424
BB21_493,2021,Black Bear,16-Sep-21,Hunting,Newberry,Alger,M,2015,46.1213994063,-86.2510350618
BB21_494,2021,Black Bear,18-Sep-21,Hunting,Gwinn,Delta,M,2020,46.2394550764,-88.0235059107
BB21_495,2021,Black Bear,25-Sep-21,Hunting,Baraga,Marquette,M,2020,46.1381902064,-87.9609991976
BB21_496,2021,Black Bear,17-Sep-21,Hunting,Newberry,Luce,M,2018,46.1368740684,-85.1646521435
BB21_497,2021,Black Bear,17-Sep-21,Hunting,Carney,Menominee,M,2018,46.3114744389,-89.6675407077
BB21_1266,2021,Black Bear,16-Sep-21,Hunting,Gwinn,Marquette,F,2018,46.4844341022,-89.8962605817
BB21_498,2021,Black Bear,11-Sep-21,Hunting,Baraga,Houghton,F,2019,46.6576934217,-89.2507432244
BB21_1274,2021,Black Bear,18-Sep-21,Hunting,Gwinn,Delta,F,2018,46.4698048931,-89.7304343358
BB21_499,2021,Black Bear,2-Oct-21,Hunting,Amasa,Iron,F,2016,46.3841461436,-87.5416413886
BB21_500,2021,Black Bear,11-Oct-21,Hunting,Gwinn,Marquette,M,2020,46.3693711933,-89.4179571872
BB21_501,2021,Black Bear,4-Oct-21,Hunting,Carney,Menominee,M,2019,46.3540393867,-85.1660436398
BB21_502,2021,Black Bear,26-Sep-21,Hunting,Amasa,Iron,M,2019,46.4274913899,-87.1063769562
BB21_503,2021,Black Bear,21-Sep-21,Hunting,Gwinn,Marquette,M,2019,46.6719334557,-89.7086994782
BB21_504,2021,Black Bear,8-Sep-21,Hunting,Carney,Menominee,F,2017,46.6147009099,-89.0848857536
BB21_505,2021,Black Bear,17-Aug-21,Hunting,Gwinn,Delta,M,2020,46.3260391960453,-90.0274639386286
BB21_506,2021,Black Bear,15-Sep-21,Hunting,Gwinn,Alger,M,2017,46.5419358962,-89.2305459333
BB21_507,2021,Black Bear,17-Oct-21,Hunting,Gwinn,Alger,M,2020,46.7723831518,-88.8795557599
BB21_508,2021,Black Bear,15-Sep-21,Hunting,Gwinn,Marquette,M,2018,46.2248006545,-87.8354288044
BB21_509,2021,Black Bear,25-Sep-21,Hunting,Amasa,Iron,M,2021,46.8084804845541,-87.8545778130462
BB21_510,2021,Black Bear,26-Sep-21,Hunting,Carney,Delta,M,2019,46.0208588228,-84.9986678113
BB21_511,2021,Black Bear,27-Sep-21,Hunting,Amasa,Marquette,M,2019,47.004040675,-88.8591814209
BB21_512,2021,Black Bear,15-Oct-21,Hunting,Carney,Menominee,F,2020,46.5267374841,-85.834548088
BB21_513,2021,Black Bear,3-Oct-21,Hunting,Gwinn,Delta,M,2019,46.8298319045,-89.0060810655
BB21_514,2021,Black Bear,18-Sep-21,Hunting,Newberry,Delta,M,2018,46.2248080397,-87.7727383422
BB21_515,2021,Black Bear,25-Sep-21,Hunting,Newberry,Luce,M,2019,46.5415459527,-86.2095622301
BB21_516,2021,Black Bear,8-Sep-21,Hunting,Gwinn,Marquette,M,2020,46.1670244243,-87.877376153
BB21_517,2021,Black Bear,22-Sep-21,Hunting,Carney,Menominee,F,2015,45.7751312429,-87.1930795707
BB21_518,2021,Black Bear,10-Sep-21,Hunting,Gwinn,Delta,M,2019,46.2820875151,-87.0643982422
BB21_519,2021,Black Bear,25-Sep-21,Hunting,Amasa,Iron,M,2019,46.6867383263,-88.916804124
BB21_520,2021,Black Bear,15-Sep-21,Hunting,Baraga,Marquette,M,2019,46.0205887334,-86.8146716422
BB21_521,2021,Black Bear,26-Sep-21,Hunting,Carney,Menominee,F,2019,45.7750194783,-87.5004896626
BB21_522,2021,Black Bear,26-Sep-21,Hunting,Newberry,Schoolcraft,F,2020,45.1965989079,-87.6841358457
BB21_523,2021,Black Bear,4-Oct-21,Hunting,Newberry,Luce,M,2018,45.4999886319,-87.5013999282
BB21_524,2021,Black Bear,27-Sep-21,Hunting,Newberry,Luce,M,2019,45.9182296561,-86.5211518697
BB21_525,2021,Black Bear,25-Sep-21,Hunting,Carney,Menominee,F,2018,47.2213545078,-88.3090422711
BB21_526,2021,Black Bear,18-Sep-21,Hunting,Newberry,Chippewa,F,2018,46.5275277412,-89.8140111813
BB21_527,2021,Black Bear,26-Sep-21,Hunting,Newberry,Delta,M,2020,45.964477843,-88.0444549314
BB21_528,2021,Black Bear,2-Oct-21,Hunting,Gwinn,Marquette,M,2017,46.8008935624,-89.344847398
BB21_529,2021,Black Bear,1-Oct-21,Hunting,Gwinn,Delta,M,2019,46.4553741711,-89.688834267
BB21_530,2021,Black Bear,,Hunting,Baraga,Baraga,M,2019,45.8470300625,-87.6252471032
BB21_531,2021,Black Bear,25-Sep-21,Hunting,Amasa,Iron,F,2013,46.1959885068,-88.6063374041
BB21_532,2021,Black Bear,9-Sep-21,Hunting,Gwinn,Marquette,F,2019,47.3950417924,-88.1203220792
BB21_533,2021,Black Bear,13-Sep-21,Hunting,Carney,Delta,F,2017,46.4416235588,-88.7519453757
BB21_1273,2021,Black Bear,13-Sep-21,Hunting,Newberry,Schoolcraft,M,2020,45.5144812668,-87.6870248642
BB21_534,2021,Black Bear,10-Sep-21,Hunting,Newberry,Schoolcraft,F,2019,46.2536431482,-89.1888314718
BB21_535,2021,Black Bear,27-Sep-21,Hunting,Bergland,Gogebic,M,2019,46.39839573,-87.5832745081
BB21_536,2021,Black Bear,3-Oct-21,Hunting,Baraga,Keweenaw,M,2016,46.6000852256,-85.0630681353
BB21_537,2021,Black Bear,3-Oct-21,Hunting,Carney,Menominee,M,2020,46.1668660791,-87.7936968988
BB21_538,2021,Black Bear,27-Sep-21,Hunting,Amasa,Iron,M,2020,46.6873413744,-89.1462703114
BB21_539,2021,Black Bear,13-Sep-21,Hunting,Baraga,Baraga,F,2010,46.7296597897,-87.9809082452
BB21_540,2021,Black Bear,11-Sep-21,Hunting,Carney,Delta,M,2019,46.8879273777,-88.7312897654
BB21_541,2021,Black Bear,18-Sep-21,Hunting,Gwinn,Marquette,F,2019,46.317728528,-90.0159223055
BB21_542,2021,Black Bear,10-Sep-21,Hunting,Baraga,Marquette,M,2019,46.455853433,-87.5619575598
BB21_543,2021,Black Bear,16-Sep-21,Hunting,Amasa,Iron,M,2020,47.3515426744,-88.0776098318
BB21_544,2021,Black Bear,25-Sep-21,Hunting,Amasa,Iron,F,2018,46.8442382679,-89.3872904529
BB21_545,2021,Black Bear,30-Sep-21,Hunting,Amasa,Iron,F,2020,46.3819645105,-85.875246788
BB21_546,2021,Black Bear,25-Sep-21,Hunting,Amasa,Iron,F,2015,46.4845621954,-86.4173331301
BB21_547,2021,Black Bear,4-Oct-21,Hunting,Amasa,Iron,M,2020,46.3989051718,-87.8767134973
BB21_548,2021,Black Bear,3-Oct-21,Hunting,Amasa,Iron,M,2019,46.2679838865,-88.0024222143
BB21_549,2021,Black Bear,1-Oct-21,Hunting,Amasa,Iron,M,2020,46.1959998921,-87.9400732512
BB21_550,2021,Black Bear,21-Sep-21,Hunting,Amasa,Gogebic,M,2020,46.3394437709,-85.4366706989
BB21_551,2021,Black Bear,17-Sep-21,Hunting,Amasa,Iron,M,2017,46.036185066,-87.4401164333
BB21_552,2021,Black Bear,2-Oct-21,Hunting,Newberry,Chippewa,F,2012,45.7877900516,-86.4910200078
BB21_553,2021,Black Bear,25-Sep-21,Hunting,Amasa,Iron,M,2020,46.4272765757,-88.0858787468
BB21_554,2021,Black Bear,17-Oct-21,Hunting,Carney,Menominee,F,2017,46.2670862062,-85.0405466361
BB21_555,2021,Black Bear,18-Sep-21,Hunting,Amasa,Gogebic,F,2008,46.1804755179,-86.7925399242
BB21_556,2021,Black Bear,27-Sep-21,Hunting,Newberry,Schoolcraft,M,2019,45.8751403148,-86.6560087375
BB21_557,2021,Black Bear,30-Sep-21,Hunting,Amasa,Iron,M,2018,46.3983844043,-88.2107935361
BB21_558,2021,Black Bear,13-Sep-21,Hunting,Carney,Delta,M,2020,47.0328855952,-88.7534680242
BB21_559,2021,Black Bear,25-Sep-21,Hunting,Amasa,Iron,M,2014,46.3827172642,-85.3114585308
BB21_560,2021,Black Bear,9-Sep-21,Hunting,Newberry,Schoolcraft,M,2018,45.8609934543,-86.9254734326
BB21_561,2021,Black Bear,11-Sep-21,Hunting,Amasa,Iron,F,2020,46.3814804849,-85.9592469391
BB21_562,2021,Black Bear,27-Sep-21,Hunting,Amasa,Iron,F,2019,46.7011821417,-89.4379956589
BB21_563,2021,Black Bear,26-Sep-21,Hunting,Newberry,Alger,F,2017,46.3547404346,-87.0433060433
BB21_564,2021,Black Bear,30-Sep-21,Hunting,Bergland,Gogebic,F,2017,46.8300363248,-88.943128679
BB21_565,2021,Black Bear,2-Oct-21,Hunting,Amasa,Iron,M,2016,46.5574751077,-87.8339849374
BB21_566,2021,Black Bear,22-Sep-21,Hunting,Gwinn,Marquette,M,2019,47.0769110899,-88.6903703884
BB21_567,2021,Black Bear,8-Sep-21,Hunting,Bergland,Gogebic,F,2020,45.8481269383,-87.3152668209
BB21_568,2021,Black Bear,11-Sep-21,Hunting,Amasa,Iron,F,2020,46.2825519399,-88.3983644527
BB21_569,2021,Black Bear,14-Sep-21,Hunting,Gwinn,Marquette,F,2019,46.7723523538,-88.1182960468
BB21_570,2021,Black Bear,18-Sep-21,Hunting,Amasa,Gogebic,M,2016,46.3547549087,-87.1060363583
BB21_1383,2021,Black Bear,1-Oct-21,Hunting,Amasa,Iron,M,2018,46.743850093,-88.044384435
BB21_571,2021,Black Bear,8-Oct-21,Hunting,Amasa,Iron,F,2018,46.3098581217,-84.4159780902
BB21_572,2021,Black Bear,16-Oct-21,Hunting,Newberry,Schoolcraft,F,2018,45.3838256791,-87.5431400445
BB21_573,2021,Black Bear,19-Sep-21,Hunting,Newberry,Alger,M,2018,46.4419618178,-87.0224577023
BB21_574,2021,Black Bear,18-Sep-21,Hunting,Amasa,Iron,M,2018,46.5498438713205,-88.6789684124519
BB21_575,2021,Black Bear,19-Sep-21,Hunting,Amasa,Iron,M,2020,46.1804755179,-86.7925399242
BB21_576,2021,Black Bear,17-Sep-21,Hunting,Amasa,Iron,M,2019,46.0788308351,-86.8138220145
BB21_577,2021,Black Bear,13-Sep-21,Hunting,Baraga,Keweenaw,F,2019,46.254069333,-87.835297719
BB21_578,2021,Black Bear,25-Sep-21,Hunting,Amasa,Gogebic,M,2016,46.5569133703,-88.9607235187
BB21_579,2021,Black Bear,25-Sep-21,Hunting,Bergland,Gogebic,M,2019,46.224569938,-87.7309219634
BB21_580,2021,Black Bear,18-Sep-21,Hunting,Amasa,Iron,F,2020,46.1808760916,-87.4812178026
BB21_581,2021,Black Bear,13-Sep-21,Hunting,Gwinn,Delta,M,2020,45.9348443187,-87.7526663397
BB21_582,2021,Black Bear,25-Sep-21,Hunting,Amasa,Iron,M,2019,46.2529965093,-86.7721774361
BB21_583,2021,Black Bear,26-Sep-21,Hunting,Amasa,Iron,M,2019,46.6287529239,-88.813887564
BB21_584,2021,Black Bear,27-Sep-21,Hunting,Amasa,Iron,F,2020,46.3260391960453,-90.0274639386286
BB21_585,2021,Black Bear,13-Sep-21,Hunting,Gwinn,Marquette,M,2018,46.5281051158,-90.1664954296
BB21_1272,2021,Black Bear,19-Sep-21,Hunting,Gwinn,Marquette,F,2018,45.7872259252,-87.9340513051
BB21_586,2021,Black Bear,26-Sep-21,Hunting,Amasa,Iron,M,2019,45.8601866918,-86.448954955
BB21_587,2021,Black Bear,27-Sep-21,Hunting,Amasa,Iron,M,2019,46.3259199745,-89.1682327412
BB21_588,2021,Black Bear,26-Sep-21,Hunting,Bergland,Gogebic,M,2021,46.3106877423,-85.3943981462
BB21_589,2021,Black Bear,29-Sep-21,Hunting,Bergland,Gogebic,M,2019,46.3115256733,-89.2097913288
BB21_590,2021,Black Bear,15-Sep-21,Hunting,Newberry,Alger,M,2019,45.9764614377,-86.4166256936
BB21_591,2021,Black Bear,1-Oct-21,Hunting,Amasa,Iron,F,2018,46.3844912308,-87.7721381443
BB21_592,2021,Black Bear,22-Sep-21,Hunting,Gwinn,Marquette,F,2020,46.7161785491,-89.2088712537
BB21_593,2021,Black Bear,14-Sep-21,Hunting,Baraga,Houghton,M,2019,45.9471392836,-86.5212844505
BB21_594,2021,Black Bear,5-Oct-21,Hunting,Amasa,Iron,M,2017,46.7723523538,-88.1182960468
BB21_595,2021,Black Bear,26-Sep-21,Hunting,Amasa,Iron,M,2020,46.5854851711,-89.2507827866
BB21_596,2021,Black Bear,1-Oct-21,Hunting,Gwinn,Dickinson,M,2020,46.6583280103,-89.0003325196
BB21_597,2021,Black Bear,27-Sep-21,Hunting,Amasa,Iron,F,2020,46.3106822373,-85.270073016
BB21_598,2021,Black Bear,2-Oct-21,Hunting,Amasa,Iron,M,2020,46.4994079683,-88.7731832775
BB21_599,2021,Black Bear,18-Sep-21,Hunting,Amasa,Iron,F,2016,45.4565945539,-87.6461627347
BB21_600,2021,Black Bear,27-Sep-21,Hunting,Amasa,Iron,F,2019,45.8601866918,-86.448954955
BB21_601,2021,Black Bear,27-Sep-21,Hunting,Gwinn,Alger,M,2011,46.3547376507,-89.9798909936
BB21_602,2021,Black Bear,17-Sep-21,Hunting,Newberry,Alger,M,2017,46.6434289943,-88.5847298281
BB21_603,2021,Black Bear,14-Sep-21,Hunting,Baraga,Keweenaw,M,2018,46.4709979399,-87.0433290078
BB21_604,2021,Black Bear,13-Sep-21,Hunting,Amasa,Iron,F,2020,45.8750406848,-86.6148440044
BB21_605,2021,Black Bear,14-Sep-21,Hunting,Newberry,Delta,M,2020,46.8444986661,-88.9847383483
BB21_606,2021,Black Bear,16-Sep-21,Hunting,Gwinn,Marquette,M,2016,47.3515685924,-88.0987827245
BB21_607,2021,Black Bear,25-Sep-21,Hunting,Baraga,Houghton,M,2020,46.7153211769,-88.5421463025
BB21_608,2021,Black Bear,2-Oct-21,Hunting,Gwinn,Delta,F,2019,46.865033895588,-88.3354526045869
BB21_609,2021,Black Bear,2-Oct-21,Hunting,Gwinn,Delta,F,2017,46.6624995494018,-88.3652984397911
BB21_610,2021,Black Bear,25-Sep-21,Hunting,Bergland,Gogebic,M,2020,46.3838613031,-88.7727464269
BB21_611,2021,Black Bear,24-Sep-21,Hunting,Gwinn,Marquette,F,2020,45.9930105451,-87.7524851231
BB21_612,2021,Black Bear,8-Sep-21,Hunting,Gwinn,Alger,M,2017,47.4093551373,-87.9092245863
BB21_613,2021,Black Bear,29-Sep-21,Hunting,Carney,Menominee,M,2018,45.9911886976,-85.728903115
BB21_614,2021,Black Bear,17-Sep-21,Hunting,Bergland,Gogebic,F,2019,46.3837068952,-89.7506374709
BB21_615,2021,Black Bear,18-Sep-21,Hunting,Newberry,Chippewa,F,2019,46.4987124968,-89.293143346
BB21_616,2021,Black Bear,26-Sep-21,Hunting,Newberry,Alger,F,2014,45.5721943154,-87.7690546489
BB21_617,2021,Black Bear,17-Sep-21,Hunting,Gwinn,Marquette,M,2020,46.7152326508,-88.3968507001
BB21_618,2021,Black Bear,2-Oct-21,Hunting,Amasa,Marquette,M,2018,46.1669914101,-89.1057268222
BB21_619,2021,Black Bear,5-Oct-21,Hunting,Amasa,Iron,F,2018,46.5715110473,-88.3559272787
BB21_620,2021,Black Bear,8-Sep-21,Hunting,Newberry,Alger,M,2017,45.7894193717,-87.5210380876
BB21_621,2021,Black Bear,26-Sep-21,Hunting,Baraga,Marquette,M,2020,46.8156995996,-87.9701733315
BB21_622,2021,Black Bear,4-Oct-21,Hunting,Newberry,Delta,M,2019,47.1779097878,-88.6695507835
BB21_623,2021,Black Bear,23-Sep-21,Hunting,Amasa,Iron,M,2016,46.2233784387,-84.4782359645
BB21_624,2021,Black Bear,3-Oct-21,Hunting,Gwinn,Alger,M,2020,46.6427695302,-88.0438413821
BB21_625,2021,Black Bear,25-Sep-21,Hunting,Amasa,Iron,M,2018,46.5270201457,-86.0214439016
BB21_626,2021,Black Bear,30-Sep-21,Hunting,Newberry,Schoolcraft,M,2017,45.7616500625,-87.3357894201
BB21_627,2021,Black Bear,9-Sep-21,Hunting,Newberry,Schoolcraft,F,2014,46.1381811631,-88.1699410867
BB21_628,2021,Black Bear,11-Oct-21,Hunting,Amasa,Iron,F,2020,46.1227015737,-85.7909555005
BB21_629,2021,Black Bear,25-Sep-21,Hunting,Amasa,Iron,M,2018,46.3699606782,-87.6875364204
BB21_630,2021,Black Bear,25-Sep-21,Hunting,Gwinn,Dickinson,M,2020,45.8751403148,-86.6560087375
BB21_631,2021,Black Bear,9-Sep-21,Hunting,Newberry,Schoolcraft,F,2016,45.9350548569,-87.6484140923
BB21_632,2021,Black Bear,24-Sep-21,Hunting,Gwinn,Delta,M,2016,46.1368740684,-85.1646521435
BB21_633,2021,Black Bear,10-Sep-21,Hunting,Newberry,Schoolcraft,F,2018,46.2394106436,-88.3981889594
BB21_634,2021,Black Bear,10-Sep-21,Hunting,Amasa,Iron,M,2020,46.3838179071,-88.6065671791
BB21_635,2021,Black Bear,1-Oct-21,Hunting,Gwinn,Delta,M,2017,46.6578878837,-88.6054380133
BB21_636,2021,Black Bear,14-Sep-21,Hunting,Newberry,Mackinac,F,2018,46.1961464226,-89.1266707001
BB21_637,2021,Black Bear,6-Oct-21,Hunting,Baraga,Marquette,M,2019,46.398280285,-86.7310271264
BB21_638,2021,Black Bear,10-Sep-21,Hunting,Carney,Menominee,M,2014,46.6719548721,-89.6452429804
BB21_639,2021,Black Bear,13-Sep-21,Hunting,Amasa,Iron,F,2020,46.398305007,-86.7724513114
BB21_640,2021,Black Bear,1-Oct-21,Hunting,Amasa,Ontonagon,M,2019,46.5855859974,-85.3539862605
BB21_641,2021,Black Bear,8-Oct-21,Hunting,Bergland,Gogebic,M,2020,46.4989090045,-84.1443149958
BB21_642,2021,Black Bear,27-Sep-21,Hunting,Bergland,Gogebic,F,2018,46.3104158746,-86.5220746731
BB21_643,2021,Black Bear,28-Sep-21,Hunting,Bergland,Gogebic,M,2020,46.7154778302,-89.5838031347
BB21_644,2021,Black Bear,13-Oct-21,Hunting,Baraga,Ontonagon,M,2020,46.772243083,-89.1550846777
BB21_645,2021,Black Bear,7-Oct-21,Hunting,Amasa,Iron,M,2017,45.6595774549,-87.3982523855
BB21_646,2021,Black Bear,30-Sep-21,Hunting,Baraga,Baraga,F,2019,46.4126831949,-88.5646528077
BB21_647,2021,Black Bear,20-Oct-21,Hunting,Baraga,Ontonagon,M,2017,46.2358001577699,-89.5401556002133
BB21_648,2021,Black Bear,30-Sep-21,Hunting,Bergland,Ontonagon,F,2020,46.8443720816,-89.0061177104
BB21_649,2021,Black Bear,23-Oct-21,Hunting,Bergland,Gogebic,F,2020,46.6134996121,-85.8959148959
BB21_650,2021,Black Bear,9-Oct-21,Hunting,Amasa,Iron,M,2018,46.1799283757,-86.3963213696
BB21_651,2021,Black Bear,8-Oct-21,Hunting,Amasa,Iron,M,2020,46.0339878047,-86.2721162257
BB21_652,2021,Black Bear,7-Oct-21,Hunting,Gwinn,Dickinson,M,2019,46.0053448814,-85.8336787274
BB21_653,2021,Black Bear,7-Oct-21,Hunting,Amasa,Iron,F,2021,46.2665179233,-86.3135054621
BB21_654,2021,Black Bear,8-Sep-21,Hunting,Baraga,Baraga,M,2019,46.0934847432,-85.9793461773
BB21_655,2021,Black Bear,3-Oct-21,Hunting,Bergland,Gogebic,F,2019,46.629002585,-89.209844825
BB21_656,2021,Black Bear,6-Oct-21,Hunting,Amasa,Iron,F,2016,46.3104158746,-86.5220746731
BB21_657,2021,Black Bear,20-Oct-21,Hunting,Baraga,Houghton,M,2019,46.4262554662,-85.3122733628
BB21_658,2021,Black Bear,10-Oct-21,Hunting,Gwinn,Marquette,M,2019,45.3839408672,-87.5635169608
BB21_659,2021,Black Bear,10-Oct-21,Hunting,Amasa,Baraga,M,2019,46.2528512394,-85.3943432269
BB21_660,2021,Black Bear,9-Oct-21,Hunting,Bergland,Gogebic,F,2019,46.2808443588,-85.87513094
BB21_661,2021,Black Bear,8-Oct-21,Hunting,Bergland,Gogebic,M,2019,46.1364916602,-86.3958686206
BB21_662,2021,Black Bear,4-Oct-21,Hunting,Bergland,Ontonagon,M,2020,46.8082555656408,-88.7422652467862
BB21_663,2021,Black Bear,26-Oct-21,Hunting,Baraga,Houghton,F,2020,45.4565613278,-87.6876365466
BB21_664,2021,Black Bear,25-Sep-21,Hunting,Newberry,Schoolcraft,M,2019,46.5129931902,-85.4788642892
BB21_665,2021,Black Bear,20-Oct-21,Hunting,Bergland,Ontonagon,F,2020,46.2974042733,-87.9183147095
BB21_1384,2021,Black Bear,27-Sep-21,Hunting,Baraga,Houghton,F,2019,46.369321921,-89.5220097379
BB21_666,2021,Black Bear,6-Oct-21,Hunting,Baraga,Houghton,M,2018,46.4088698578587,-89.69441585395
BB21_667,2021,Black Bear,4-Oct-21,Hunting,Bergland,Gogebic,F,2020,46.4847945585,-88.9606765449
BB21_668,2021,Black Bear,9-Oct-21,Hunting,Newberry,Luce,F,2020,47.3514589663,-88.0143313571
BB21_669,2021,Black Bear,30-Sep-21,Hunting,Gwinn,Marquette,M,2020,46.6291861701,-89.0427815919
BB21_670,2021,Black Bear,24-Sep-21,Hunting,Bergland,Ontonagon,F,2020,46.3114524397,-89.3139770892
BB21_671,2021,Black Bear,26-Sep-21,Hunting,Newberry,Schoolcraft,M,2018,46.6285932854,-89.5419180533
BB21_672,2021,Black Bear,27-Sep-21,Hunting,Bergland,Gogebic,M,2021,46.484189581,-85.4584967726
BB21_673,2021,Black Bear,21-Sep-21,Hunting,Baraga,Ontonagon,F,2021,46.1359931934,-84.6028989478
BB21_674,2021,Black Bear,28-Sep-21,Hunting,Bergland,Ontonagon,F,2012,46.7581034806,-89.3749595912
BB21_675,2021,Black Bear,23-Oct-21,Hunting,Bergland,Gogebic,M,2019,46.6436442175,-85.2918533654
BB21_676,2021,Black Bear,24-Sep-21,Hunting,Baraga,Ontonagon,M,2020,46.7158611761,-89.2709446947
BB21_677,2021,Black Bear,29-Sep-21,Hunting,Baraga,Ontonagon,M,2019,45.6588130146,-87.5421205665
BB21_678,2021,Black Bear,19-Sep-21,Hunting,Gwinn,Dickinson,F,2020,46.8302295699,-88.1184935848
BB21_679,2021,Black Bear,5-Oct-21,Hunting,Gwinn,Marquette,F,2018,46.4554834464,-86.4383794093
BB21_680,2021,Black Bear,15-Sep-21,Hunting,Gwinn,Marquette,M,2019,46.7294528444,-88.6465098863
BB21_681,2021,Black Bear,27-Sep-21,Hunting,Gwinn,Marquette,F,2012,47.4094201826,-88.0990087797
BB21_682,2021,Black Bear,9-Sep-21,Hunting,Baraga,Marquette,M,2019,46.3837185189,-89.4601748258
BB21_683,2021,Black Bear,22-Sep-21,Hunting,Gwinn,Marquette,M,2020,46.672090825,-88.6890616913
BB21_684,2021,Black Bear,10-Sep-21,Hunting,Baraga,Baraga,M,2018,46.6856726507,-88.1473261133
BB21_685,2021,Black Bear,9-Sep-21,Hunting,Amasa,Iron,F,2011,46.5128366547,-89.6885526354
BB21_686,2021,Black Bear,25-Sep-21,Hunting,Gwinn,Dickinson,M,2014,46.2665060941,-86.2720145732
BB21_687,2021,Black Bear,15-Sep-21,Hunting,Baraga,Baraga,M,2019,47.1633006862,-88.5420750102
BB21_688,2021,Black Bear,4-Oct-21,Hunting,Baraga,Baraga,M,2020,46.1077089723,-85.4363870103
BB21_689,2021,Black Bear,11-Sep-21,Hunting,Baraga,Baraga,F,2019,46.686399159,-88.4177922653
BB21_690,2021,Black Bear,30-Sep-21,Hunting,Baraga,Marquette,F,2017,46.1223676777,-86.8554731233
BB21_691,2021,Black Bear,9-Sep-21,Hunting,Amasa,Iron,F,2019,46.4119690003,-85.1248101773
BB21_692,2021,Black Bear,13-Sep-21,Hunting,Baraga,Baraga,M,2018,46.2536411327,-89.2096986466
BB21_693,2021,Black Bear,10-Sep-21,Hunting,Baraga,Marquette,M,2020,46.8159799127,-89.7669783838
BB21_694,2021,Black Bear,18-Sep-21,Hunting,Baraga,Baraga,F,2016,46.3980230111,-89.9590902203
BB21_695,2021,Black Bear,13-Sep-21,Hunting,Amasa,Iron,F,2014,46.8012149954,-89.2392499224
BB21_696,2021,Black Bear,25-Sep-21,Hunting,Baraga,Marquette,F,2020,46.3979768848,-89.85493912
BB21_697,2021,Black Bear,28-Sep-21,Hunting,Gwinn,Marquette,F,2015,46.7297492054,-89.4998083181
BB21_698,2021,Black Bear,29-Sep-21,Hunting,Amasa,Marquette,M,2019,46.1223676777,-86.8554731233
BB21_699,2021,Black Bear,19-Sep-21,Hunting,Baraga,Baraga,M,2019,46.3402094203,-89.7509009333
BB21_700,2021,Black Bear,26-Sep-21,Hunting,Gwinn,Marquette,F,2019,46.3975340839,-85.1246012195
BB21_701,2021,Black Bear,16-Sep-21,Hunting,Amasa,Marquette,F,2016,46.657985102,-88.6679333715
BB21_702,2021,Black Bear,10-Sep-21,Hunting,Baraga,Keweenaw,F,2018,46.16700351,-88.9597860031
BB21_703,2021,Black Bear,25-Sep-21,Hunting,Baraga,Keweenaw,M,2019,46.7858465592899,-87.6354224215748
BB21_704,2021,Black Bear,8-Sep-21,Hunting,Baraga,Keweenaw,M,2018,45.992954521,-88.3149363033
BB21_705,2021,Black Bear,1-Oct-21,Hunting,Baraga,Keweenaw,F,2020,46.2824708561,-89.792663269
BB21_706,2021,Black Bear,30-Sep-21,Hunting,Baraga,Baraga,M,2019,46.5138652505,-88.6478155492
BB21_707,2021,Black Bear,28-Sep-21,Hunting,Baraga,Ontonagon,M,2020,46.4412554571,-89.1058596011
BB21_708,2021,Black Bear,23-Sep-21,Hunting,Amasa,Iron,F,2019,46.4557853082,-89.0854867747
BB21_709,2021,Black Bear,23-Oct-21,Hunting,Baraga,Baraga,M,2017,46.6285767092,-89.4593836625
BB21_710,2021,Black Bear,5-Oct-21,Hunting,Baraga,Houghton,F,2019,46.5283199205,-88.7522806761
BB21_711,2021,Black Bear,4-Oct-21,Hunting,Baraga,Ontonagon,M,2015,46.4260937232,-84.4581077017
BB21_712,2021,Black Bear,27-Sep-21,Hunting,Baraga,Houghton,M,2018,46.1366720176,-84.2282538677
BB21_713,2021,Black Bear,30-Sep-21,Hunting,Baraga,Houghton,F,2018,46.281362504,-84.2913610102
BB21_714,2021,Black Bear,28-Sep-21,Hunting,Bergland,Ontonagon,M,2020,46.2536122434,-88.4192918502
BB21_715,2021,Black Bear,29-Sep-21,Hunting,Amasa,Houghton,F,2019,46.0932609303,-84.9356192851
BB21_716,2021,Black Bear,27-Sep-21,Hunting,Amasa,Iron,M,2019,46.5993326837,-85.771197604
BB21_717,2021,Black Bear,30-Sep-21,Hunting,Baraga,Houghton,F,2018,46.0930025749,-84.7895089831
BB21_718,2021,Black Bear,30-Sep-21,Hunting,Baraga,Baraga,M,2001,46.8442294664,-89.0273944586
BB21_719,2021,Black Bear,25-Sep-21,Hunting,Bergland,Ontonagon,M,2020,46.1816571763,-88.0234925365
BB21_720,2021,Black Bear,10-Sep-21,Hunting,Baraga,Houghton,M,2018,46.0361132779,-87.0648757817
BB21_721,2021,Black Bear,10-Sep-21,Hunting,Baraga,Baraga,F,2019,45.9469861211,-86.2926357682
BB21_722,2021,Black Bear,8-Sep-21,Hunting,Baraga,Baraga,F,2021,46.1077914538,-85.4574651696
BB21_723,2021,Black Bear,8-Sep-21,Hunting,Baraga,Houghton,M,2020,46.1079324062,-86.7929372462
BB21_724,2021,Black Bear,16-Sep-21,Hunting,Baraga,Houghton,M,2020,46.1078172185,-86.8555041695
BB21_725,2021,Black Bear,9-Sep-21,Hunting,Baraga,Houghton,M,2019,46.2242763123,-87.1890864886
BB21_726,2021,Black Bear,16-Sep-21,Hunting,Bergland,Ontonagon,M,2019,46.8588218221,-89.218435673
BB21_727,2021,Black Bear,8-Sep-21,Hunting,Bergland,Ontonagon,F,2020,46.137776722,-87.6686159355
BB21_728,2021,Black Bear,16-Sep-21,Hunting,Baraga,Ontonagon,F,2020,47.3951078848,-87.930186945
BB21_729,2021,Black Bear,8-Sep-21,Hunting,Amasa,Gogebic,M,2020,46.8011756423,-88.8798062666
BB21_730,2021,Black Bear,9-Sep-21,Hunting,Amasa,Gogebic,M,2019,46.7868257154,-88.9638353765
BB21_731,2021,Black Bear,11-Sep-21,Hunting,Baraga,Houghton,M,2011,46.340269271,-89.4386741309
BB21_732,2021,Black Bear,11-Sep-21,Hunting,Baraga,Ontonagon,M,2021,46.4709890244,-86.9808851147
BB21_733,2021,Black Bear,9-Sep-21,Hunting,Baraga,Baraga,M,2018,46.1367899808,-86.6883068417
BB21_734,2021,Black Bear,8-Sep-21,Hunting,Baraga,Ontonagon,M,2007,47.0909323277,-88.6687044269
BB21_735,2021,Black Bear,8-Sep-21,Hunting,Bergland,Ontonagon,F,2020,45.9785737229,-88.2940948452
BB21_736,2021,Black Bear,10-Sep-21,Hunting,Bergland,Ontonagon,F,2019,45.846632681,-86.8837491116
BB21_737,2021,Black Bear,9-Sep-21,Hunting,Bergland,Gogebic,M,2020,46.6577161043,-88.5427007043
BB21_738,2021,Black Bear,9-Sep-21,Hunting,Baraga,Houghton,M,2019,46.3244079278,-86.2720363237
BB21_739,2021,Black Bear,8-Sep-21,Hunting,Bergland,Ontonagon,F,2018,45.9475281542,-84.789630848
BB21_740,2021,Black Bear,13-Sep-21,Hunting,Amasa,Iron,F,2013,45.3972551306,-87.4616934903
BB21_741,2021,Black Bear,14-Sep-21,Hunting,Baraga,Houghton,M,2020,45.8470300625,-87.6252471032
BB21_742,2021,Black Bear,9-Sep-21,Hunting,Baraga,Houghton,M,2014,46.1373122273,-87.1894279692
BB21_743,2021,Black Bear,10-Sep-21,Hunting,Baraga,Houghton,F,2018,45.9772018233,-86.8146895016
BB21_744,2021,Black Bear,17-Sep-21,Hunting,Baraga,Baraga,F,2017,46.7443674386,-89.7082066392
BB21_745,2021,Black Bear,10-Sep-21,Hunting,Baraga,Houghton,M,2013,46.1954242,-87.2307869858
BB21_746,2021,Black Bear,11-Sep-21,Hunting,Bergland,Ontonagon,F,2019,46.469659445,-85.4162640299
BB21_747,2021,Black Bear,9-Sep-21,Hunting,Bergland,Ontonagon,M,2018,46.7015426235,-89.0423168144
BB21_748,2021,Black Bear,8-Sep-21,Hunting,Bergland,Ontonagon,M,2020,46.0346294272,-86.5415295377
BB21_749,2021,Black Bear,14-Sep-21,Hunting,Bergland,Ontonagon,F,2017,46.6869311729,-88.9378478258
BB21_750,2021,Black Bear,10-Sep-21,Hunting,Baraga,Ontonagon,F,2019,46.4420511809,-87.1062294542
BB21_751,2021,Black Bear,13-Sep-21,Hunting,Bergland,Ontonagon,M,2020,45.6301073864,-87.5218485483
BB21_752,2021,Black Bear,14-Sep-21,Hunting,Bergland,Ontonagon,M,2018,46.5447850015,-90.3548133575
BB21_753,2021,Black Bear,8-Sep-21,Hunting,Bergland,Gogebic,M,2015,46.0370130882,-88.2319497031
BB21_754,2021,Black Bear,8-Sep-21,Hunting,Bergland,Ontonagon,M,2019,46.0198985027,-86.3955112504
BB21_755,2021,Black Bear,10-Sep-21,Hunting,Baraga,Houghton,F,2018,46.1951508851,-87.1055643825
BB21_756,2021,Black Bear,10-Sep-21,Hunting,Bergland,Gogebic,M,2019,46.744334027,-89.5626192254
BB21_757,2021,Black Bear,9-Sep-21,Hunting,Bergland,Ontonagon,M,2013,46.8881446321,-88.4984092553
BB21_758,2021,Black Bear,8-Sep-21,Hunting,Bergland,Ontonagon,M,2019,46.051568551,-88.1701697547
BB21_759,2021,Black Bear,8-Sep-21,Hunting,Bergland,Ontonagon,F,2016,46.3241960871,-85.9168134425
BB21_760,2021,Black Bear,10-Sep-21,Hunting,Bergland,Ontonagon,F,2019,46.325742794,-89.8134714021
BB21_1385,2021,Black Bear,9-Sep-21,Hunting,Bergland,Gogebic,M,2020,46.6432303233,-88.3763519039
BB21_761,2021,Black Bear,11-Sep-21,Hunting,Baraga,Baraga,M,2019,46.4410195604,-89.792607941
BB21_762,2021,Black Bear,8-Sep-21,Hunting,Baraga,Ontonagon,M,2020,46.0499996821,-86.7514955877
BB21_763,2021,Black Bear,8-Sep-21,Hunting,Bergland,Ontonagon,M,2020,46.9027383676,-88.8373853319
BB21_764,2021,Black Bear,8-Sep-21,Hunting,Baraga,Ontonagon,M,2018,46.8445783427,-88.1185421131
BB21_765,2021,Black Bear,17-Sep-21,Hunting,Baraga,Ontonagon,M,2020,46.0494338346,-86.6259234141
BB21_766,2021,Black Bear,8-Sep-21,Hunting,Baraga,Ontonagon,F,2020,46.166360173,-87.4394542456
BB21_767,2021,Black Bear,8-Sep-21,Hunting,Bergland,Gogebic,F,2020,46.1658911536,-86.6668562527
BB21_768,2021,Black Bear,9-Sep-21,Hunting,Bergland,Gogebic,F,2016,46.1221348719,-85.1024064083
BB21_769,2021,Black Bear,17-Sep-21,Hunting,Bergland,Ontonagon,M,2020,46.5560059069,-86.021078872
BB21_770,2021,Black Bear,17-Sep-21,Hunting,Bergland,Ontonagon,M,2019,46.3530160385,-84.4162849703
BB21_771,2021,Black Bear,8-Sep-21,Hunting,Baraga,Houghton,F,2015,46.1082401261,-87.2941523839
BB21_772,2021,Black Bear,17-Sep-21,Hunting,Amasa,Houghton,F,2020,46.8875601418,-88.9006946886
BB21_773,2021,Black Bear,22-Sep-21,Hunting,Amasa,Iron,M,2018,47.1636382259,-88.2664475721
BB21_774,2021,Black Bear,17-Sep-21,Hunting,Bergland,Gogebic,F,2019,45.7616500625,-87.3357894201
BB21_775,2021,Black Bear,8-Sep-21,Hunting,Baraga,Houghton,M,2019,46.1082401261,-87.2941523839
BB21_776,2021,Black Bear,8-Sep-21,Hunting,Baraga,Ontonagon,M,2018,46.700096151,-88.6677820364
BB21_777,2021,Black Bear,9-Sep-21,Hunting,Bergland,Ontonagon,M,2018,46.7297493317,-88.500993187
BB21_778,2021,Black Bear,9-Sep-21,Hunting,Bergland,Ontonagon,F,2011,47.0916470646,-88.6901892501
BB21_779,2021,Black Bear,14-Sep-21,Hunting,Bergland,Ontonagon,M,2020,46.3548765281,-89.3558311687
BB21_780,2021,Black Bear,16-Sep-21,Hunting,Bergland,Houghton,M,2020,46.9750621558,-88.4991542041
BB21_781,2021,Black Bear,12-Sep-21,Hunting,Bergland,Ontonagon,F,2012,46.3757229364787,-86.4276137967559
BB21_782,2021,Black Bear,11-Sep-21,Hunting,Bergland,Ontonagon,F,2012,47.264319004,-88.3307043291
BB21_783,2021,Black Bear,14-Sep-21,Hunting,Amasa,Houghton,F,2019,45.9182296561,-86.5211518697
BB21_784,2021,Black Bear,8-Sep-21,Hunting,Bergland,Ontonagon,M,2018,46.2970065628,-89.3968962383
BB21_785,2021,Black Bear,9-Sep-21,Hunting,Bergland,Ontonagon,M,2019,47.1780839285,-88.6905727652
BB21_786,2021,Black Bear,18-Sep-21,Hunting,Baraga,Houghton,M,2017,46.5417186381,-89.7091992911
BB21_787,2021,Black Bear,14-Sep-21,Hunting,Amasa,Baraga,M,2017,46.5130627858,-89.8555006518
BB21_788,2021,Black Bear,13-Sep-21,Hunting,Bergland,Gogebic,M,2020,46.368834457,-88.9806898404
BB21_789,2021,Black Bear,9-Sep-21,Hunting,Bergland,Ontonagon,M,2016,46.1364916602,-86.3958686206
BB21_790,2021,Black Bear,8-Sep-21,Hunting,Bergland,Ontonagon,F,2013,46.9166974428,-88.7953697167
BB21_791,2021,Black Bear,11-Sep-21,Hunting,Baraga,Houghton,M,2019,46.0073457514,-88.4405562549
BB21_792,2021,Black Bear,9-Sep-21,Hunting,Bergland,Gogebic,F,2016,46.383806094,-86.7724760249
BB21_793,2021,Black Bear,13-Sep-21,Hunting,Bergland,Ontonagon,M,2019,45.5868934679,-87.2757187133
BB21_794,2021,Black Bear,16-Sep-21,Hunting,Bergland,Gogebic,F,2018,45.4998733219,-87.6253510421
BB21_795,2021,Black Bear,14-Sep-21,Hunting,Bergland,Ontonagon,M,2020,46.210353496,-88.6270859488
BB21_796,2021,Black Bear,18-Sep-21,Hunting,Bergland,Gogebic,M,2020,46.4267832378,-86.4801295537
BB21_797,2021,Black Bear,8-Sep-21,Hunting,Bergland,Ontonagon,M,2020,46.1225213745,-87.0012479737
BB21_798,2021,Black Bear,11-Sep-21,Hunting,Amasa,Ontonagon,M,2017,46.5419348386,-89.8552279031
BB21_1013,2021,Black Bear,13-Sep-21,Hunting,Baraga,Baraga,M,2020,47.438174933,-87.8885275252
BB21_799,2021,Black Bear,11-Sep-21,Hunting,Amasa,Gogebic,M,2020,46.556341272,-89.8549977908
BB21_800,2021,Black Bear,8-Sep-21,Hunting,Bergland,Ontonagon,F,2020,46.1952790928,-87.1682659764
BB21_801,2021,Black Bear,13-Sep-21,Hunting,Bergland,Ontonagon,M,2014,46.5276584977,-85.3335198739
BB21_802,2021,Black Bear,10-Sep-21,Hunting,Bergland,Ontonagon,M,2017,46.4127181772,-90.1251846249
BB21_803,2021,Black Bear,19-Sep-21,Hunting,Amasa,Houghton,F,2013,46.2950582036,-84.3536403728
BB21_804,2021,Black Bear,10-Sep-21,Hunting,Baraga,Houghton,M,2019,46.1368843765,-86.7091343831
BB21_805,2021,Black Bear,8-Sep-21,Hunting,Baraga,Houghton,M,2018,46.2673596952,-85.3943315189
BB21_806,2021,Black Bear,9-Sep-21,Hunting,Baraga,Baraga,F,2019,46.1812456958,-87.7730319004
BB21_807,2021,Black Bear,12-Sep-21,Hunting,Baraga,Ontonagon,F,2020,46.585759094,-85.3127361795
BB21_808,2021,Black Bear,13-Sep-21,Hunting,Baraga,Houghton,F,2020,46.3410040952,-87.7092924135
BB21_809,2021,Black Bear,11-Sep-21,Hunting,Baraga,Houghton,F,2016,46.3699423115,-87.624777938
BB21_810,2021,Black Bear,27-Sep-21,Hunting,Baraga,Houghton,F,2016,46.8009084503,-89.4719158306
BB21_811,2021,Black Bear,10-Sep-21,Hunting,Bergland,Gogebic,M,2019,46.2236212746,-86.5630862764
BB21_812,2021,Black Bear,9-Sep-21,Hunting,Bergland,Ontonagon,F,2016,46.2520368944,-86.1889390638
BB21_813,2021,Black Bear,8-Sep-21,Hunting,Bergland,Ontonagon,M,2019,46.3820835115,-86.1464095198
BB21_1011,2021,Black Bear,17-Sep-21,Hunting,Bergland,Gogebic,F,2019,46.0219800638,-88.0444322163
BB21_814,2021,Black Bear,9-Sep-21,Hunting,Amasa,Ontonagon,F,2017,46.1798242864,-85.9801051109
BB21_815,2021,Black Bear,8-Sep-21,Hunting,Bergland,Ontonagon,M,2020,46.7302596846,-89.2919037886
BB21_816,2021,Black Bear,16-Sep-21,Hunting,Bergland,Gogebic,F,2020,46.210505707,-89.0640839957
BB21_817,2021,Black Bear,13-Sep-21,Hunting,Baraga,Houghton,F,2010,46.3260724782,-89.6050997344
BB21_818,2021,Black Bear,10-Sep-21,Hunting,Baraga,Houghton,F,2019,45.964477843,-88.0444549314
BB21_819,2021,Black Bear,15-Sep-21,Hunting,Amasa,Gogebic,M,2020,46.8009229021,-89.2812411287
BB21_820,2021,Black Bear,9-Sep-21,Hunting,Bergland,Ontonagon,M,2019,46.4123297146,-89.3346756694
BB21_821,2021,Black Bear,9-Sep-21,Hunting,Bergland,Ontonagon,F,2018,46.1798053059,-86.4589668845
BB21_822,2021,Black Bear,8-Sep-21,Hunting,Bergland,Ontonagon,M,2012,46.4270952892,-88.501597457
BB21_823,2021,Black Bear,15-Sep-21,Hunting,Baraga,Ontonagon,F,2019,46.8159918752,-89.7457456049
BB21_824,2021,Black Bear,11-Sep-21,Hunting,Bergland,Ontonagon,M,2020,46.6145387006,-90.1239471577
BB21_825,2021,Black Bear,9-Sep-21,Hunting,Bergland,Ontonagon,F,2019,46.9310899235,-88.7316211803
BB21_826,2021,Black Bear,13-Sep-21,Hunting,Bergland,Ontonagon,M,2017,46.7867751311,-87.970171126
BB21_827,2021,Black Bear,8-Sep-21,Hunting,Bergland,Ontonagon,F,2016,46.1794882458,-84.7281040007
BB21_828,2021,Black Bear,13-Sep-21,Hunting,Newberry,Mackinac,F,2016,46.2973244363,-89.6051889539
BB21_829,2021,Black Bear,16-Sep-21,Hunting,Newberry,Chippewa,F,2014,46.2973244363,-89.6051889539
BB21_830,2021,Black Bear,19-Sep-21,Hunting,Newberry,Mackinac,M,2019,46.1814234231,-89.022220368
BB21_831,2021,Black Bear,13-Oct-21,Hunting,Newberry,Mackinac,M,2016,46.0938704467,-85.8750365809
BB21_832,2021,Black Bear,20-Sep-21,Hunting,Newberry,Mackinac,M,2019,46.1829199079,-89.2924026111
BB21_833,2021,Black Bear,1-Oct-21,Hunting,Newberry,Chippewa,M,2020,46.1234927943,-89.0223300094
BB21_834,2021,Black Bear,27-Sep-21,Hunting,Newberry,Chippewa,M,2020,46.3546464962,-89.1891987111
BB21_835,2021,Black Bear,22-Sep-21,Hunting,Newberry,Chippewa,M,2013,45.8481269383,-87.3152668209
BB21_836,2021,Black Bear,27-Sep-21,Hunting,Newberry,Mackinac,F,2002,46.1944085,-85.9592696973
BB21_837,2021,Black Bear,20-Sep-21,Hunting,Newberry,Luce,M,2020,46.3403420623,-86.9601878918
BB21_838,2021,Black Bear,29-Sep-21,Hunting,Newberry,Mackinac,F,2020,46.643349229,-87.7087408925
BB21_839,2021,Black Bear,24-Oct-21,Hunting,Amasa,Ontonagon,F,2019,47.0038754082,-88.6895114432
BB22_1,2022,Black Bear,7-Sep-22,Hunting,Baraga,Marquette,F,2020,46.398526374,-87.8978252182
BB22_10,2022,Black Bear,7-Sep-22,Hunting,Baraga,Marquette,F,2007,46.5575885866,-87.8973937958
BB22_100,2022,Black Bear,15-Sep-22,Hunting,Bergland,Ontonagon,M,2021,46.5706195898,-89.6881170852
BB22_1000,2022,Black Bear,1-Oct-22,Hunting,Baraga,Baraga,M,2006,46.7299017302,-88.5633483106
BB22_1001,2022,Black Bear,9-Oct-22,Hunting,Amasa,Baraga,M,2021,46.4272110736,-88.6269080991
BB22_1002,2022,Black Bear,28-Sep-22,Hunting,Baraga,Baraga,M,2015,46.8446087933,-88.1819249832
BB22_1003,2022,Black Bear,29-Sep-22,Hunting,Baraga,Baraga,F,2018,46.8299872744,-88.6253566024
BB22_1004,2022,Black Bear,24-Sep-22,Hunting,Bergland,Gogebic,F,2012,46.484126451,-89.6467405553
BB22_1005,2022,Black Bear,25-Sep-22,Hunting,Baraga,Houghton,M,2017,46.5282206355,-88.7940491373
BB22_1006,2022,Black Bear,2-Oct-22,Hunting,Bergland,Ontonagon,M,2019,46.5564781109,-89.292739782
BB22_1007,2022,Black Bear,12-Sep-22,Hunting,Bergland,Gogebic,M,2021,46.5708642579,-89.7716670654
BB22_1008,2022,Black Bear,27-Sep-22,Hunting,Bergland,Ontonagon,F,2021,46.771912846,-89.3658499869
BB22_1009,2022,Black Bear,2-Oct-22,Hunting,Bergland,Ontonagon,M,2020,46.4555526559,-89.2721944718
BB22_101,2022,Black Bear,10-Sep-22,Hunting,Bergland,,F,2021,46.5862447522,-90.3329422193
BB22_1010,2022,Black Bear,,Hunting,Bergland,Ontonagon,M,2021,46.7161786843,-89.208871198
BB22_1011,2022,Black Bear,9-Oct-22,Hunting,Bergland,Gogebic,F,2020,46.340281168,-89.4175612045
BB22_1012,2022,Black Bear,26-Sep-22,Hunting,Bergland,Ontonagon,F,2021,46.5996016074,-89.479729907
BB22_1013,2022,Black Bear,26-Sep-22,Hunting,Bergland,Ontonagon,F,2021,46.6573516348,-89.4595082357
BB22_1014,2022,Black Bear,13-Sep-22,Hunting,Baraga,Houghton,M,2018,46.5571612226,-88.8143639103
BB22_1015,2022,Black Bear,4-Oct-22,Hunting,Bergland,Gogebic,F,2021,46.6003718375,-90.2083245344
BB22_1016,2022,Black Bear,3-Oct-22,Hunting,Bergland,Gogebic,M,2020,46.3693712748,-89.4179572053
BB22_1017,2022,Black Bear,28-Sep-22,Hunting,Bergland,Gogebic,F,2013,46.4843870952,-89.3762026567
BB22_1018,2022,Black Bear,26-Sep-22,Hunting,Bergland,Ontonagon,M,2020,46.6437112003,-89.4170387499
BB22_1019,2022,Black Bear,3-Oct-22,Hunting,Bergland,Ontonagon,F,2016,46.5562823414,-89.4172179633
BB22_102,2022,Black Bear,12-Sep-22,Hunting,Baraga,,M,2021,47.1636193931,-88.3302941165
BB22_1020,2022,Black Bear,30-Sep-22,Hunting,Baraga,Ontonagon,F,2018,46.8007612449,-89.0059944891
BB22_1021,2022,Black Bear,1-Oct-22,Hunting,Amasa,Iron,M,2021,46.2825132622,-88.7723531745
BB22_1022,2022,Black Bear,25-Sep-22,Hunting,Bergland,Ontonagon,M,2020,46.6430532518,-89.5419932912
BB22_1023,2022,Black Bear,26-Sep-22,Hunting,Amasa,Iron,F,2002,46.369328939,-88.8973896459
BB22_1024,2022,Black Bear,30-Sep-22,Hunting,Amasa,Houghton,M,2020,46.426870573,-88.876692465
BB22_1025,2022,Black Bear,28-Sep-22,Hunting,Baraga,Ontonagon,M,2020,46.4988973819,-89.0853497791
BB22_1026,2022,Black Bear,25-Sep-22,Hunting,Bergland,Ontonagon,F,2018,46.6580058311,-89.4167592334
BB22_1027,2022,Black Bear,13-Sep-22,Hunting,Bergland,Ontonagon,M,2020,46.4555291703,-89.293065096
BB22_1028,2022,Black Bear,26-Sep-22,Hunting,Bergland,Gogebic,M,2021,46.3547082114,-89.4597192629
BB22_1029,2022,Black Bear,12-Sep-22,Hunting,Bergland,Ontonagon,M,2018,46.6719900903,-89.7495525345
BB22_103,2022,Black Bear,12-Sep-22,Hunting,Baraga,Houghton,F,2020,46.9603875913,-88.6682795866
BB22_1030,2022,Black Bear,24-Sep-22,Hunting,Amasa,Ontonagon,M,2021,46.4124795907,-89.0016879327
BB22_1031,2022,Black Bear,29-Sep-22,Hunting,Bergland,Ontonagon,M,2020,46.6291479467,-89.3961466189
BB22_1032,2022,Black Bear,16-Sep-22,Hunting,Bergland,Ontonagon,M,2019,46.4987215057,-89.2515298563
BB22_1033,2022,Black Bear,17-Sep-22,Hunting,Baraga,Ontonagon,M,2020,46.6146465071,-89.0638762466
BB22_1034,2022,Black Bear,1-Oct-22,Hunting,Bergland,Ontonagon,F,2019,46.6289704016,-89.2507073853
BB22_1035,2022,Black Bear,25-Sep-22,Hunting,Bergland,Ontonagon,M,2020,46.3834084999,-89.1891154693
BB22_1036,2022,Black Bear,26-Sep-22,Hunting,Bergland,Gogebic,M,2021,46.3693712748,-89.4179572053
BB22_1037,2022,Black Bear,1-Oct-22,Hunting,Amasa,Houghton,F,2019,46.4269174624,-88.9810625024
BB22_1038,2022,Black Bear,30-Sep-22,Hunting,Amasa,Houghton,M,2020,46.4416888847,-88.7936891545
BB22_1039,2022,Black Bear,26-Sep-22,Hunting,Bergland,Ontonagon,M,2021,46.6289704016,-89.2507073853
BB22_104,2022,Black Bear,12-Sep-22,Hunting,Baraga,Houghton,M,2021,46.9020073176,-88.7526318591
BB22_1040,2022,Black Bear,29-Sep-22,Hunting,Bergland,Ontonagon,F,2019,46.7013707787,-89.2922833258
BB22_1041,2022,Black Bear,27-Sep-22,Hunting,Baraga,Houghton,M,2021,46.6003885316,-88.9602068385
BB22_1042,2022,Black Bear,27-Sep-22,Hunting,Bergland,Ontonagon,M,2021,46.6289704016,-89.2507073853
BB22_1043,2022,Black Bear,24-Sep-22,Hunting,Bergland,Ontonagon,F,2018,46.6581979473,-89.3959957196
BB22_1044,2022,Black Bear,12-Sep-22,Hunting,Bergland,Ontonagon,M,2019,46.6289125235,-89.7922835458
BB22_1045,2022,Black Bear,12-Oct-22,Hunting,Bergland,Ontonagon,M,2020,46.6580999009,-89.14679249
BB22_1046,2022,Black Bear,27-Sep-22,Hunting,Baraga,Houghton,M,2020,46.60032753,-88.9392662095
BB22_1047,2022,Black Bear,16-Sep-22,Hunting,Amasa,Iron,M,2021,46.3837374506,-88.7313567286
BB22_1048,2022,Black Bear,19-Sep-22,Hunting,Amasa,Houghton,F,2009,46.4703517494,-88.8357752648
BB22_1049,2022,Black Bear,15-Sep-22,Hunting,Bergland,Ontonagon,M,2019,46.6145888841,-89.188919226
BB22_105,2022,Black Bear,8-Sep-22,Hunting,Amasa,Houghton,M,2019,46.3404251839,-88.7937205536
BB22_1050,2022,Black Bear,13-Sep-22,Hunting,Bergland,Ontonagon,M,2019,46.6433845912,-89.2717731027
BB22_1051,2022,Black Bear,18-Sep-22,Hunting,Amasa,Ontonagon,M,2020,46.4125043897,-89.0432474369
BB22_1052,2022,Black Bear,26-Sep-22,Hunting,Amasa,Iron,M,2021,46.3838410037,-88.8976213994
BB22_1053,2022,Black Bear,25-Sep-22,Hunting,Bergland,Gogebic,F,2017,46.2828470587,-89.6053749812
BB22_1054,2022,Black Bear,4-Oct-22,Hunting,Bergland,Ontonagon,F,2015,46.8009228388,-89.2812411613
BB22_1055,2022,Black Bear,28-Sep-22,Hunting,Bergland,Gogebic,F,2014,46.3693220974,-89.4390359643
BB22_1056,2022,Black Bear,29-Sep-22,Hunting,Bergland,Ontonagon,M,2008,46.7155861783,-89.3956866154
BB22_1057,2022,Black Bear,29-Sep-22,Hunting,Bergland,Gogebic,M,2020,46.2969896631,-89.4804902785
BB22_1058,2022,Black Bear,1-Oct-22,Hunting,Baraga,Houghton,M,2021,46.5571612226,-88.8143639103
BB22_1059,2022,Black Bear,26-Sep-22,Hunting,Baraga,Ontonagon,F,2020,46.6873204077,-89.104977775
BB22_106,2022,Black Bear,11-Sep-22,Hunting,Bergland,Gogebic,M,2021,46.3980198179,-89.8134826566
BB22_1060,2022,Black Bear,14-Sep-22,Hunting,Bergland,Ontonagon,F,2019,46.6430789357,-89.4594599578
BB22_1061,2022,Black Bear,25-Sep-22,Hunting,Baraga,Houghton,F,2021,46.5570832787,-88.7935084028
BB22_1062,2022,Black Bear,19-Sep-22,Hunting,Bergland,Ontonagon,M,2021,46.3834084999,-89.1891154693
BB22_1063,2022,Black Bear,25-Sep-22,Hunting,Amasa,Houghton,M,2021,46.4561243954,-88.626784989
BB22_1064,2022,Black Bear,26-Sep-22,Hunting,Bergland,Ontonagon,F,2020,46.7154779919,-89.5838031487
BB22_1065,2022,Black Bear,25-Sep-22,Hunting,Bergland,Ontonagon,M,2020,46.6576933227,-89.2507432696
BB22_1066,2022,Black Bear,20-Sep-22,Hunting,Bergland,Ontonagon,M,2017,46.6872766071,-89.1672846656
BB22_1067,2022,Black Bear,8-Oct-22,Hunting,Baraga,Houghton,M,2020,46.528164836,-88.8770203981
BB22_1068,2022,Black Bear,12-Sep-22,Hunting,Bergland,Ontonagon,F,2011,46.5709702003,-89.3345902056
BB22_1069,2022,Black Bear,14-Sep-22,Hunting,Baraga,Houghton,M,2020,46.5138805427,-88.8152760012
BB22_107,2022,Black Bear,8-Sep-22,Hunting,Bergland,Ontonagon,F,2010,46.7863807346,-89.4506719136
BB22_1070,2022,Black Bear,26-Sep-22,Hunting,Bergland,Ontonagon,M,2021,46.7160903085,-89.1664892097
BB22_1071,2022,Black Bear,22-Sep-22,Hunting,Bergland,Ontonagon,M,2020,46.6141150433,-89.4383689536
BB22_1072,2022,Black Bear,15-Sep-22,Hunting,Amasa,Gogebic,M,2019,46.2105362522,-89.105967605
BB22_1073,2022,Black Bear,14-Sep-22,Hunting,Bergland,Ontonagon,M,2003,46.7299172619,-89.5837075792
BB22_1074,2022,Black Bear,10-Oct-22,Hunting,Bergland,Ontonagon,F,2012,46.6578493513,-89.3131905026
BB22_1075,2022,Black Bear,14-Sep-22,Hunting,Bergland,Ontonagon,M,2020,46.6289704016,-89.2507073853
BB22_1076,2022,Black Bear,25-Sep-22,Hunting,Baraga,Ontonagon,F,2011,46.830086748,-89.1763805844
BB22_1077,2022,Black Bear,27-Sep-22,Hunting,Bergland,Ontonagon,M,2020,46.771912846,-89.3658499869
BB22_1078,2022,Black Bear,18-Sep-22,Hunting,Bergland,Ontonagon,M,2021,46.5709702003,-89.3345902056
BB22_1079,2022,Black Bear,5-Oct-22,Hunting,Bergland,Gogebic,M,2019,46.2969703642,-89.5217250515
BB22_108,2022,Black Bear,7-Sep-22,Hunting,Bergland,Ontonagon,M,2020,46.7719025715,-89.4505981127
BB22_1080,2022,Black Bear,17-Sep-22,Hunting,Amasa,Ontonagon,F,2019,46.4125432808,-89.0640373661
BB22_1081,2022,Black Bear,13-Sep-22,Hunting,Bergland,Ontonagon,F,2018,46.6725683856,-89.2304917717
BB22_1082,2022,Black Bear,13-Sep-22,Hunting,Baraga,Houghton,M,2021,46.51386435,-88.79426406
BB22_1083,2022,Black Bear,13-Sep-22,Hunting,Bergland,Gogebic,F,2021,46.2684092289,-89.2513286303
BB22_1084,2022,Black Bear,29-Sep-22,Hunting,Bergland,Ontonagon,M,2020,46.5131660813,-89.2723999161
BB22_1085,2022,Black Bear,17-Oct-22,Hunting,Baraga,Marquette,M,2018,46.5424747835,-88.00176871
BB22_1086,2022,Black Bear,13-Sep-22,Hunting,Baraga,Ontonagon,M,2021,46.8442296385,-89.0273944646
BB22_1087,2022,Black Bear,15-Sep-22,Hunting,Bergland,Ontonagon,F,2021,46.6871949752,-89.2092878404
BB22_1088,2022,Black Bear,10-Oct-22,Hunting,Bergland,Gogebic,F,2020,46.5858365135,-90.1664075425
BB22_1089,2022,Black Bear,26-Sep-22,Hunting,Baraga,Baraga,F,2020,46.7722229677,-88.3087852208
BB22_109,2022,Black Bear,8-Sep-22,Hunting,Baraga,Keweenaw,M,2020,47.3220191532,-88.3735240734
BB22_1090,2022,Black Bear,3-Oct-22,Hunting,,Ontonagon,M,2020,46.6642255647,-89.315059723
BB22_1091,2022,Black Bear,1-Oct-22,Hunting,Baraga,Ontonagon,M,2020,46.9738866089,-89.1120389128
BB22_1092,2022,Black Bear,13-Sep-22,Hunting,Bergland,Gogebic,F,2018,46.5999634773,-89.9379331382
BB22_1093,2022,Black Bear,14-Sep-22,Hunting,Bergland,Ontonagon,F,2021,46.7443675969,-89.7082066562
BB22_1094,2022,Black Bear,8-Oct-22,Hunting,Baraga,Keweenaw,F,2020,47.337044767,-88.0355705763
BB22_1095,2022,Black Bear,11-Sep-22,Hunting,Bergland,Ontonagon,F,2021,46.6725538296,-89.395923801
,2022,Black Bear,9-Oct-22,Hunting,Bergland,Ontonagon,F,2020,46.614495763,-89.2507571551
BB22_1097,2022,Black Bear,3-Oct-22,Hunting,Bergland,Ontonagon,M,2021,46.729893259,-89.5627179071
BB22_1098,2022,Black Bear,30-Sep-22,Hunting,Bergland,Gogebic,F,2020,46.3113808062,-89.8134515054
BB22_1099,2022,Black Bear,1-Oct-22,Hunting,Bergland,Gogebic,M,2016,46.2825289058,-89.7719145446
BB22_11,2022,Black Bear,11-Sep-22,Hunting,Gwinn,Marquette,M,2012,46.3699553399,-87.7296677034
BB22_110,2022,Black Bear,8-Sep-22,Hunting,Baraga,Houghton,F,2015,47.0180710732,-88.6897090548
BB22_1100,2022,Black Bear,30-Sep-22,Hunting,Bergland,Ontonagon,M,2020,46.7584206311,-89.6660814583
BB22_1101,2022,Black Bear,14-Sep-22,Hunting,Bergland,Gogebic,M,2021,46.600060118,-89.9169920868
BB22_1102,2022,Black Bear,28-Sep-22,Hunting,Baraga,Houghton,M,2021,46.8731602596,-88.9219000426
BB22_1103,2022,Black Bear,1-Oct-22,Hunting,Bergland,Gogebic,M,2020,46.3837070688,-89.7506374973
BB22_1104,2022,Black Bear,2-Oct-22,Hunting,Baraga,Baraga,F,2010,46.7441751163,-88.4175777757
BB22_1105,2022,Black Bear,12-Sep-22,Hunting,Bergland,Gogebic,F,2020,46.5711880505,-89.958838004
BB22_1106,2022,Black Bear,28-Sep-22,Hunting,Baraga,Houghton,M,2019,46.5571426444,-88.6893730761
BB22_1107,2022,Black Bear,21-Sep-22,Hunting,Amasa,Iron,M,2020,46.3404072021,-88.8353484738
BB22_1108,2022,Black Bear,2-Oct-22,Hunting,Bergland,Gogebic,F,2020,46.5856553656,-90.1040076353
BB22_1109,2022,Black Bear,1-Oct-22,Hunting,Baraga,Houghton,M,2019,46.5427590923,-88.8563851918
BB22_111,2022,Black Bear,9-Sep-22,Hunting,Bergland,Ontonagon,F,2017,46.7864461756,-89.4717635728
BB22_1110,2022,Black Bear,12-Sep-22,Hunting,Bergland,Ontonagon,F,2016,46.7444125758,-89.6871773771
BB22_1111,2022,Black Bear,30-Sep-22,Hunting,Bergland,Gogebic,M,2021,46.45529555,-89.5212086444
BB22_1112,2022,Black Bear,29-Sep-22,Hunting,Bergland,Ontonagon,M,2019,46.7445338535,-89.291962507
BB22_1113,2022,Black Bear,25-Sep-22,Hunting,Bergland,Gogebic,M,2020,46.600060118,-89.9169920868
BB22_1114,2022,Black Bear,4-Oct-22,Hunting,Bergland,Gogebic,M,2020,46.5855544462,-89.9794339199
BB22_1115,2022,Black Bear,1-Oct-22,Hunting,Baraga,Houghton,M,2021,47.0327926803,-88.6052304988
BB22_1116,2022,Black Bear,4-Oct-22,Hunting,Baraga,Ontonagon,F,2019,46.7153897057,-88.8955907698
BB22_1117,2022,Black Bear,26-Sep-22,Hunting,Baraga,Baraga,F,2019,46.6399552666,-88.3385192506
BB22_1118,2022,Black Bear,29-Sep-22,Hunting,Baraga,Baraga,F,2021,46.6865054646,-88.5848622718
BB22_1119,2022,Black Bear,8-Oct-22,Hunting,Bergland,Gogebic,M,2021,46.3258023468,-90.0005952591
BB22_112,2022,Black Bear,11-Sep-22,Hunting,Bergland,Ontonagon,M,2021,46.5851768154,-89.5630141399
BB22_1120,2022,Black Bear,9-Oct-22,Hunting,Baraga,Baraga,F,2021,46.8300158223,-88.3724066974
BB22_1121,2022,Black Bear,1-Oct-22,Hunting,Bergland,Ontonagon,F,2020,46.7298786096,-89.833539995
BB22_1122,2022,Black Bear,7-Oct-22,Hunting,Bergland,Gogebic,M,2019,46.2682715485,-89.6677022469
BB22_1123,2022,Black Bear,16-Sep-22,Hunting,Bergland,Ontonagon,F,2019,46.4411605584,-89.2306285222
BB22_1124,2022,Black Bear,13-Sep-22,Hunting,Bergland,Gogebic,M,2020,46.4845479088,-89.5421826678
BB22_1125,2022,Black Bear,29-Sep-22,Hunting,Bergland,Gogebic,M,2021,46.5999634773,-89.9379331382
BB22_1126,2022,Black Bear,1-Oct-22,Hunting,Bergland,Gogebic,M,2016,46.2971438676,-89.7511810552
BB22_1127,2022,Black Bear,7-Sep-22,Hunting,Baraga,Baraga,M,2021,46.8444406655,-88.6682548964
BB22_1128,2022,Black Bear,18-Sep-22,Hunting,Amasa,Iron,M,2018,46.4128603777,-88.7936447578
BB22_1129,2022,Black Bear,9-Sep-22,Hunting,Baraga,Baraga,M,2020,46.8444659436,-88.6469254883
BB22_113,2022,Black Bear,7-Sep-22,Hunting,Bergland,Ontonagon,M,2019,46.7161786843,-89.208871198
BB22_1130,2022,Black Bear,8-Sep-22,Hunting,Baraga,Baraga,M,2017,46.8443712482,-88.6045549731
BB22_1131,2022,Black Bear,7-Sep-22,Hunting,Baraga,Baraga,F,2020,46.7720073383,-88.5833176765
BB22_1132,2022,Black Bear,9-Sep-22,Hunting,Baraga,Baraga,M,2020,46.8298493255,-88.6042605638
BB22_1133,2022,Black Bear,12-Sep-22,Hunting,Baraga,Ontonagon,M,2020,46.6146099186,-89.1679620159
BB22_1134,2022,Black Bear,13-Sep-22,Hunting,Baraga,Houghton,F,2021,46.6290558274,-88.9174793349
BB22_1135,2022,Black Bear,11-Oct-22,Hunting,Baraga,Keweenaw,M,2020,47.4383514143,-88.0989684869
BB22_1136,2022,Black Bear,6-Oct-22,Hunting,Baraga,Keweenaw,F,2019,47.2933862353,-88.309465738
BB22_1137,2022,Black Bear,26-Sep-22,Hunting,Baraga,Keweenaw,M,2017,47.2069993412,-88.2457137827
BB22_1138,2022,Black Bear,12-Sep-22,Hunting,Bergland,Ontonagon,M,2017,46.5131018035,-89.2932459074
BB22_1139,2022,Black Bear,11-Sep-22,Hunting,Bergland,Ontonagon,F,2012,46.4842620604,-89.3139754548
BB22_114,2022,Black Bear,8-Sep-22,Hunting,Baraga,Ontonagon,M,2020,46.8732085292,-89.1334411442
BB22_1140,2022,Black Bear,25-Sep-22,Hunting,Baraga,Houghton,M,2021,46.9024387242,-88.668364385
,2022,Black Bear,11-Sep-22,Hunting,Baldwin,Mecosta,M,2021,43.5908839817,-85.5326417959
BB22_1142,2022,Black Bear,12-Sep-22,Hunting,Bergland,Ontonagon,M,2020,46.6140869054,-89.5630864765
BB22_1143,2022,Black Bear,12-Sep-22,Hunting,Bergland,Ontonagon,F,2019,46.6576933227,-89.2507432696
BB22_1144,2022,Black Bear,12-Sep-22,Hunting,Bergland,Ontonagon,F,2020,46.4411612374,-89.2099078007
BB22_1145,2022,Black Bear,7-Sep-22,Hunting,Baraga,Keweenaw,F,2014,47.2079352794,-88.2260048277
BB22_1146,2022,Black Bear,6-Oct-22,Hunting,Baraga,Houghton,M,2021,47.0907518628,-88.4149380136
BB22_1147,2022,Black Bear,10-Oct-22,Hunting,Baraga,Keweenaw,M,2019,47.2502478512,-88.1405931408
BB22_1148,2022,Black Bear,8-Oct-22,Hunting,Baraga,Houghton,F,2021,47.0040709532,-88.4356562117
BB22_1149,2022,Black Bear,3-Oct-22,Hunting,Baraga,Keweenaw,F,2019,47.3078213825,-88.2462623251
BB22_115,2022,Black Bear,7-Sep-22,Hunting,Bergland,Ontonagon,M,2020,46.7864461756,-89.4717635728
BB22_1150,2022,Black Bear,11-Sep-22,Hunting,Baraga,Ontonagon,M,2021,46.5134315308,-89.0226774509
BB22_1151,2022,Black Bear,11-Sep-22,Hunting,Baraga,Keweenaw,M,2020,47.2360354323,-88.1827802768
BB22_1152,2022,Black Bear,12-Sep-22,Hunting,Baraga,Houghton,F,2016,47.2069704781,-88.3090081396
BB22_1153,2022,Black Bear,12-Sep-22,Hunting,Bergland,Gogebic,F,2017,46.2682404967,-89.2304488131
BB22_1154,2022,Black Bear,12-Sep-22,Hunting,Baraga,Ontonagon,F,2020,46.9020766244,-89.176421261
BB22_1155,2022,Black Bear,9-Sep-22,Hunting,Bergland,Ontonagon,M,2020,46.6725585292,-89.1888046341
BB22_1156,2022,Black Bear,23-Sep-22,Hunting,Baraga,Keweenaw,F,2019,47.2499633548,-88.2883593975
BB22_1157,2022,Black Bear,15-Sep-22,Hunting,Baraga,Houghton,M,2013,47.1780551075,-88.2876721235
BB22_1158,2022,Black Bear,24-Sep-22,Hunting,Baraga,Keweenaw,F,2014,47.3078213825,-88.2462623251
BB22_1159,2022,Black Bear,8-Sep-22,Hunting,Baraga,Baraga,F,2020,46.8296848488,-88.5833792671
BB22_116,2022,Black Bear,10-Sep-22,Hunting,Baraga,Houghton,F,2010,47.0327634382,-88.7108935113
,2022,Black Bear,17-Sep-22,Hunting,Baldwin,Newaygo,M,2019,43.7065485788,-85.7311432337
BB22_1161,2022,Black Bear,11-Sep-22,Hunting,Baraga,Ontonagon,F,2020,46.8442296385,-89.0273944646
BB22_1162,2022,Black Bear,10-Sep-22,Hunting,Bergland,Gogebic,F,2017,46.2682404967,-89.2304488131
BB22_1163,2022,Black Bear,13-Sep-22,Hunting,Baraga,Houghton,F,2020,47.0760842637,-88.435954675
,2022,Black Bear,13-Sep-22,Hunting,Red Oak,Montmorency,F,2021,44.9501160024,-84.0420744192
,2022,Black Bear,12-Sep-22,Hunting,Red Oak,Otsego,M,2021,45.0918350236,-84.5001181979
,2022,Black Bear,12-Sep-22,Hunting,Red Oak,Montmorency,F,2004,45.1200463073,-84.3384360491
,2022,Black Bear,11-Sep-22,Hunting,Red Oak,Otsego,F,2021,45.0210705332,-84.4605728112
,2022,Black Bear,17-Sep-22,Hunting,Red Oak,Cheboygan,F,2018,45.2795695436,-84.4786797319
,2022,Black Bear,16-Sep-22,Hunting,Red Oak,Otsego,M,2019,45.0487743695,-84.5619666396
BB22_117,2022,Black Bear,10-Sep-22,Hunting,Bergland,Ontonagon,F,2008,46.8156886994,-89.5770867539
BB22_1170,2022,Black Bear,26-Sep-22,Hunting,Baraga,Ontonagon,F,2021,46.5134315308,-89.0226774509
,2022,Black Bear,11-Sep-22,Hunting,Red Oak,Montmorency,F,2011,45.1630485667,-84.3578474374
,2022,Black Bear,17-Sep-22,Hunting,Red Oak,Kalkaska,F,2021,44.85125068,-84.8980357647
,2022,Black Bear,17-Sep-22,Hunting,Red Oak,Montmorency,M,2020,45.0488787741,-84.3179968142
,2022,Black Bear,17-Sep-22,Hunting,Red Oak,Montmorency,F,2019,45.0488787741,-84.3179968142
,2022,Black Bear,24-Sep-22,Hunting,Gwinn,Alger,M,2021,46.1658579414,-86.6878199503
,2022,Black Bear,11-Sep-22,Hunting,Red Oak,Cheboygan,F,2019,45.6866551746,-84.6816687702
,2022,Black Bear,16-Sep-22,Hunting,Red Oak,Cheboygan,F,2005,45.2356426032,-84.4586905247
,2022,Black Bear,11-Sep-22,Hunting,Red Oak,Otsego,F,2017,45.1800508275,-84.7244874566
,2022,Black Bear,9-Oct-22,Hunting,Red Oak,Cheboygan,M,2018,45.2091004839,-84.7243969304
BB22_118,2022,Black Bear,8-Sep-22,Hunting,Bergland,Ontonagon,F,2018,46.6720157778,-89.4380485944
,2022,Black Bear,16-Sep-22,Hunting,Red Oak,Crawford,M,2021,44.7211216983,-84.7573641633
,2022,Black Bear,18-Sep-22,Hunting,Red Oak,Montmorency,M,2020,45.1201855884,-84.1542983299
,2022,Black Bear,13-Sep-22,Hunting,Red Oak,Charlevoix,M,2021,45.1540508295,-85.0292205116
,2022,Black Bear,14-Sep-22,Hunting,Red Oak,Otsego,M,2021,45.1497876985,-84.6632888255
,2022,Black Bear,14-Sep-22,Hunting,Red Oak,Crawford,M,2021,44.7498847337,-84.8380619337
,2022,Black Bear,15-Sep-22,Hunting,Red Oak,Cheboygan,F,2017,45.3037939452,-84.2592507019
BB22_1186,2022,Black Bear,30-Sep-22,Hunting,Newberry,Mackinac,F,2018,46.1221332319,-85.0613203862
BB22_1187,2022,Black Bear,16-Sep-22,Hunting,Newberry,Mackinac,M,2020,46.1508694062,-84.8525791115
,2022,Black Bear,13-Sep-22,Hunting,Red Oak,Cheboygan,F,2021,45.3671477018,-84.5380153345
,2022,Black Bear,9-Oct-22,Hunting,Red Oak,Otsego,F,2020,44.964958043,-84.5167537994
BB22_119,2022,Black Bear,8-Sep-22,Hunting,Bergland,Ontonagon,F,2020,46.6725538296,-89.395923801
,2022,Black Bear,28-Sep-22,Hunting,Newberry,Mackinac,M,2019,45.9625606261,-84.8312797663
,2022,Black Bear,14-Sep-22,Hunting,Red Oak,Otsego,F,2019,45.0486137689,-84.4193134318
,2022,Black Bear,12-Sep-22,Hunting,Red Oak,Presque Isle,F,2016,45.2636491239,-84.1346807454
BB22_1193,2022,Black Bear,27-Sep-22,Hunting,Newberry,Luce,M,2020,46.6701875637,-85.5628658578
BB22_1194,2022,Black Bear,2-Oct-22,Hunting,Newberry,Chippewa,M,2021,46.1795013888,-84.7696575678
,2022,Black Bear,13-Sep-22,Hunting,Red Oak,Otsego,F,2017,45.119920979,-84.4389800385
,2022,Black Bear,13-Sep-22,Hunting,Red Oak,Emmet,M,2019,45.6575443064,-84.9455278625
,2022,Black Bear,25-Sep-22,Hunting,Gwinn,Delta,M,2018,46.1370844211,-87.0845895486
BB22_1198,2022,Black Bear,5-Oct-22,Hunting,Newberry,Chippewa,M,2021,46.4115158055,-84.6244579266
,2022,Black Bear,15-Sep-22,Hunting,Red Oak,Presque Isle,M,2014,45.3334028969,-84.1010211717
BB22_12,2022,Black Bear,12-Sep-22,Hunting,Gwinn,Dickinson,F,2021,46.210375081,-87.9188672116
BB22_120,2022,Black Bear,7-Sep-22,Hunting,Bergland,Ontonagon,M,2020,46.6719549232,-89.6452429882
,2022,Black Bear,17-Sep-22,Hunting,Red Oak,Antrim,M,2018,45.0237612712,-84.8593661116
,2022,Black Bear,22-Sep-22,Hunting,Red Oak,Otsego,F,2021,44.964958043,-84.5167537994
BB22_1202,2022,Black Bear,23-Sep-22,Hunting,Newberry,Chippewa,M,2018,46.2668547899,-84.2908424206
,2022,Black Bear,11-Sep-22,Hunting,Red Oak,Montmorency,F,2021,45.0205245057,-84.345127587
BB22_1204,2022,Black Bear,30-Sep-22,Hunting,Newberry,Delta,M,2021,46.034778463,-86.5622218466
,2022,Black Bear,11-Sep-22,Hunting,Red Oak,Cheboygan,M,2021,45.6582636384,-84.7026149279
,2022,Black Bear,11-Sep-22,Hunting,Red Oak,Otsego,F,2020,45.0488175695,-84.5010172225
,2022,Black Bear,11-Sep-22,Hunting,Red Oak,Otsego,F,2018,44.8917270898,-84.4232972953
,2022,Black Bear,11-Sep-22,Hunting,Red Oak,Otsego,M,2019,44.977905996,-84.4215674599
,2022,Black Bear,12-Sep-22,Hunting,Red Oak,Montmorency,F,2012,44.9360954877,-83.9604882065
BB22_121,2022,Black Bear,10-Sep-22,Hunting,Bergland,,M,2019,46.469966223,-89.3762337551
,2022,Black Bear,13-Sep-22,Hunting,Red Oak,Otsego,F,2009,44.9074916951,-84.5368738304
BB22_1211,2022,Black Bear,14-Sep-22,Hunting,Newberry,Mackinac,F,2020,46.0787476154,-84.664958654
,2022,Black Bear,12-Sep-22,Hunting,Red Oak,Otsego,M,2019,45.0487398695,-84.4396221764
,2022,Black Bear,13-Oct-22,Hunting,Red Oak,Kalkaska,F,2019,44.6337704829,-84.9416180243
,2022,Black Bear,17-Sep-22,Hunting,Red Oak,Charlevoix,M,2019,45.2676219234,-84.7431543447
,2022,Black Bear,12-Sep-22,Hunting,Red Oak,Antrim,M,2020,45.026026823,-85.1219903873
,2022,Black Bear,11-Sep-22,Hunting,Red Oak,Cheboygan,F,2020,45.3613075377,-84.2576755139
BB22_1217,2022,Black Bear,8-Sep-22,Hunting,Newberry,Luce,M,2019,46.6148108492,-85.3337514808
,2022,Black Bear,11-Sep-22,Hunting,Red Oak,Cheboygan,M,2020,45.7287319292,-84.6808501823
,2022,Black Bear,11-Sep-22,Hunting,Red Oak,Crawford,F,2021,44.8502206061,-84.5362251459
BB22_122,2022,Black Bear,8-Sep-22,Hunting,Bergland,Gogebic,M,2019,46.4559409044,-90.1042702552
,2022,Black Bear,19-Sep-22,Hunting,Red Oak,Cheboygan,M,2018,45.6338356052,-84.2833667769
,2022,Black Bear,11-Sep-22,Hunting,Red Oak,Cheboygan,F,2021,45.2378398545,-84.7037206405
,2022,Black Bear,11-Sep-22,Hunting,Red Oak,Montmorency,F,2018,44.948593986,-84.303274229
,2022,Black Bear,11-Sep-22,Hunting,Red Oak,Cheboygan,F,2015,45.2356426032,-84.4586905247
,2022,Black Bear,11-Sep-22,Hunting,Red Oak,Crawford,M,2020,44.8506826366,-84.8373695556
,2022,Black Bear,7-Sep-22,Hunting,Red Oak,Charlevoix,F,2020,45.2688815114,-84.8848310408
,2022,Black Bear,11-Sep-22,Hunting,Red Oak,Montmorency,M,2020,45.1344736485,-84.0930293128
,2022,Black Bear,12-Sep-22,Hunting,Red Oak,Crawford,F,2021,44.806894669,-84.5953833043
,2022,Black Bear,13-Sep-22,Hunting,Red Oak,Emmet,F,2016,45.5581742378,-85.0061023668
,2022,Black Bear,13-Sep-22,Hunting,Red Oak,Charlevoix,F,2018,45.1660214542,-84.7655441684
BB22_123,2022,Black Bear,8-Sep-22,Hunting,Bergland,Gogebic,F,2019,46.5422608555,-90.0419251794
,2022,Black Bear,13-Sep-22,Hunting,Red Oak,Cheboygan,M,2017,45.2945013519,-84.5590705338
,2022,Black Bear,14-Sep-22,Hunting,Red Oak,Antrim,F,2020,44.9822974595,-85.0399509124
,2022,Black Bear,13-Sep-22,Hunting,Red Oak,Charlevoix,M,2021,45.2688815114,-84.8848310408
,2022,Black Bear,14-Sep-22,Hunting,Red Oak,Charlevoix,M,2021,45.2402926978,-84.905768361
,2022,Black Bear,13-Sep-22,Hunting,Red Oak,Cheboygan,M,2018,45.3648836211,-84.3990217682
,2022,Black Bear,12-Sep-22,Hunting,Red Oak,Cheboygan,M,2019,45.6209471604,-84.3446726374
,2022,Black Bear,13-Sep-22,Hunting,Red Oak,Montmorency,F,2015,44.8765945405,-84.3629308582
BB22_1237,2022,Black Bear,25-Sep-22,Hunting,Newberry,Mackinac,M,2020,46.1078116612,-84.4777042538
,2022,Black Bear,13-Sep-22,Hunting,Red Oak,Crawford,F,2006,44.8502206061,-84.5362251459
BB22_1239,2022,Black Bear,14-Sep-22,Hunting,Gwinn,Marquette,M,2019,46.0501757959,-87.3152499349
BB22_124,2022,Black Bear,10-Sep-22,Hunting,Bergland,Gogebic,F,2020,46.527694473,-89.9381655462
,2022,Black Bear,14-Sep-22,Hunting,Red Oak,Emmet,M,2021,45.5579582895,-84.8835606968
,2022,Black Bear,13-Sep-22,Hunting,Baldwin,Manistee,F,2018,44.4185960207,-85.9295123288
,2022,Black Bear,17-Sep-22,Hunting,Red Oak,Antrim,F,2021,45.026026823,-85.1219903873
BB22_1243,2022,Black Bear,27-Sep-22,Hunting,Gwinn,Marquette,F,2020,46.2100476978,-87.293128452
BB22_1244,2022,Black Bear,2-Oct-22,Hunting,Newberry,Chippewa,F,2016,46.252246812,-84.2488996015
,2022,Black Bear,7-Oct-22,Hunting,Red Oak,Otsego,M,2020,44.8931680366,-84.5768420011
,2022,Black Bear,8-Oct-22,Hunting,Red Oak,Charlevoix,M,2020,45.253776883,-84.8052003438
BB22_1247,2022,Black Bear,26-Sep-22,Hunting,Newberry,Chippewa,F,2021,46.4257917556,-84.8335572808
,2022,Black Bear,11-Sep-22,Hunting,Red Oak,Otsego,M,2021,44.8930468923,-84.5367448699
,2022,Black Bear,13-Sep-22,Hunting,Red Oak,Charlevoix,M,2015,45.1828742659,-85.0292024804
BB22_125,2022,Black Bear,12-Sep-22,Hunting,Bergland,Gogebic,F,2021,46.5853055391,-89.7505135159
,2022,Black Bear,18-Sep-22,Hunting,Red Oak,Cheboygan,F,2018,45.2203554194,-84.3578237162
,2022,Black Bear,14-Sep-22,Hunting,Red Oak,Emmet,F,2018,45.6297985664,-84.740977512
,2022,Black Bear,17-Sep-22,Hunting,Red Oak,Emmet,F,2019,45.6297985664,-84.740977512
,2022,Black Bear,9-Sep-22,Hunting,Red Oak,Cheboygan,M,2020,45.6854674821,-84.6000240801
BB22_1254,2022,Black Bear,10-Sep-22,Hunting,Newberry,Chippewa,M,2021,46.1366721756,-84.2282538812
,2022,Black Bear,11-Sep-22,Hunting,Red Oak,Cheboygan,F,2018,45.7148347486,-84.7017640852
,2022,Black Bear,2-Oct-22,Hunting,Red Oak,Montmorency,M,2018,44.9920891962,-84.2836379907
,2022,Black Bear,12-Sep-22,Hunting,Red Oak,Otsego,M,2017,44.9793728969,-84.5168183814
,2022,Black Bear,16-Sep-22,Hunting,Red Oak,Otsego,F,2018,44.9635168599,-84.421549679
,2022,Black Bear,13-Sep-22,Hunting,Red Oak,Emmet,F,2019,45.7305782795,-84.8837732414
BB22_126,2022,Black Bear,7-Sep-22,Hunting,Baraga,Ontonagon,M,2020,46.8149592873,-89.0062115331
,2022,Black Bear,25-Sep-22,Hunting,Newberry,Mackinac,M,2020,46.0645895594,-84.5192511689
,2022,Black Bear,14-Sep-22,Hunting,Red Oak,Emmet,F,2019,45.558002728,-84.9246706591
,2022,Black Bear,12-Sep-22,Hunting,Red Oak,Antrim,F,2017,44.9237006352,-84.9795188281
,2022,Black Bear,11-Sep-22,Hunting,Red Oak,Montmorency,M,2021,44.977395657,-84.362794571
,2022,Black Bear,18-Sep-22,Hunting,Red Oak,Charlevoix,M,2017,45.2544230616,-84.8850503342
,2022,Black Bear,15-Sep-22,Hunting,Red Oak,Antrim,M,2015,45.0247320414,-84.9985600087
,2022,Black Bear,15-Sep-22,Hunting,Red Oak,Charlevoix,F,2020,45.2547991347,-84.9053903876
,2022,Black Bear,14-Sep-22,Hunting,Red Oak,Antrim,M,2020,45.0860429972,-85.2746429699
BB22_1268,2022,Black Bear,15-Oct-22,Hunting,Newberry,Mackinac,F,2020,46.0494343822,-84.7687193369
,2022,Black Bear,13-Sep-22,Hunting,Red Oak,Cheboygan,F,2005,45.599805757,-84.640671038
BB22_127,2022,Black Bear,7-Sep-22,Hunting,Baraga,Houghton,M,2020,47.0771650111,-88.7332398123
,2022,Black Bear,12-Sep-22,Hunting,Red Oak,Charlevoix,F,2020,45.154441892,-84.9684239807
,2022,Black Bear,15-Sep-22,Hunting,Red Oak,Otsego,F,2020,45.1058108189,-84.4998752472
,2022,Black Bear,12-Sep-22,Hunting,Red Oak,Crawford,F,2020,44.7779668772,-84.5754285031
,2022,Black Bear,15-Sep-22,Hunting,Red Oak,Crawford,M,2021,44.8044920455,-84.3815469631
,2022,Black Bear,19-Sep-22,Hunting,Red Oak,Otsego,F,2019,45.1510219586,-84.7247905294
,2022,Black Bear,23-Sep-22,Hunting,Red Oak,Cheboygan,M,2020,45.2068238661,-84.4784717779
,2022,Black Bear,13-Sep-22,Hunting,Red Oak,Antrim,F,2018,45.0812700343,-84.9286458664
,2022,Black Bear,14-Sep-22,Hunting,Red Oak,Cheboygan,F,2017,45.293148826,-84.4194543991
,2022,Black Bear,12-Sep-22,Hunting,Red Oak,Otsego,F,2017,45.0630223805,-84.5414427121
BB22_1279,2022,Black Bear,27-Sep-22,Hunting,Gwinn,Dickinson,F,2018,46.2248490207,-87.9397484864
BB22_128,2022,Black Bear,7-Sep-22,Hunting,Baraga,Keweenaw,M,2021,47.337044767,-88.0355705763
,2022,Black Bear,15-Oct-22,Hunting,Carney,Dickinson,F,2020,45.9929846244,-87.8148305257
BB22_1281,2022,Black Bear,4-Oct-22,Hunting,Amasa,Dickinson,F,2019,46.2104826729,-88.0652909658
BB22_1282,2022,Black Bear,29-Sep-22,Hunting,Amasa,Dickinson,F,2003,46.0089660278,-87.870284829
BB22_1283,2022,Black Bear,7-Oct-22,Hunting,Carney,Dickinson,F,2020,45.7731981841,-87.728140902
BB22_1284,2022,Black Bear,27-Sep-22,Hunting,Gwinn,Dickinson,F,2019,46.1526662726,-88.0029447092
BB22_1285,2022,Black Bear,28-Sep-22,Hunting,Gwinn,Marquette,M,2019,46.2683689097,-87.9185379921
BB22_1286,2022,Black Bear,12-Sep-22,Hunting,Amasa,Marquette,M,2020,46.3406841244,-88.0650151468
BB22_1287,2022,Black Bear,2-Oct-22,Hunting,Gwinn,Marquette,M,2020,46.2683689097,-87.9185379921
BB22_1288,2022,Black Bear,26-Sep-22,Hunting,Carney,Dickinson,F,2020,45.9784246101,-87.9605762099
BB22_1289,2022,Black Bear,1-Oct-22,Hunting,Gwinn,Dickinson,M,2019,46.1959725728,-87.9190478209
BB22_129,2022,Black Bear,8-Sep-22,Hunting,Baraga,Baraga,M,2019,46.7006515387,-88.6465393794
BB22_1290,2022,Black Bear,6-Oct-22,Hunting,Amasa,Iron,F,2021,46.13755005,-88.3986884053
BB22_1291,2022,Black Bear,30-Sep-22,Hunting,Amasa,Iron,M,2021,46.412765041,-88.5016506181
,2022,Black Bear,8-Oct-22,Hunting,Amasa,Iron,F,2020,46.1090277769,-88.2529335063
BB22_1293,2022,Black Bear,29-Sep-22,Hunting,Amasa,Iron,M,2020,46.0509627592,-88.3357435935
BB22_1294,2022,Black Bear,4-Oct-22,Hunting,Amasa,Iron,F,2014,46.0221603557,-88.2733880057
BB22_1295,2022,Black Bear,7-Oct-22,Hunting,Amasa,Iron,M,2021,46.1237087733,-88.169989316
BB22_1296,2022,Black Bear,25-Sep-22,Hunting,Amasa,Iron,M,2020,46.1960381599,-88.2321352459
BB22_1297,2022,Black Bear,2-Oct-22,Hunting,Amasa,Iron,F,2018,46.1670786314,-88.2947265845
BB22_1298,2022,Black Bear,29-Sep-22,Hunting,Bergland,Gogebic,F,2019,46.2682539543,-89.3136709465
,2022,Black Bear,26-Sep-22,Hunting,Amasa,Iron,F,2019,46.0941971971,-88.3568848388
BB22_13,2022,Black Bear,12-Sep-22,Hunting,Baraga,Marquette,M,2016,46.5856403101,-87.5627878115
BB22_130,2022,Black Bear,7-Sep-22,Hunting,Baraga,Houghton,M,2019,46.8583034105,-88.7104659351
,2022,Black Bear,29-Sep-22,Hunting,Amasa,Iron,M,2015,46.1814177189,-88.3777361972
BB22_1301,2022,Black Bear,26-Sep-22,Hunting,Amasa,Iron,F,2018,46.3404752456,-88.2730020075
BB22_1302,2022,Black Bear,27-Sep-22,Hunting,Amasa,Iron,F,2021,46.0365364614,-88.3149534901
BB22_1303,2022,Black Bear,25-Sep-22,Hunting,Carney,Dickinson,F,2017,46.0946306373,-88.0653525933
,2022,Black Bear,11-Sep-22,Hunting,Red Oak,Kalkaska,M,2021,44.6336609365,-85.0228670056
,2022,Black Bear,7-Oct-22,Hunting,Baldwin,Leelanau,F,2021,44.8550326236,-85.8049555584
BB22_1306,2022,Black Bear,7-Sep-22,Hunting,Bergland,Ontonagon,F,2011,46.5131018035,-89.2932459074
,2022,Black Bear,8-Oct-22,Hunting,Baldwin,Grand Traverse,F,2021,44.6496946682,-85.5464355001
,2022,Black Bear,8-Sep-22,Hunting,Baldwin,Benzie,M,2021,44.5645969724,-86.0082401979
,2022,Black Bear,16-Sep-22,Hunting,Baldwin,Newaygo,M,2021,43.5897521624,-85.850420424
BB22_131,2022,Black Bear,8-Sep-22,Hunting,Baraga,Ontonagon,F,2020,46.9747380151,-89.006948971
,2022,Black Bear,18-Sep-22,Hunting,Baldwin,Benzie,F,2020,44.5796659688,-86.0281779485
BB22_1311,2022,Black Bear,8-Sep-22,Hunting,Bergland,Ontonagon,M,2020,46.5996744526,-89.4382294128
BB22_1312,2022,Black Bear,7-Sep-22,Hunting,Bergland,Ontonagon,F,2011,46.556423352,-89.3549949418
,2022,Black Bear,11-Sep-22,Hunting,Baldwin,Kalkaska,M,2021,44.7358462587,-85.3033456753
,2022,Black Bear,8-Oct-22,Hunting,Baldwin,Newaygo,F,2021,43.7787944028,-85.7116405769
BB22_1315,2022,Black Bear,7-Sep-22,Hunting,Bergland,Gogebic,M,2020,46.2970067,-89.3968962373
,2022,Black Bear,15-Sep-22,Hunting,Baldwin,Grand Traverse,F,2021,44.6356787186,-85.6458864622
,2022,Black Bear,17-Sep-22,Hunting,Red Oak,Kalkaska,M,2021,44.6921221435,-85.2427878958
BB22_1318,2022,Black Bear,8-Sep-22,Hunting,Bergland,Ontonagon,M,2019,46.5417188069,-89.7091993168
BB22_1319,2022,Black Bear,7-Sep-22,Hunting,Bergland,Ontonagon,F,2021,46.7445338535,-89.291962507
BB22_132,2022,Black Bear,8-Sep-22,Hunting,Baraga,Houghton,F,2019,46.8729859018,-88.7525616618
BB22_1320,2022,Black Bear,7-Sep-22,Hunting,Baraga,Ontonagon,M,2020,46.8007612449,-89.0059944891
BB22_1321,2022,Black Bear,8-Sep-22,Hunting,Baraga,Houghton,M,2021,46.5424218522,-88.9608945122
,2022,Black Bear,18-Sep-22,Hunting,Baldwin,Grand Traverse,M,2020,44.6349111339,-85.4041455102
,2022,Black Bear,10-Oct-22,Hunting,Baldwin,Grand Traverse,F,2021,44.6211574261,-85.6253567821
BB22_1324,2022,Black Bear,7-Sep-22,Hunting,Bergland,Ontonagon,F,2019,46.5275887633,-89.3348639069
,2022,Black Bear,19-Sep-22,Hunting,Baldwin,Grand Traverse,F,2013,44.5194568033,-85.6054605829
,2022,Black Bear,11-Sep-22,Hunting,Baldwin,Grand Traverse,M,2021,44.6359803599,-85.7066385057
,2022,Black Bear,17-Sep-22,Hunting,Baldwin,Grand Traverse,F,2020,44.5339525148,-85.6459033344
,2022,Black Bear,7-Oct-22,Hunting,Baldwin,Benzie,M,2020,44.6224490332,-85.8479283988
BB22_1329,2022,Black Bear,8-Sep-22,Hunting,Bergland,Ontonagon,M,2019,46.6290027462,-89.2098448574
BB22_133,2022,Black Bear,8-Sep-22,Hunting,Baraga,Houghton,M,2019,46.5571612226,-88.8143639103
,2022,Black Bear,7-Sep-22,Hunting,Baraga,Baraga,M,2021,46.6148624066,-88.5428555607
BB22_1331,2022,Black Bear,7-Sep-22,Hunting,Amasa,Gogebic,M,2001,46.2104764234,-89.085041995
BB22_1332,2022,Black Bear,7-Sep-22,Hunting,Bergland,Ontonagon,M,2020,46.5855973533,-89.2099327506
BB22_1333,2022,Black Bear,7-Sep-22,Hunting,Bergland,Ontonagon,F,2019,46.5851666975,-89.5210837499
BB22_1334,2022,Black Bear,7-Sep-22,Hunting,Bergland,Ontonagon,M,2019,46.5851666975,-89.5210837499
,2022,Black Bear,14-Sep-22,Hunting,Baldwin,Kalkaska,M,2018,44.7650979378,-85.3030793537
,2022,Black Bear,7-Oct-22,Hunting,Baldwin,Benzie,M,2015,44.5227372869,-86.0904188705
,2022,Black Bear,9-Oct-22,Hunting,Baldwin,Grand Traverse,F,2019,44.5918122277,-85.5462460996
,2022,Black Bear,11-Sep-22,Hunting,Red Oak,Kalkaska,M,2019,44.6341372019,-85.2813535524
,2022,Black Bear,12-Sep-22,Hunting,Baldwin,Manistee,F,2020,44.4755617685,-85.8283394779
BB22_134,2022,Black Bear,7-Sep-22,Hunting,Baraga,Baraga,M,2018,46.643230505,-88.3763519282
BB22_1340,2022,Black Bear,7-Sep-22,Hunting,Amasa,Ontonagon,F,2019,46.4414577438,-89.0226784059
,2022,Black Bear,8-Oct-22,Hunting,Baldwin,Wexford,M,2019,44.4900527327,-85.8078988251
,2022,Black Bear,16-Sep-22,Hunting,Baldwin,Wexford,F,2020,44.5051289354,-85.8078255174
,2022,Black Bear,12-Sep-22,Hunting,Red Oak,Kalkaska,F,2020,44.5329204514,-85.1641288246
,2022,Black Bear,7-Sep-22,Hunting,Baraga,Ontonagon,F,2020,46.7585907929,-89.0842627904
BB22_1345,2022,Black Bear,8-Sep-22,Hunting,Bergland,Ontonagon,M,2020,46.6141150433,-89.4383689536
,2022,Black Bear,8-Sep-22,Hunting,Bergland,Ontonagon,M,2014,46.5997271008,-89.4173854661
,2022,Black Bear,8-Sep-22,Hunting,Bergland,Ontonagon,M,2021,46.5998033934,-89.3963383465
BB22_1348,2022,Black Bear,8-Sep-22,Hunting,Bergland,Ontonagon,F,2019,46.6434879801,-89.1886799247
BB22_1349,2022,Black Bear,7-Sep-22,Hunting,Baraga,Houghton,M,2021,46.5569135306,-88.9607235421
BB22_135,2022,Black Bear,7-Sep-22,Hunting,Baraga,Houghton,M,2019,47.1636193931,-88.3302941165
,2022,Black Bear,11-Sep-22,Hunting,Baldwin,Newaygo,F,2021,43.7643102275,-85.6518250606
,2022,Black Bear,7-Sep-22,Hunting,Baldwin,Benzie,M,2020,44.651513159,-85.8277064
,2022,Black Bear,13-Sep-22,Hunting,Baldwin,Manistee,M,2019,44.4651409169,-86.0703326103
BB22_1353,2022,Black Bear,8-Sep-22,Hunting,Baraga,Houghton,F,2019,46.9169947775,-88.8589110815
BB22_1354,2022,Black Bear,8-Sep-22,Hunting,Baraga,Ontonagon,F,2020,46.5856161742,-89.1679301467
BB22_1355,2022,Black Bear,8-Sep-22,Hunting,Bergland,Ontonagon,M,2018,46.5852209844,-89.5001215093
,2022,Black Bear,11-Oct-22,Hunting,Baldwin,Grand Traverse,F,2014,44.5633365696,-85.7669977749
,2022,Black Bear,13-Oct-22,Hunting,Red Oak,Kalkaska,M,2021,44.7206159147,-85.0224430213
BB22_1358,2022,Black Bear,7-Sep-22,Hunting,Amasa,Gogebic,M,2019,46.1668307398,-89.0430010809
BB22_1359,2022,Black Bear,7-Sep-22,Hunting,Bergland,Ontonagon,M,2020,46.6439203696,-89.3750415421
BB22_136,2022,Black Bear,12-Sep-22,Hunting,Baraga,Houghton,M,2016,47.1632724011,-88.5633544907
,2022,Black Bear,12-Sep-22,Hunting,Baldwin,Newaygo,M,2019,43.5334166534,-85.612514104
,2022,Black Bear,17-Sep-22,Hunting,Baldwin,Lake,M,2021,43.8221684724,-85.9883753323
,2022,Black Bear,17-Sep-22,Hunting,Baldwin,Lake,M,2021,43.9954959345,-85.6124099263
,2022,Black Bear,17-Sep-22,Hunting,Baldwin,Benzie,F,2022,44.7124752769,-86.1296229479
,2022,Black Bear,9-Sep-22,Hunting,Baldwin,Mason,M,2021,43.9098179223,-86.0487996201
BB22_1365,2022,Black Bear,23-Oct-22,Hunting,Bergland,Ontonagon,M,2020,46.5709726171,-89.3137101533
BB22_1366,2022,Black Bear,23-Oct-22,Hunting,Bergland,Gogebic,M,2019,46.340281168,-89.4175612045
BB22_1367,2022,Black Bear,19-Oct-22,Hunting,Baraga,Houghton,M,2019,46.5572238218,-88.8562129053
BB22_1368,2022,Black Bear,22-Oct-22,Hunting,Baraga,Houghton,M,2020,46.6434179117,-88.6892459004
BB22_1369,2022,Black Bear,19-Oct-22,Hunting,Baraga,Houghton,M,2021,47.1488797791,-88.5421822469
BB22_137,2022,Black Bear,14-Sep-22,Hunting,Baraga,Houghton,F,2021,46.6000025281,-88.897227598
BB22_1370,2022,Black Bear,16-Oct-22,Hunting,Baraga,Houghton,F,2017,46.8157463461,-88.8162003037
,2022,Black Bear,13-Oct-22,Hunting,Baraga,Houghton,M,2021,46.9895290947,-88.7320742016
BB22_1372,2022,Black Bear,15-Oct-22,Hunting,Bergland,Gogebic,M,2021,46.527694473,-89.9381655462
BB22_1373,2022,Black Bear,18-Oct-22,Hunting,Bergland,Gogebic,M,2020,46.6000940384,-90.1241767789
BB22_1374,2022,Black Bear,15-Oct-22,Hunting,Bergland,Gogebic,F,2013,46.6003919753,-90.2286221543
BB22_1375,2022,Black Bear,22-Oct-22,Hunting,Baraga,Ontonagon,M,2022,46.5566934178,-89.064475807
BB22_1376,2022,Black Bear,7-Oct-22,Hunting,Baraga,Baraga,F,2021,46.6435934149,-88.6680330479
BB22_1377,2022,Black Bear,21-Oct-22,Hunting,Baraga,Ontonagon,M,2021,46.5133527771,-89.0436200441
BB22_1378,2022,Black Bear,28-Sep-22,Hunting,Bergland,Gogebic,M,2005,46.3260375311,-90.0274803028
,2022,Black Bear,16-Oct-22,Hunting,Bergland,Gogebic,M,2020,46.3114381178,-89.2305442885
BB22_138,2022,Black Bear,12-Sep-22,Hunting,Baraga,Houghton,M,2015,47.0909324909,-88.6687044847
BB22_1380,2022,Black Bear,13-Oct-22,Hunting,Baraga,Houghton,F,2021,46.528257374,-88.7105874449
,2022,Black Bear,25-Oct-22,Hunting,Bergland,Gogebic,M,2022,46.5562888556,-89.8347863782
BB22_1382,2022,Black Bear,10-Sep-22,Hunting,Newberry,Alger,M,2021,46.6572633628,-85.9167551464
BB22_1383,2022,Black Bear,12-Sep-22,Hunting,Carney,Menominee,F,2020,45.4279307764,-87.6043656684
BB22_1384,2022,Black Bear,25-Sep-22,Hunting,Carney,Dickinson,M,2018,45.8311186491,-87.9343495751
BB22_1385,2022,Black Bear,15-Sep-22,Hunting,Carney,Menominee,F,2021,45.5145471807,-87.7072981427
BB22_1386,2022,Black Bear,13-Sep-22,Hunting,Carney,Menominee,F,2021,45.3550651097,-87.6256193556
BB22_1387,2022,Black Bear,29-Sep-22,Hunting,Carney,Menominee,M,2019,45.471103211,-87.7079761146
BB22_1388,2022,Black Bear,21-Oct-22,Hunting,Carney,Menominee,F,2014,45.4853377746,-87.6460342132
,2022,Black Bear,30-Sep-22,Hunting,Carney,Menominee,F,2018,45.4564285746,-87.419806162
BB22_139,2022,Black Bear,12-Sep-22,Hunting,Baraga,Ontonagon,M,2019,46.9725734585,-89.1488877695
BB22_1390,2022,Black Bear,26-Sep-22,Hunting,Newberry,Mackinac,M,2017,46.1514847739,-85.7078306585
BB22_1391,2022,Black Bear,4-Oct-22,Hunting,Amasa,Baraga,M,2021,46.4270624266,-88.4809320697
BB22_1392,2022,Black Bear,4-Oct-22,Incidental Take,Carney,Menominee,M,2018,45.485334462,-87.6252598642
BB22_1393,2022,Black Bear,16-Oct-22,Hunting,Carney,Menominee,M,2021,45.4566220764,-87.5430743016
,2022,Black Bear,25-Sep-22,Hunting,Carney,Menominee,M,2021,45.2683211194,-87.6247327686
BB22_1395,2022,Black Bear,7-Sep-22,Hunting,Carney,Menominee,F,2012,45.354251743,-87.5235463394
BB22_1396,2022,Black Bear,26-Sep-22,Hunting,Newberry,Schoolcraft,M,2021,46.4692298477,-86.1465227325
BB22_1397,2022,Black Bear,25-Sep-22,Hunting,Carney,Menominee,M,2020,45.8477915038,-87.397401415
BB22_1398,2022,Black Bear,16-Sep-22,Hunting,Newberry,Alger,F,2021,46.6281424223,-86.0481571152
BB22_1399,2022,Black Bear,10-Oct-22,Hunting,Newberry,Luce,M,2021,46.5419746572,-85.353886558
BB22_14,2022,Black Bear,14-Sep-22,Hunting,Gwinn,Marquette,F,2020,46.4558022586,-87.5201391925
BB22_140,2022,Black Bear,12-Sep-22,Hunting,Baraga,Ontonagon,F,2020,46.8732085292,-89.1334411442
BB22_1400,2022,Black Bear,9-Sep-22,Hunting,Newberry,Alger,M,2019,46.6139908797,-86.0631993534
,2022,Black Bear,8-Oct-22,Hunting,Carney,Menominee,M,2020,45.9349546212,-87.3782616996
BB22_1402,2022,Black Bear,8-Oct-22,Hunting,Carney,Delta,F,2021,45.7751847829,-87.2130869944
BB22_1403,2022,Black Bear,5-Oct-22,Hunting,Amasa,Iron,M,2021,46.1232128973,-88.52338799
BB22_1404,2022,Black Bear,7-Oct-22,Hunting,Carney,Delta,M,2020,45.8335003773,-87.2743854911
BB22_1405,2022,Black Bear,4-Oct-22,Hunting,Amasa,Iron,M,2019,46.3550040592,-88.5438099841
BB22_1406,2022,Black Bear,13-Oct-22,Hunting,Carney,Menominee,F,2021,45.412279213,-87.5028970019
,2022,Black Bear,22-Sep-22,Hunting,Carney,Menominee,M,2018,45.8176855798,-87.6664987083
BB22_1408,2022,Black Bear,10-Oct-22,Hunting,Newberry,Luce,M,2021,46.3105706559,-85.3116737966
BB22_1409,2022,Black Bear,9-Oct-22,Hunting,Newberry,Delta,M,2021,45.9763629249,-86.5003098069
BB22_141,2022,Black Bear,12-Sep-22,Hunting,Baraga,Ontonagon,M,2020,46.8298320392,-89.0060811308
BB22_1410,2022,Black Bear,7-Oct-22,Hunting,Amasa,Iron,F,2021,46.2537291388,-88.4819347558
BB22_1411,2022,Black Bear,16-Sep-22,Hunting,Carney,Menominee,F,2018,45.6153424682,-87.7480798424
BB22_1412,2022,Black Bear,5-Oct-22,Hunting,Gwinn,Alger,F,2019,46.4856289891,-87.1062392084
BB22_1413,2022,Black Bear,25-Sep-22,Hunting,Carney,Menominee,F,2021,45.4853008302,-87.5838620276
BB22_1414,2022,Black Bear,28-Sep-22,Hunting,Newberry,Schoolcraft,M,2020,46.4690910501,-86.2718001595
BB22_1415,2022,Black Bear,15-Oct-22,Hunting,Amasa,Iron,F,2020,46.036721616,-88.75175172
BB22_1416,2022,Black Bear,28-Sep-22,Hunting,Carney,Menominee,M,2021,45.4118588756,-87.4614239066
BB22_1417,2022,Black Bear,22-Oct-22,Hunting,Carney,Menominee,M,2021,45.6444666584,-87.5010691002
BB22_1418,2022,Black Bear,4-Oct-22,Hunting,Baraga,Houghton,M,2018,46.5281027028,-88.8979356888
BB22_1419,2022,Black Bear,7-Oct-22,Hunting,Amasa,Iron,F,2020,46.3694002963,-88.3358936724
BB22_142,2022,Black Bear,14-Sep-22,Hunting,Baraga,Ontonagon,M,2019,46.5856545529,-89.1468392379
BB22_1420,2022,Black Bear,26-Sep-22,Hunting,Carney,Menominee,F,2021,45.7009558818,-87.7484063039
BB22_1421,2022,Black Bear,22-Oct-22,Hunting,Newberry,Luce,M,2021,46.5421327775,-85.3334626059
,2022,Black Bear,3-Oct-22,Hunting,Gwinn,Delta,M,2019,46.03575178,-87.2112107386
BB22_1423,2022,Black Bear,13-Sep-22,Hunting,Carney,Menominee,M,2021,45.6595776115,-87.3982524134
BB22_1424,2022,Black Bear,29-Sep-22,Hunting,Carney,Menominee,M,2021,45.6013959726,-87.6249774694
BB22_1425,2022,Black Bear,11-Oct-22,Hunting,Newberry,Schoolcraft,F,2018,46.2089514377,-86.3547519027
BB22_1426,2022,Black Bear,18-Sep-22,Hunting,Amasa,Iron,F,2018,46.0074628722,-88.1903740777
BB22_1427,2022,Black Bear,30-Sep-22,Hunting,Newberry,Schoolcraft,M,2019,46.3248928342,-86.3965284559
BB22_1428,2022,Black Bear,30-Sep-22,Hunting,Newberry,Schoolcraft,M,2016,46.3383647201,-85.9587797898
BB22_1429,2022,Black Bear,14-Oct-22,Hunting,Gwinn,Delta,M,2018,46.0935951194,-87.1686623613
BB22_143,2022,Black Bear,14-Sep-22,Hunting,Bergland,Ontonagon,F,2020,46.6140869054,-89.5630864765
,2022,Black Bear,29-Sep-22,Hunting,Baldwin,Oceana,M,2021,43.773464374,-86.2183095754
BB22_1431,2022,Black Bear,16-Sep-22,Hunting,Newberry,Alger,M,2014,46.5994651095,-86.0631042964
BB22_1432,2022,Black Bear,28-Sep-22,Hunting,Carney,Menominee,M,2020,45.4120502457,-87.4823288831
BB22_1433,2022,Black Bear,14-Oct-22,Hunting,Gwinn,Delta,M,2020,46.0935951194,-87.1686623613
BB22_1434,2022,Black Bear,1-Oct-22,Hunting,Carney,Menominee,M,2020,45.2827762702,-87.6255704729
BB22_1435,2022,Black Bear,2-Oct-22,Hunting,Newberry,Luce,F,2016,46.6147127069,-85.5630425205
BB22_1436,2022,Black Bear,3-Oct-22,Hunting,Gwinn,Marquette,M,2021,46.1665049844,-87.3146010743
BB22_1437,2022,Black Bear,7-Oct-22,Hunting,Carney,Menominee,F,2021,45.8049111283,-87.3566654447
,2022,Black Bear,5-Oct-22,Hunting,Amasa,Baraga,M,2017,46.4270624266,-88.4809320697
,2022,Black Bear,9-Oct-22,Hunting,Carney,Menominee,F,2022,45.6739919473,-87.3981560349
BB22_144,2022,Black Bear,15-Sep-22,Hunting,Baraga,Houghton,F,2017,46.6000025281,-88.897227598
,2022,Black Bear,9-Oct-22,Hunting,Red Oak,Cheboygan,M,2021,45.5122404173,-84.5590588655
BB22_1441,2022,Black Bear,5-Oct-22,Hunting,Carney,Menominee,F,2020,45.7328550336,-87.4385463504
BB22_1442,2022,Black Bear,4-Oct-22,Hunting,Carney,Menominee,M,2021,45.3846578836,-87.7710770441
BB22_1443,2022,Black Bear,1-Oct-22,Hunting,Carney,Menominee,M,2021,45.413507542,-87.6257465778
BB22_1444,2022,Black Bear,1-Oct-22,Hunting,Carney,Menominee,M,2021,45.5160929505,-87.3378687935
BB22_1445,2022,Black Bear,7-Oct-22,Hunting,Carney,Menominee,F,2019,45.5176958373,-87.304368264
BB22_1446,2022,Black Bear,10-Oct-22,Hunting,Carney,Delta,M,2014,45.6301479696,-87.2136772335
BB22_1447,2022,Black Bear,20-Sep-22,Hunting,Carney,Menominee,F,2021,45.572297567,-87.7483616336
BB22_1448,2022,Black Bear,25-Sep-22,Hunting,Carney,Menominee,F,2021,45.7614453127,-87.3975802222
BB22_1449,2022,Black Bear,4-Oct-22,Hunting,Gwinn,Delta,F,2020,46.1373123768,-87.1894279801
BB22_145,2022,Black Bear,15-Sep-22,Hunting,Baraga,Ontonagon,M,2021,46.6583281725,-89.0003325511
BB22_1450,2022,Black Bear,7-Sep-22,Hunting,Carney,Menominee,M,2021,45.7018218268,-87.625131086
BB22_1451,2022,Black Bear,2-Oct-22,Hunting,Gwinn,Delta,M,2020,46.1372476026,-87.1685972058
BB22_1452,2022,Black Bear,3-Oct-22,Hunting,Carney,Menominee,M,2021,45.413335679,-87.7503980877
,2022,Black Bear,15-Sep-22,Hunting,Newberry,Alger,F,2016,46.6137244313,-85.9375842882
,2022,Black Bear,27-Sep-22,Hunting,Carney,Menominee,F,2017,45.4424126918,-87.7705046329
BB22_1455,2022,Black Bear,2-Oct-22,Hunting,Gwinn,Delta,M,2020,46.13688454,-86.7091343817
,2022,Black Bear,13-Sep-22,Hunting,Newberry,Alger,F,2020,46.5265875853,-85.9380670358
BB22_1457,2022,Black Bear,29-Sep-22,Hunting,Newberry,Schoolcraft,M,2014,46.4402947091,-86.2097679872
,2022,Black Bear,16-Oct-22,Hunting,Carney,Dickinson,M,2013,45.8909564029,-87.7484134673
,2022,Black Bear,15-Oct-22,Hunting,Carney,Menominee,M,2016,45.847498036,-87.4180748919
BB22_146,2022,Black Bear,14-Sep-22,Hunting,Bergland,Ontonagon,M,2016,46.8011817468,-89.5771214332
BB22_1460,2022,Black Bear,3-Oct-22,Hunting,Gwinn,Marquette,M,2019,46.2534151108,-87.3349726911
BB22_1461,2022,Black Bear,4-Oct-22,Hunting,Amasa,Iron,F,2020,46.412673898,-88.4809769797
BB22_1462,2022,Black Bear,28-Sep-22,Hunting,Newberry,Alger,F,2019,46.3097785016,-86.8056469148
BB22_1463,2022,Black Bear,27-Sep-22,Hunting,Newberry,Luce,M,2020,46.252319091,-85.6242357645
BB22_1464,2022,Black Bear,9-Oct-22,Hunting,Gwinn,Marquette,F,2021,46.28290785,-87.7515005399
BB22_1465,2022,Black Bear,12-Oct-22,Hunting,Carney,Menominee,M,2020,45.7314442622,-87.6045051484
BB22_1466,2022,Black Bear,7-Oct-22,Hunting,Newberry,Schoolcraft,M,2019,46.3817283685,-85.8959765054
BB22_1467,2022,Black Bear,29-Sep-22,Hunting,Bergland,Gogebic,F,2018,46.5421554334,-90.0000122507
BB22_1468,2022,Black Bear,13-Sep-22,Hunting,Newberry,Alger,M,2017,46.5416549331,-86.063413839
BB22_1469,2022,Black Bear,25-Sep-22,Hunting,Newberry,Alger,F,2020,46.5472266786,-86.3002921852
BB22_147,2022,Black Bear,16-Sep-22,Hunting,Baraga,Ontonagon,M,2019,46.6728216805,-89.0212874536
BB22_1470,2022,Black Bear,17-Sep-22,Hunting,Newberry,Schoolcraft,M,2017,46.1961929327,-86.1998823706
BB22_1471,2022,Black Bear,13-Sep-22,Hunting,Gwinn,Alger,M,2021,46.4274159346,-86.960666383
BB22_1472,2022,Black Bear,10-Oct-22,Hunting,Newberry,Alger,M,2020,46.3097785016,-86.8056469148
BB22_1473,2022,Black Bear,7-Oct-22,Hunting,Bergland,Ontonagon,F,2017,46.6286331397,-89.7089133297
BB22_1474,2022,Black Bear,25-Sep-22,Hunting,Newberry,Schoolcraft,F,2019,46.1655274341,-86.3132784336
BB22_1475,2022,Black Bear,13-Sep-22,Hunting,Newberry,Alger,F,2019,46.4625559587,-86.4275385561
BB22_1476,2022,Black Bear,9-Sep-22,Hunting,Newberry,Alger,F,2018,46.3097785016,-86.8056469148
BB22_1477,2022,Black Bear,27-Sep-22,Hunting,Newberry,Schoolcraft,F,2006,46.396166413,-85.9592170742
BB22_1478,2022,Black Bear,9-Sep-22,Hunting,Newberry,Alger,M,2020,46.657608383,-86.1454790789
BB22_1479,2022,Black Bear,27-Sep-22,Hunting,Newberry,Schoolcraft,M,2021,46.2815460189,-86.4802029704
BB22_148,2022,Black Bear,12-Sep-22,Hunting,Bergland,Gogebic,M,2021,46.527576899,-89.8350614737
BB22_1480,2022,Black Bear,2-Oct-22,Hunting,Newberry,Luce,M,2020,46.541212415,-85.8345028066
BB22_1481,2022,Black Bear,14-Sep-22,Hunting,Newberry,Alger,F,2018,46.6693262321,-85.9569136563
,2022,Black Bear,25-Sep-22,Hunting,Newberry,Alger,F,2020,46.526505159,-85.9169473408
BB22_1483,2022,Black Bear,26-Sep-22,Hunting,Newberry,Schoolcraft,F,2015,46.4402190216,-86.1465148892
BB22_1484,2022,Black Bear,8-Sep-22,Hunting,Amasa,Iron,M,2017,46.3257172774,-88.3774879038
BB22_1485,2022,Black Bear,9-Oct-22,Hunting,Amasa,Iron,M,2021,46.3260357579,-88.8557927752
BB22_1486,2022,Black Bear,24-Sep-22,Hunting,Carney,Menominee,M,2021,45.280993049,-87.5026672052
,2022,Black Bear,21-Sep-22,Hunting,Carney,Menominee,F,2021,45.5289396128,-87.5425971921
BB22_1488,2022,Black Bear,14-Sep-22,Hunting,Newberry,Alger,M,2019,46.6139599893,-86.0419619322
BB22_1489,2022,Black Bear,3-Oct-22,Hunting,Carney,Menominee,F,2021,45.6306868222,-87.336819193
BB22_149,2022,Black Bear,12-Sep-22,Hunting,Bergland,Ontonagon,F,2020,46.7444925505,-89.374900349
BB22_1490,2022,Black Bear,29-Sep-22,Hunting,Newberry,Schoolcraft,M,2021,46.3672469704,-86.021595824
BB22_1491,2022,Black Bear,2-Oct-22,Hunting,Newberry,Schoolcraft,M,2017,46.0633132772,-86.2301875446
BB22_1492,2022,Black Bear,11-Oct-22,Hunting,Amasa,Iron,F,2018,46.1381004854,-88.6688152214
,2022,Black Bear,28-Sep-22,Hunting,Newberry,Alger,M,2019,46.3097785016,-86.8056469148
BB22_1494,2022,Black Bear,27-Sep-22,Hunting,Newberry,Schoolcraft,F,2018,46.2015664564,-86.4275182052
BB22_1495,2022,Black Bear,28-Sep-22,Hunting,Gwinn,Alger,M,2021,46.3838639989,-86.8977904461
BB22_1496,2022,Black Bear,30-Sep-22,Hunting,Newberry,Schoolcraft,F,2017,46.3383808337,-85.9796661069
,2022,Black Bear,24-Sep-22,Hunting,Newberry,Schoolcraft,F,2019,46.2089159751,-86.500263995
BB22_1498,2022,Black Bear,5-Oct-22,,Newberry,Schoolcraft,M,2019,46.1961929327,-86.1998823706
,2022,Black Bear,29-Sep-22,Hunting,Gwinn,Alger,M,2020,46.311264274,-86.7933556375
BB22_15,2022,Black Bear,13-Sep-22,Hunting,Gwinn,Marquette,F,2017,46.3407027345,-87.5431549124
BB22_150,2022,Black Bear,12-Sep-22,Hunting,Bergland,Ontonagon,F,2021,46.5707627272,-89.3963907556
BB22_1500,2022,Black Bear,22-Sep-22,Hunting,Newberry,Alger,M,2019,46.3097785016,-86.8056469148
BB22_1501,2022,Black Bear,28-Sep-22,Hunting,Newberry,Schoolcraft,M,2017,46.4544684194,-86.0213257187
BB22_1502,2022,Black Bear,30-Sep-22,Hunting,Newberry,Schoolcraft,F,2019,46.3531123563,-86.1677103125
BB22_1503,2022,Black Bear,15-Sep-22,Hunting,Gwinn,Alger,M,2017,46.3097785016,-86.8056469148
BB22_1504,2022,Black Bear,7-Sep-22,Hunting,Newberry,Alger,M,2021,46.3097785016,-86.8056469148
BB22_1505,2022,Black Bear,11-Sep-22,Hunting,Newberry,Schoolcraft,F,2019,46.1961929327,-86.1998823706
BB22_1506,2022,Black Bear,17-Sep-22,Hunting,Gwinn,Alger,F,2019,46.238490146,-86.9387260121
BB22_1507,2022,Black Bear,28-Sep-22,Hunting,Newberry,Luce,M,2021,46.4694274989,-85.7503741954
BB22_1508,2022,Black Bear,9-Oct-22,Hunting,Newberry,Schoolcraft,F,2020,46.4688467318,-85.8961384436
,2022,Black Bear,14-Oct-22,Hunting,Carney,Dickinson,M,2022,45.8752015619,-87.8510713316
BB22_151,2022,Black Bear,11-Sep-22,Hunting,Bergland,Gogebic,M,2022,46.4410997075,-89.9797833363
BB22_1510,2022,Black Bear,1-Oct-22,Hunting,Carney,Menominee,F,2021,45.3990062065,-87.6673496937
,2022,Black Bear,1-Oct-22,Hunting,Gwinn,Marquette,M,2022,46.3695666787,-87.1897403541
BB22_1512,2022,Black Bear,30-Sep-22,Hunting,Carney,Menominee,M,2019,45.5152027812,-87.7691678466
BB22_1513,2022,Black Bear,13-Sep-22,Hunting,Newberry,Alger,F,2020,46.6344390689,-85.9259070871
BB22_1514,2022,Black Bear,23-Sep-22,Hunting,Newberry,Luce,M,2020,46.6353863525,-85.8023390015
,2022,Black Bear,29-Sep-22,Hunting,Newberry,Alger,M,2019,46.3097785016,-86.8056469148
BB22_1516,2022,Black Bear,14-Sep-22,Hunting,Gwinn,Alger,M,2020,46.3097785016,-86.8056469148
BB22_1517,2022,Black Bear,9-Sep-22,Hunting,Newberry,Alger,M,2019,46.3097785016,-86.8056469148
BB22_1518,2022,Black Bear,27-Sep-22,Hunting,Gwinn,Schoolcraft,F,2016,46.1961929327,-86.1998823706
BB22_1519,2022,Black Bear,13-Sep-22,Hunting,Newberry,Alger,F,2022,46.3097785016,-86.8056469148
BB22_152,2022,Black Bear,12-Sep-22,Hunting,Bergland,Gogebic,F,2022,46.3156780987,-89.9202235091
BB22_1520,2022,Black Bear,13-Sep-22,Hunting,Newberry,Schoolcraft,M,2020,46.0782333761,-86.41679911
BB22_1521,2022,Black Bear,,Hunting,,Alger,F,2013,46.3097785016,-86.8056469148
,2022,Black Bear,12-Sep-22,Hunting,Newberry,Schoolcraft,M,2019,46.2015664564,-86.4275182052
BB22_1523,2022,Black Bear,21-Oct-22,Hunting,Carney,Dickinson,F,2022,45.9062197532,-87.8775141127
BB22_1524,2022,Black Bear,24-Oct-22,Hunting,Carney,Menominee,F,2017,45.6294115281,-87.7682507542
BB22_1525,2022,Black Bear,30-Sep-22,Hunting,Baraga,,M,2021,46.8066846711,-88.8386329651
BB22_1526,2022,Black Bear,17-Sep-22,Hunting,Baraga,Marquette,M,2020,46.4306465237,-87.6405562088
BB22_1527,2022,Black Bear,7-Sep-22,Hunting,Baraga,,M,2021,46.8066846711,-88.8386329651
BB22_1528,2022,Black Bear,27-Sep-22,Hunting,Baraga,Marquette,M,2019,46.4306465237,-87.6405562088
BB22_1529,2022,Black Bear,15-Sep-22,Hunting,Baraga,Baraga,F,2013,46.6399552666,-88.3385192506
BB22_153,2022,Black Bear,7-Sep-22,Hunting,Bergland,Gogebic,F,2016,46.4699801858,-89.3972314555
BB22_1530,2022,Black Bear,7-Sep-22,Hunting,Baraga,,M,2020,46.8066846711,-88.8386329651
BB22_1531,2022,Black Bear,14-Oct-22,Hunting,Baraga,Baraga,M,2018,46.6719092418,-88.355498068
BB22_1532,2022,Black Bear,9-Oct-22,Hunting,Amasa,Marquette,F,2017,46.4562465135,-88.1065007051
BB22_1533,2022,Black Bear,10-Sep-22,Hunting,Baraga,Baraga,M,2021,46.5859091179,-88.3558442352
,2022,Black Bear,11-Oct-22,Hunting,Red Oak,Alcona,M,2020,44.8353706417,-83.6971362264
,2022,Black Bear,11-Oct-22,Hunting,Red Oak,Roscommon,M,2019,44.2838337495,-84.6215309004
BB22_1536,2022,Black Bear,1-Oct-22,Hunting,Gwinn,Marquette,M,2020,46.4306465237,-87.6405562088
BB22_1537,2022,Black Bear,15-Oct-22,Hunting,Gwinn,Marquette,M,2018,46.2539548761,-87.6054883346
BB22_1538,2022,Black Bear,,Hunting,Gwinn,Marquette,M,2021,46.1956522379,-87.5642130815
BB22_1539,2022,Black Bear,12-Sep-22,Hunting,Baraga,,F,2021,46.8066846711,-88.8386329651
BB22_154,2022,Black Bear,7-Sep-22,Hunting,Bergland,Ontonagon,M,2021,46.6719549232,-89.6452429882
BB22_1540,2022,Black Bear,14-Oct-22,Hunting,Baraga,Baraga,M,2017,46.4559562712,-88.6897719873
BB22_1541,2022,Black Bear,2-Oct-22,Hunting,Baraga,Marquette,F,2021,46.7858408948,-87.6354162266
BB22_1542,2022,Black Bear,30-Sep-22,Hunting,Baraga,Marquette,M,2021,46.7099590017,-87.5831058625
BB22_1543,2022,Black Bear,30-Sep-22,Hunting,Gwinn,Dickinson,M,2019,46.2247882783,-87.6468938987
,2022,Black Bear,11-Sep-22,Hunting,Baldwin,Oceana,M,2021,43.6779604749,-86.1292432645
BB22_1545,2022,Black Bear,29-Sep-22,Hunting,Gwinn,Marquette,F,2017,46.1666996953,-87.5850268693
,2022,Black Bear,11-Sep-22,Hunting,Baldwin,Newaygo,M,2021,43.6917127549,-85.7512086627
,2022,Black Bear,23-Sep-22,Hunting,Newberry,Chippewa,F,2019,46.76968913,-84.9959773753
BB22_1548,2022,Black Bear,7-Oct-22,Hunting,Gwinn,Delta,M,2021,45.9484684678,-86.8994533507
,2022,Black Bear,14-Sep-22,Hunting,Baldwin,Lake,M,2021,44.0964151309,-85.7334371137
BB22_155,2022,Black Bear,7-Sep-22,Hunting,Baraga,Houghton,F,2016,47.2355018934,-88.4790689148
BB22_1550,2022,Black Bear,9-Oct-22,Hunting,Gwinn,Marquette,F,2022,46.4127627466,-87.4797174816
,,,,,,,,2021,,
,2022,Black Bear,7-Oct-22,Hunting,Baldwin,Mecosta,F,2019,43.4896992554,-85.4922105549
BB22_1553,2022,Black Bear,7-Sep-22,Hunting,Baraga,,M,2020,46.8066846711,-88.8386329651
BB22_1554,2022,Black Bear,13-Sep-22,Hunting,Baraga,Marquette,F,2020,46.7971754105,-87.7283819978
BB22_1555,2022,Black Bear,8-Sep-22,Hunting,Baraga,Marquette,M,2019,46.7858408948,-87.6354162266
BB22_1556,2022,Black Bear,12-Sep-22,Hunting,Baraga,,M,2020,46.8066846711,-88.8386329651
,,,,,,,,2019,,
BB22_1558,2022,Black Bear,2-Oct-22,Hunting,Baraga,Baraga,M,2020,46.5995241851,-88.2103496641
BB22_1559,2022,Black Bear,9-Sep-22,Hunting,Baraga,Marquette,F,2002,46.7868490122,-87.6329485813
BB22_156,2022,Black Bear,8-Sep-22,Hunting,Baraga,Houghton,F,2022,46.51386435,-88.79426406
BB22_1560,2022,Black Bear,12-Sep-22,Hunting,Baraga,Marquette,M,2020,46.7858408948,-87.6354162266
BB22_1561,2022,Black Bear,14-Sep-22,Hunting,Baraga,Marquette,M,2017,46.7099590017,-87.5831058625
BB22_1562,2022,Black Bear,29-Sep-22,Hunting,Baraga,Baraga,M,2019,46.6281945923,-88.2312704695
BB22_1563,2022,Black Bear,9-Sep-22,Hunting,Gwinn,Delta,F,2019,46.1155088984,-87.0537232127
BB22_1564,2022,Black Bear,13-Sep-22,Hunting,Baraga,Marquette,F,2021,46.7099590017,-87.5831058625
BB22_1565,2022,Black Bear,7-Sep-22,Hunting,Baraga,Marquette,M,2019,46.7443912844,-87.8126715247
BB22_1566,2022,Black Bear,11-Sep-22,Hunting,Gwinn,Marquette,M,2021,46.4565517809,-87.1902270176
BB22_1567,2022,Black Bear,8-Sep-22,Hunting,Baraga,Marquette,F,2019,46.6334842271,-87.5557188182
BB22_1568,2022,Black Bear,14-Sep-22,Hunting,Baraga,Marquette,M,2020,46.72240149,-87.8023710847
BB22_1569,2022,Black Bear,4-Oct-22,Hunting,Gwinn,Marquette,F,2021,46.1954243472,-87.2307869976
BB22_157,2022,Black Bear,13-Sep-22,Hunting,Baraga,Houghton,M,2018,47.1239749821,-88.8212270053
,2022,Black Bear,17-Sep-22,Hunting,Baldwin,Newaygo,F,2021,43.6048703179,-85.7510122138
,2022,Black Bear,11-Oct-22,Hunting,Red Oak,Alcona,M,2022,44.8353706417,-83.6971362264
,2022,Black Bear,21-Oct-22,Hunting,Bergland,Gogebic,F,2020,46.5716582409,-90.2698939739
,2022,Black Bear,7-Oct-22,Hunting,Red Oak,Alcona,F,2020,44.6606512741,-83.7368695382
BB22_1574,2022,Black Bear,1-Oct-22,Hunting,Baraga,Marquette,M,2021,46.8601864565,-87.7780310609
BB22_1575,2022,Black Bear,22-Oct-22,Hunting,Gwinn,Marquette,M,2021,46.1808762389,-87.4812178078
BB22_1576,2022,Black Bear,3-Oct-22,Hunting,Baraga,,M,2020,46.8066846711,-88.8386329651
BB22_1577,2022,Black Bear,8-Oct-22,Hunting,Baraga,Marquette,M,2021,46.6721109456,-87.7296355444
BB22_1578,2022,Black Bear,8-Sep-22,Hunting,Baraga,,M,2020,46.8066846711,-88.8386329651
,2022,Black Bear,8-Oct-22,Hunting,Gwinn,Marquette,M,2018,46.2098236922,-87.4603700013
BB22_158,2022,Black Bear,10-Sep-22,Hunting,Bergland,Gogebic,M,2020,46.4841997549,-89.6677961282
BB22_1580,2022,Black Bear,29-Sep-22,Hunting,Gwinn,Marquette,M,2020,46.122973849,-87.4188353114
,2022,Black Bear,2-Oct-22,Hunting,Gwinn,Marquette,M,2020,46.3555762396,-87.6881074924
BB22_1582,2022,Black Bear,28-Sep-22,Hunting,Newberry,Schoolcraft,F,2020,46.2093703426,-86.5841495917
BB22_1583,2022,Black Bear,9-Oct-22,Hunting,Newberry,Chippewa,M,2020,46.2229169328,-84.7698421571
BB22_1584,2022,Black Bear,4-Oct-22,Hunting,Newberry,Chippewa,M,2021,46.5133573072,-85.1462908608
BB22_1585,2022,Black Bear,14-Sep-22,Hunting,Newberry,Mackinac,F,2021,46.2090740028,-85.1436804131
,2022,Black Bear,21-Oct-22,Hunting,Gwinn,Alger,M,2014,46.3257449389,-87.0433881214
,2022,Black Bear,17-Sep-22,Hunting,Red Oak,Roscommon,M,2019,44.2550202787,-84.7821609941
,2022,Black Bear,14-Sep-22,Hunting,Gwinn,Delta,M,2019,46.1512833825,-86.6879421289
BB22_1589,2022,Black Bear,3-Oct-22,Hunting,Newberry,Chippewa,F,2019,46.5278063821,-85.1461019883
BB22_159,2022,Black Bear,16-Sep-22,Hunting,Bergland,Gogebic,M,2018,46.3008426079,-89.9164487562
BB22_1590,2022,Black Bear,17-Sep-22,Hunting,Newberry,Delta,M,2021,46.0784834496,-86.6258552294
BB22_1591,2022,Black Bear,5-Oct-22,Hunting,Newberry,Chippewa,M,2016,46.4409669867,-85.2290484019
BB22_1592,2022,Black Bear,23-Sep-22,Hunting,Gwinn,Alger,M,2019,46.223862148,-86.8552945775
BB22_1593,2022,Black Bear,9-Sep-22,Hunting,Gwinn,Alger,M,2021,46.1949071479,-86.6881263898
BB22_1594,2022,Black Bear,7-Sep-22,Hunting,Newberry,Schoolcraft,F,2018,45.9470754348,-86.4167069869
BB22_1595,2022,Black Bear,27-Sep-22,Hunting,Newberry,Schoolcraft,M,2018,46.2526002796,-86.5630028959
BB22_1596,2022,Black Bear,15-Sep-22,Hunting,Newberry,Schoolcraft,F,2021,45.934145887,-85.9384958163
BB22_1597,2022,Black Bear,9-Oct-22,Hunting,Newberry,Chippewa,M,2019,46.4991772768,-85.2295606827
BB22_1598,2022,Black Bear,8-Oct-22,Hunting,Carney,Menominee,M,2020,45.4869350455,-87.3376019296
,2022,Black Bear,11-Oct-22,Hunting,Newberry,Chippewa,M,2018,46.3101551269,-84.6242277615
BB22_16,2022,Black Bear,7-Sep-22,Hunting,Baraga,Marquette,M,2020,46.5430105748,-87.83419198
BB22_160,2022,Black Bear,14-Sep-22,Hunting,Baraga,Baraga,F,2021,46.7442423761,-88.5423438082
BB22_1600,2022,Black Bear,10-Sep-22,Hunting,Newberry,Schoolcraft,M,2021,46.2959008856,-86.3964778489
,2022,Black Bear,11-Sep-22,Hunting,Red Oak,Roscommon,M,2020,44.2550202787,-84.7821609941
BB22_1602,2022,Black Bear,8-Oct-22,Hunting,Newberry,Schoolcraft,F,2022,46.0635231645,-86.0631077637
BB22_1603,2022,Black Bear,30-Sep-22,Hunting,Newberry,Luce,M,2019,46.2957460756,-85.812725614
,2022,Black Bear,13-Sep-22,Hunting,Baldwin,Benzie,F,2016,44.6517530389,-85.8479200843
BB22_1605,2022,Black Bear,29-Sep-22,Hunting,Newberry,Schoolcraft,M,2020,46.0781778322,-86.3548311657
BB22_1606,2022,Black Bear,10-Oct-22,Hunting,Newberry,Chippewa,M,2021,46.2814292025,-85.0198742269
,2022,Black Bear,16-Sep-22,Hunting,Red Oak,Missaukee,F,2021,44.4585176343,-84.8846951072
BB22_1608,2022,Black Bear,27-Sep-22,Hunting,Newberry,Schoolcraft,F,2019,46.2811322109,-86.3754151125
BB22_1609,2022,Black Bear,8-Sep-22,Hunting,Newberry,Schoolcraft,M,2020,46.033987957,-86.2721162159
BB22_161,2022,Black Bear,7-Sep-22,Hunting,Baraga,Ontonagon,F,2021,46.801182531,-88.942698991
,2022,Black Bear,12-Sep-22,Hunting,Red Oak,Missaukee,M,2016,44.4037949981,-85.2071333105
,2022,Black Bear,12-Sep-22,Hunting,Red Oak,Kalkaska,F,2011,44.7060722027,-85.0227634453
BB22_1612,2022,Black Bear,30-Sep-22,Hunting,Baraga,,M,2018,46.8066846711,-88.8386329651
BB22_1613,2022,Black Bear,7-Sep-22,Hunting,Newberry,Schoolcraft,F,2016,46.0344060498,-86.395489457
BB22_1614,2022,Black Bear,15-Sep-22,Hunting,Newberry,Schoolcraft,M,2020,46.0633327707,-86.2719681449
BB22_1615,2022,Black Bear,28-Sep-22,Hunting,Newberry,Schoolcraft,F,2014,46.165586208,-86.3342096006
BB22_1616,2022,Black Bear,14-Sep-22,Hunting,Newberry,Schoolcraft,F,1995,46.0199297322,-86.4791914157
BB22_1617,2022,Black Bear,7-Sep-22,Hunting,Newberry,Mackinac,M,2017,46.0349694879,-85.7707514139
BB22_1618,2022,Black Bear,9-Sep-22,Hunting,Gwinn,Delta,F,2018,46.1366770168,-86.6466984626
BB22_1619,2022,Black Bear,9-Sep-22,Hunting,Newberry,Schoolcraft,F,2020,46.1071515091,-86.292787568
BB22_162,2022,Black Bear,15-Sep-22,Hunting,Baraga,Baraga,M,2021,46.6430658475,-88.418052615
BB22_1620,2022,Black Bear,13-Sep-22,Hunting,Newberry,Schoolcraft,M,2016,46.0780848731,-86.2719502074
BB22_1621,2022,Black Bear,13-Sep-22,Hunting,Gwinn,Delta,M,2021,45.9912259437,-86.7310891234
,2022,Black Bear,12-Sep-22,Hunting,Red Oak,Missaukee,M,2020,44.4585176343,-84.8846951072
BB22_1623,2022,Black Bear,9-Sep-22,Hunting,Newberry,Schoolcraft,M,2019,46.2960835038,-86.4595577637
BB22_1624,2022,Black Bear,28-Sep-22,Hunting,Newberry,Schoolcraft,M,2017,46.1362047802,-86.1884513392
BB22_1625,2022,Black Bear,11-Sep-22,Hunting,Gwinn,Delta,M,2021,46.0499173503,-86.7093755529
BB22_1626,2022,Black Bear,27-Sep-22,Hunting,Newberry,Schoolcraft,F,2021,45.8890960765,-86.4067127813
BB22_1627,2022,Black Bear,,Hunting,Newberry,Schoolcraft,M,2020,46.1961929327,-86.1998823706
BB22_1628,2022,Black Bear,14-Sep-22,Hunting,Newberry,Schoolcraft,F,2022,45.9758323759,-85.9393534718
BB22_1629,2022,Black Bear,8-Sep-22,Hunting,Newberry,Schoolcraft,M,2017,46.1364853815,-86.3751249515
BB22_163,2022,Black Bear,7-Sep-22,Hunting,Baraga,Baraga,F,2019,46.7868445504,-88.1393785421
BB22_1630,2022,Black Bear,21-Sep-22,Hunting,Newberry,Schoolcraft,F,2019,46.0050571128,-86.0848253195
BB22_1631,2022,Black Bear,23-Oct-22,Hunting,Newberry,Schoolcraft,M,2020,46.1144392978,-86.1782608652
BB22_1632,2022,Black Bear,9-Oct-22,Hunting,Newberry,Schoolcraft,F,2022,46.106978463,-86.2093342567
BB22_1633,2022,Black Bear,3-Oct-22,Hunting,Newberry,Schoolcraft,M,2019,46.2815800323,-86.4384921535
BB22_1634,2022,Black Bear,7-Oct-22,Hunting,Newberry,Schoolcraft,F,2022,46.1213993311,-86.251035048
BB22_1635,2022,Black Bear,2-Oct-22,Hunting,Newberry,Schoolcraft,M,2021,46.2669932727,-86.4176135934
BB22_1636,2022,Black Bear,25-Sep-22,Hunting,Newberry,Schoolcraft,F,2020,46.0782525384,-86.4374992841
BB22_1637,2022,Black Bear,26-Sep-22,Hunting,Newberry,Schoolcraft,M,2019,46.1654514618,-86.2923028431
BB22_1638,2022,Black Bear,7-Sep-22,Hunting,Newberry,Alger,M,2016,46.3097785016,-86.8056469148
BB22_1639,2022,Black Bear,8-Oct-22,Hunting,Gwinn,Alger,M,2014,46.1949283793,-86.813537807
BB22_164,2022,Black Bear,18-Sep-22,Hunting,Bergland,Gogebic,M,2020,46.3260375311,-90.0274803028
,2022,Black Bear,16-Sep-22,Hunting,Baraga,Marquette,M,2011,46.4306465237,-87.6405562088
,2022,Black Bear,14-Sep-22,Hunting,Gladwin,Clare,M,2019,44.112442826,-84.6574525407
BB22_1642,2022,Black Bear,4-Oct-22,Hunting,Newberry,Chippewa,M,2021,46.2519494933,-84.4152404153
BB22_1643,2022,Black Bear,16-Sep-22,Hunting,Newberry,Mackinac,F,2006,46.0499380757,-84.2494453817
BB22_1644,2022,Black Bear,22-Oct-22,Hunting,Newberry,Chippewa,M,2020,46.3101167653,-84.5617646665
BB22_1645,2022,Black Bear,21-Oct-22,Hunting,Baraga,Keweenaw,M,2020,47.4381901071,-87.9095003521
,2022,Black Bear,11-Sep-22,Hunting,Red Oak,Roscommon,F,2021,44.2118202624,-84.8221458396
BB22_1647,2022,Black Bear,18-Oct-22,Hunting,Newberry,Chippewa,M,2021,46.328280401,-84.7041229495
BB22_1648,2022,Black Bear,3-Oct-22,Hunting,Newberry,Chippewa,M,2020,46.1603101505,-84.1106569126
BB22_1649,2022,Black Bear,1-Oct-22,Hunting,Newberry,Chippewa,F,2013,46.0219275584,-84.040188785
BB22_165,2022,Black Bear,13-Sep-22,Hunting,Bergland,Ontonagon,F,2022,46.5562199732,-89.5001855658
,2022,Black Bear,12-Sep-22,Hunting,Gladwin,Gladwin,M,2021,44.1537709776,-84.5168269668
,2022,Black Bear,13-Sep-22,Hunting,Red Oak,Roscommon,M,2013,44.1971567635,-84.761494019
BB22_1652,2022,Black Bear,22-Sep-22,Hunting,Drummond,Chippewa,F,2008,45.9543896483,-83.8447678719
BB22_1653,2022,Black Bear,20-Sep-22,Hunting,Drummond,Chippewa,M,2021,45.9476808822,-83.5425879498
BB22_1654,2022,Black Bear,17-Sep-22,Hunting,Drummond,Chippewa,F,2020,45.9913916951,-83.6460045091
BB22_1655,2022,Black Bear,13-Sep-22,Hunting,Drummond,Chippewa,F,2009,45.9760245969,-83.5213770792
,2022,Black Bear,13-Sep-22,Hunting,Red Oak,Crawford,M,2016,44.6765352262,-84.4614250256
,2022,Black Bear,13-Sep-22,Hunting,Red Oak,Missaukee,M,2021,44.3568653634,-84.9650119898
,2022,Black Bear,14-Sep-22,Hunting,Red Oak,Ogemaw,M,2019,44.3562056992,-84.3183019026
BB22_1659,2022,Black Bear,12-Sep-22,Hunting,Drummond,Chippewa,M,2017,45.9775037102,-83.812407039
BB22_166,2022,Black Bear,13-Sep-22,Hunting,Bergland,Gogebic,M,2022,46.3689929037,-89.7925204588
,2022,Black Bear,12-Sep-22,Hunting,Gladwin,Gladwin,F,2021,44.1533035377,-84.4576945883
,2022,Black Bear,15-Sep-22,Hunting,Red Oak,Crawford,F,2019,44.6762773277,-84.4416787356
,2022,Black Bear,13-Sep-22,Hunting,Red Oak,Ogemaw,M,2016,44.4571296272,-84.0364528984
BB22_1663,2022,Black Bear,7-Sep-22,Hunting,Drummond,Chippewa,M,2017,45.9906499463,-83.5213301136
,2022,Black Bear,12-Sep-22,Hunting,Gladwin,Gladwin,F,2015,44.0330152684,-84.3177247299
,2022,Black Bear,13-Sep-22,Hunting,Gladwin,Osceola,F,2013,43.9512912957,-85.098305882
,2022,Black Bear,16-Sep-22,Hunting,Gladwin,Gladwin,F,2021,44.0233860179,-84.4169428102
BB22_1667,2022,Black Bear,7-Oct-22,Hunting,Drummond,Chippewa,M,2021,45.9336109406,-83.5843168171
BB22_1668,2022,Black Bear,25-Sep-22,Hunting,Newberry,Luce,F,2021,46.4405355945,-85.5415580606
,2022,Black Bear,11-Sep-22,Hunting,Baldwin,Mason,M,2016,44.0254618133,-86.0499190556
BB22_167,2022,Black Bear,7-Sep-22,Hunting,Baraga,Baraga,M,2022,46.6003486131,-88.4183338907
,2022,Black Bear,14-Sep-22,Hunting,Red Oak,Roscommon,M,2020,44.1821753909,-84.4582322633
,2022,Black Bear,18-Sep-22,Hunting,Gladwin,Gladwin,F,2021,44.0962906432,-84.5166734379
BB22_1672,2022,Black Bear,26-Oct-22,Hunting,Baraga,Houghton,M,2020,47.1198249293,-88.6267578579
,2022,Black Bear,13-Sep-22,Hunting,Gladwin,Mecosta,F,2020,43.6467246633,-85.0965382089
,2022,Black Bear,14-Sep-22,Hunting,Gladwin,Clare,M,2021,43.9229301086,-84.7982590421
,2022,Black Bear,12-Sep-22,Hunting,Gladwin,Gladwin,F,2017,44.0664494034,-84.4173725206
,2022,Black Bear,18-Sep-22,Hunting,Baldwin,Lake,F,2017,44.0232378402,-85.7724464702
BB22_1677,2022,Black Bear,10-Sep-22,Hunting,Newberry,Mackinac,F,2002,46.0355871253,-85.0612243698
,2022,Black Bear,17-Sep-22,Hunting,Gladwin,Ogemaw,M,2020,44.2261062075,-84.3370657495
,2022,Black Bear,13-Sep-22,Hunting,Red Oak,Roscommon,F,2020,44.1822991028,-84.3980058154
BB22_168,2022,Black Bear,28-Sep-22,Hunting,Baraga,Baraga,M,2020,46.5567241564,-88.1478437215
BB22_1680,2022,Black Bear,8-Sep-22,Hunting,Newberry,Mackinac,F,2019,46.136151131,-84.748208819
,2022,Black Bear,13-Sep-22,Hunting,Gladwin,Gladwin,F,2021,44.1537709776,-84.5168269668
,2022,Black Bear,13-Sep-22,Hunting,Red Oak,Roscommon,F,2008,44.2112759114,-84.6403266386
,2022,Black Bear,11-Sep-22,Hunting,Red Oak,Roscommon,M,2021,44.2254930522,-84.4388199894
BB22_1684,2022,Black Bear,29-Sep-22,Hunting,Baraga,Baraga,M,2021,46.5716971999,-88.5430958458
BB22_1685,2022,Black Bear,18-Oct-22,Hunting,Baraga,Houghton,M,2020,46.5137863144,-88.8564762229
BB22_1686,2022,Black Bear,4-Oct-22,Hunting,Newberry,Chippewa,M,2019,46.4117755074,-85.1876048141
BB22_1687,2022,Black Bear,6-Oct-22,Hunting,Newberry,Luce,M,2020,46.3246642878,-85.6667914167
BB22_1688,2022,Black Bear,22-Sep-22,Hunting,Amasa,Iron,M,2021,46.3692077788,-88.8557822123
,2022,Black Bear,13-Sep-22,Hunting,Gladwin,Gladwin,M,2021,44.0665925008,-84.3770533787
BB22_169,2022,Black Bear,17-Sep-22,Hunting,Baraga,Marquette,M,2021,46.4565720418,-87.7293095994
,2022,Black Bear,15-Sep-22,Hunting,Red Oak,Missaukee,F,2021,44.4585335916,-85.0235104358
,2022,Black Bear,12-Sep-22,Hunting,Baldwin,Manistee,F,2020,44.2886577404,-85.9511702426
,2022,Black Bear,17-Sep-22,Hunting,Red Oak,Wexford,F,2014,44.2597670326,-85.3663317976
,2022,Black Bear,12-Sep-22,Hunting,Baldwin,Manistee,F,2013,44.2011937292,-85.8914506374
,2022,Black Bear,19-Sep-22,Hunting,Baldwin,Wexford,M,2021,44.2874964116,-85.7906518392
,2022,Black Bear,14-Sep-22,Hunting,Baldwin,Wexford,M,2021,44.2590300481,-85.5489325877
,2022,Black Bear,12-Sep-22,Hunting,Baldwin,Wexford,M,2019,44.2873391835,-85.730641248
,2022,Black Bear,9-Oct-22,Hunting,Baldwin,Wexford,F,2021,44.2006560213,-85.6684797665
,2022,Black Bear,9-Oct-22,Hunting,Red Oak,Emmet,F,2019,45.3269108253,-84.8436048996
,2022,Black Bear,17-Sep-22,Hunting,Red Oak,Kalkaska,M,2019,44.5756595413,-85.0225745682
BB22_17,2022,Black Bear,10-Sep-22,Hunting,Gwinn,Marquette,M,2020,46.340275324,-87.4598163662
BB22_170,2022,Black Bear,14-Sep-22,Hunting,Baraga,Marquette,F,2015,46.5857973168,-87.939111505
,2022,Black Bear,12-Sep-22,Hunting,Baldwin,Wexford,M,2018,44.244309773,-85.629126031
,2022,Black Bear,15-Sep-22,Hunting,Red Oak,Montmorency,M,2020,44.9490708073,-84.2434341799
,2022,Black Bear,11-Sep-22,Hunting,Red Oak,Montmorency,F,2012,44.9502912559,-84.0013209868
,2022,Black Bear,14-Sep-22,Hunting,Red Oak,Presque Isle,M,2021,45.2057471569,-84.0933982189
,2022,Black Bear,13-Sep-22,Hunting,Red Oak,Presque Isle,F,2015,45.2488158006,-84.0533136323
,2022,Black Bear,11-Sep-22,Hunting,Red Oak,Presque Isle,M,2019,45.5603097529,-84.2178987374
,2022,Black Bear,12-Sep-22,Hunting,Red Oak,Alpena,M,2019,44.8941506855,-83.697684802
,2022,Black Bear,19-Sep-22,Hunting,Red Oak,Alpena,F,2021,45.1691049385,-83.7715095549
,2022,Black Bear,14-Sep-22,Hunting,Red Oak,,M,2014,44.7629071215,-83.5972176505
,2022,Black Bear,9-Oct-22,Hunting,Red Oak,Montmorency,M,2020,45.0642273113,-84.1748011383
BB22_171,2022,Black Bear,10-Sep-22,Hunting,Amasa,Baraga,F,2020,46.4560308319,-88.1688317283
,2022,Black Bear,14-Sep-22,Hunting,Red Oak,,M,2021,44.8204195859,-83.7976145143
,2022,Black Bear,14-Sep-22,Hunting,Red Oak,Alcona,M,2020,44.5478485353,-83.3515115134
,2022,Black Bear,11-Sep-22,Hunting,Red Oak,Alcona,M,2019,44.5621727175,-83.3917995889
,2022,Black Bear,11-Sep-22,Hunting,Red Oak,Oscoda,M,2021,44.658850095,-84.3415232478
,2022,Black Bear,13-Sep-22,Hunting,Red Oak,Montmorency,F,2010,45.1633065313,-84.1544918676
,2022,Black Bear,14-Sep-22,Hunting,Red Oak,Montmorency,M,2021,45.0784711114,-84.2156304414
,2022,Black Bear,11-Sep-22,Hunting,Red Oak,Alcona,F,2010,44.8057836832,-83.8590582928
,2022,Black Bear,11-Sep-22,Hunting,Red Oak,Montmorency,M,2012,44.9650805739,-83.98139976
,2022,Black Bear,13-Sep-22,Hunting,Red Oak,Alpena,M,2019,44.9804941378,-83.7777574186
,2022,Black Bear,14-Sep-22,Hunting,Red Oak,Alcona,F,2021,44.7919441188,-83.655714859
BB22_172,2022,Black Bear,12-Sep-22,Hunting,Baraga,Baraga,M,2021,46.5855898577,-88.3146042902
,2022,Black Bear,15-Sep-22,Hunting,Red Oak,Alpena,F,2019,44.9512446067,-83.8595355726
,2022,Black Bear,14-Sep-22,Hunting,Red Oak,Presque Isle,M,2020,45.5454759207,-84.197567964
,2022,Black Bear,15-Sep-22,Hunting,Red Oak,Montmorency,F,2014,45.0497454323,-84.1748018547
,2022,Black Bear,12-Sep-22,Hunting,Red Oak,Montmorency,M,2015,45.0371971392,-83.9722247888
,2022,Black Bear,17-Sep-22,Hunting,Red Oak,Montmorency,M,2009,45.0645747727,-84.1338939951
,2022,Black Bear,11-Sep-22,Hunting,Red Oak,Montmorency,F,2019,44.9650805739,-83.98139976
,2022,Black Bear,18-Sep-22,Hunting,Red Oak,Oscoda,M,2019,44.8337610589,-84.1215570357
,2022,Black Bear,11-Sep-22,Hunting,Red Oak,Alpena,F,2018,44.8793191048,-83.7181224082
,2022,Black Bear,18-Sep-22,Hunting,Red Oak,Montmorency,F,2021,45.1198247212,-84.3580342531
,2022,Black Bear,11-Sep-22,Hunting,Red Oak,Crawford,F,2017,44.8049196199,-84.4212655193
BB22_173,2022,Black Bear,13-Sep-22,Hunting,Gwinn,Marquette,F,2020,46.0940586224,-87.3984967253
,2022,Black Bear,14-Sep-22,Hunting,Red Oak,,M,2021,45.0104526283,-83.6980057943
,2022,Black Bear,17-Sep-22,Hunting,Red Oak,Alpena,F,2021,45.170778389,-83.6258258134
,2022,Black Bear,15-Sep-22,Hunting,Red Oak,,M,2019,44.6754121573,-83.676292795
,2022,Black Bear,11-Sep-22,Hunting,Red Oak,Alcona,F,2015,44.8492878228,-83.7974325907
,2022,Black Bear,17-Sep-22,Hunting,Red Oak,Presque Isle,F,2019,45.2527950868,-83.8513845797
,2022,Black Bear,14-Sep-22,Hunting,Red Oak,Presque Isle,F,2017,45.2794597691,-83.9366680016
,2022,Black Bear,7-Sep-22,Hunting,Red Oak,Alpena,M,2021,45.1955091105,-83.8714158545
,2022,Black Bear,11-Sep-22,Hunting,Red Oak,Presque Isle,M,2020,45.4485480991,-83.9385719748
,2022,Black Bear,11-Sep-22,Hunting,Red Oak,Presque Isle,F,2014,45.3524126403,-83.8954941287
,2022,Black Bear,16-Sep-22,Hunting,Red Oak,Presque Isle,M,2013,45.3235885552,-83.8960645322
BB22_174,2022,Black Bear,12-Sep-22,Hunting,Baraga,Marquette,M,2020,46.5567835366,-88.0649336849
,2022,Black Bear,15-Sep-22,Hunting,Red Oak,Alpena,F,2009,44.9378512993,-83.6979172686
,2022,Black Bear,11-Sep-22,Hunting,Red Oak,Alpena,M,2016,44.9090624813,-83.6772027968
,2022,Black Bear,12-Sep-22,Hunting,Red Oak,Alpena,M,2015,44.8640867185,-83.7576602545
,2022,Black Bear,11-Sep-22,Hunting,Red Oak,Alcona,F,2020,44.7496570169,-83.4350659018
,2022,Black Bear,11-Sep-22,Hunting,Red Oak,Alcona,F,2016,44.8510137296,-83.6371351035
,2022,Black Bear,12-Sep-22,Hunting,Red Oak,Alpena,F,2014,44.8932157588,-83.8182529537
,2022,Black Bear,11-Sep-22,Hunting,Red Oak,,F,2020,44.9818898195,-83.6774797419
,2022,Black Bear,11-Sep-22,Hunting,Red Oak,Alcona,M,2019,44.7363713272,-83.312063389
,2022,Black Bear,15-Sep-22,Hunting,Red Oak,Alpena,M,2015,45.0667856216,-83.8289185152
,2022,Black Bear,11-Sep-22,Hunting,Red Oak,Montmorency,M,2012,44.9650805739,-83.98139976
BB22_175,2022,Black Bear,12-Sep-22,Hunting,Gwinn,Marquette,M,2020,46.3700127233,-87.6458172002
,2022,Black Bear,11-Sep-22,Hunting,Red Oak,Presque Isle,M,2020,45.2895027703,-84.1819133583
,2022,Black Bear,12-Sep-22,Hunting,Red Oak,Alcona,M,2017,44.734978835,-83.4756173049
,2022,Black Bear,17-Sep-22,Hunting,Red Oak,Montmorency,M,2020,44.9800181635,-83.8996779684
,2022,Black Bear,19-Sep-22,Hunting,Red Oak,,F,2020,44.5599700786,-83.8167720581
,2022,Black Bear,14-Sep-22,Hunting,Red Oak,Alcona,F,2019,44.8355721261,-83.6765554982
,2022,Black Bear,14-Sep-22,Hunting,Red Oak,Alcona,M,2013,44.6608931612,-83.6559608461
,2022,Black Bear,14-Sep-22,Hunting,Red Oak,Alpena,M,2017,44.9657940568,-83.8393124217
,2022,Black Bear,17-Sep-22,Hunting,Red Oak,Iosco,M,2020,44.4899462612,-83.4110047467
,2022,Black Bear,14-Sep-22,Hunting,Red Oak,Alcona,F,2020,44.7335587341,-83.7571514618
,2022,Black Bear,19-Sep-22,Hunting,Red Oak,Alpena,M,2009,45.0995986669,-83.3197108114
BB22_176,2022,Black Bear,10-Sep-22,Hunting,Baraga,Baraga,M,2013,46.5565376039,-88.1687704743
,2022,Black Bear,17-Sep-22,Hunting,Red Oak,Montmorency,M,2018,44.9365098082,-83.8989920425
,2022,Black Bear,11-Sep-22,Hunting,Red Oak,Presque Isle,F,2020,45.2715028002,-83.5286949922
,2022,Black Bear,8-Oct-22,Hunting,Red Oak,Presque Isle,M,2020,45.2118549888,-83.6272160322
,2022,Black Bear,7-Oct-22,Hunting,Red Oak,Montmorency,M,2021,45.0497454323,-84.1748018547
BB22_1764,2022,Black Bear,30-Sep-22,Hunting,Baraga,Baraga,M,2019,46.7580886075,-88.4385432289
,2022,Black Bear,7-Oct-22,Hunting,Red Oak,Presque Isle,M,2020,45.2910439882,-84.0601039518
,2022,Black Bear,15-Sep-22,Hunting,Red Oak,Montmorency,M,2020,45.0088011831,-83.9617995542
,2022,Black Bear,15-Sep-22,Hunting,Red Oak,Alpena,M,2019,45.1965259036,-83.8311063586
,2022,Black Bear,14-Sep-22,Hunting,Red Oak,Presque Isle,F,2019,45.2108751828,-83.8100980285
,2022,Black Bear,11-Sep-22,Hunting,Red Oak,Alcona,F,2017,44.805620358,-83.8786325696
BB22_177,2022,Black Bear,24-Sep-22,Roadkill,Gwinn,Marquette,M,2020,46.527945848,-87.5626533535
,2022,Black Bear,11-Sep-22,Hunting,Red Oak,Montmorency,F,2017,44.8930432736,-83.8986710326
,2022,Black Bear,11-Sep-22,Hunting,Red Oak,Alpena,M,2021,44.8639423227,-83.7769947513
,2022,Black Bear,12-Sep-22,Hunting,Red Oak,Alpena,M,2021,44.9669696514,-83.6978810141
,2022,Black Bear,11-Sep-22,Hunting,Red Oak,Alcona,F,2013,44.7773126333,-83.7577270444
,2022,Black Bear,11-Sep-22,Hunting,Red Oak,Alcona,M,2021,44.7920606959,-83.6360364576
,2022,Black Bear,11-Sep-22,Hunting,Red Oak,Oscoda,M,2020,44.8052752256,-84.0004790379
,2022,Black Bear,11-Sep-22,Hunting,Red Oak,Montmorency,M,2020,44.9652926554,-83.9610975588
,2022,Black Bear,11-Sep-22,Hunting,Red Oak,Presque Isle,F,2010,45.3114514215,-83.7916915855
,2022,Black Bear,15-Sep-22,Hunting,Red Oak,Montmorency,M,2021,45.0640481408,-84.1951814887
,2022,Black Bear,11-Sep-22,Hunting,Red Oak,Iosco,F,2019,44.4755806461,-83.4109931837
BB22_178,2022,Black Bear,7-Sep-22,Hunting,Baraga,Baraga,M,2019,46.7291801213,-88.1683566412
,2022,Black Bear,11-Sep-22,Hunting,Red Oak,Alcona,F,2019,44.7497573121,-83.4147568196
,2022,Black Bear,11-Sep-22,Hunting,Red Oak,Alcona,M,2019,44.7480646456,-83.7774975495
,2022,Black Bear,16-Sep-22,Hunting,Red Oak,Presque Isle,M,2020,45.2347128601,-83.9958751444
,2022,Black Bear,14-Sep-22,Hunting,Red Oak,Presque Isle,F,2012,45.3420417526,-83.6494818643
,2022,Black Bear,14-Sep-22,Hunting,Red Oak,Emmet,F,2018,45.3112820922,-84.7424189732
,2022,Black Bear,12-Sep-22,Hunting,Red Oak,Presque Isle,M,2020,45.225239508,-83.8101573861
,2022,Black Bear,11-Sep-22,Hunting,Red Oak,Presque Isle,F,2021,45.2631075319,-84.0332367416
,2022,Black Bear,16-Sep-22,Hunting,Red Oak,Presque Isle,M,2017,45.5308722285,-84.1975688358
,2022,Black Bear,17-Sep-22,Hunting,Red Oak,Presque Isle,M,2013,45.2057471569,-84.0933982189
,2022,Black Bear,17-Sep-22,Hunting,Red Oak,Presque Isle,F,2021,45.226368343,-83.6681214335
BB22_179,2022,Black Bear,27-Sep-22,Hunting,Baraga,Baraga,F,2017,46.5709261865,-88.1269516761
,2022,Black Bear,17-Sep-22,Hunting,Red Oak,Presque Isle,M,2021,45.2544863467,-83.7695994926
,2022,Black Bear,8-Oct-22,Hunting,Red Oak,Presque Isle,M,2022,45.2202975342,-84.1140544468
,2022,Black Bear,16-Sep-22,Hunting,Baldwin,Wexford,M,2018,44.2008284202,-85.6282724128
,2022,Black Bear,15-Sep-22,Hunting,Baldwin,Grand Traverse,F,2017,44.6205431478,-85.4855207813
,2022,Black Bear,19-Sep-22,Hunting,Baldwin,Manistee,M,2016,44.1865101762,-85.8512301757
,2022,Black Bear,11-Sep-22,Hunting,Baldwin,Manistee,M,2019,44.4037766382,-85.9296197369
,2022,Black Bear,16-Sep-22,Hunting,Baldwin,Manistee,M,2020,44.2751700254,-85.9914987063
,2022,Black Bear,12-Sep-22,Hunting,Red Oak,Kalkaska,M,2019,44.6626538393,-85.0229765037
,2022,Black Bear,12-Sep-22,Hunting,Baldwin,Wexford,M,2020,44.2297491812,-85.6288268784
,2022,Black Bear,24-Oct-22,Hunting,Red Oak,Emmet,M,2021,45.7578494824,-85.0035262376
BB22_18,2022,Black Bear,8-Sep-22,Hunting,Baraga,Marquette,F,2017,46.657912887,-87.9183101852
BB22_180,2022,Black Bear,25-Sep-22,Hunting,Baraga,Baraga,M,2020,46.7146725362,-88.1473482629
,2022,Black Bear,7-Oct-22,Hunting,Baldwin,Lake,F,2017,44.0525234127,-85.7326791401
,2022,Black Bear,15-Sep-22,Hunting,Gladwin,Osceola,M,2021,43.9513552091,-85.1183314824
,2022,Black Bear,16-Sep-22,Hunting,Baldwin,Benzie,M,2021,44.6971388214,-86.0290374109
,2022,Black Bear,19-Sep-22,Hunting,Red Oak,Kalkaska,M,2013,44.5466875175,-85.0220915584
,2022,Black Bear,12-Sep-22,Hunting,Red Oak,Kalkaska,M,2021,44.7210408191,-85.1241729359
,,,,,,,,2021,,
,2022,Black Bear,12-Sep-22,Hunting,Baldwin,Wexford,F,2021,44.4754492778,-85.8081264195
,2022,Black Bear,11-Sep-22,Hunting,Red Oak,Kalkaska,M,2018,44.7354970841,-85.1238937269
,2022,Black Bear,14-Sep-22,Hunting,Baldwin,Wexford,F,2018,44.2737530563,-85.5087532943
,2022,Black Bear,14-Sep-22,Hunting,Baldwin,Manistee,M,2021,44.3456831103,-85.8903616703
BB22_181,2022,Black Bear,25-Sep-22,Hunting,Gwinn,Marquette,M,2021,46.4425328762,-87.8345815623
,2022,Black Bear,11-Sep-22,Hunting,Baldwin,Manistee,F,2021,44.2462956284,-85.9916845523
,2022,Black Bear,12-Sep-22,Hunting,Baldwin,Lake,M,2021,44.1397641828,-85.5941490301
,2022,Black Bear,12-Sep-22,Hunting,Baldwin,Wexford,F,2020,44.2302085364,-85.5073326789
,2022,Black Bear,13-Sep-22,Hunting,Baldwin,Wexford,M,2021,44.2011802964,-85.4462311716
,2022,Black Bear,16-Sep-22,Hunting,Baldwin,Manistee,F,2021,44.2174454434,-85.9916415923
,2022,Black Bear,11-Sep-22,Hunting,Baldwin,Manistee,M,2021,44.201316578,-85.9317614085
,2022,Black Bear,14-Sep-22,Hunting,Gladwin,Clare,M,2020,43.9656182958,-85.0786287307
,2022,Black Bear,16-Sep-22,Hunting,Baldwin,Manistee,M,2017,44.4477305635,-85.9292699528
,2022,Black Bear,11-Sep-22,Hunting,Red Oak,Kalkaska,F,2020,44.5329204514,-85.1641288246
,2022,Black Bear,11-Sep-22,Hunting,Red Oak,Roscommon,M,2021,44.5022943479,-84.7825940027
BB22_182,2022,Black Bear,12-Sep-22,Hunting,Amasa,Baraga,F,2018,46.4560821431,-88.4808458205
,2022,Black Bear,12-Sep-22,Hunting,Gladwin,Osceola,M,2012,43.9800007358,-85.3160349726
,2022,Black Bear,11-Sep-22,Hunting,Baldwin,Wexford,F,2021,44.2297491812,-85.6288268784
,2022,Black Bear,12-Sep-22,Hunting,Baldwin,Lake,F,2015,43.995642615,-85.8723406503
,2022,Black Bear,14-Sep-22,Hunting,Red Oak,Roscommon,M,2019,44.3272095667,-84.5816515567
,2022,Black Bear,17-Sep-22,Hunting,Baldwin,Benzie,F,2020,44.5531926473,-86.150330068
,2022,Black Bear,12-Sep-22,Hunting,Red Oak,Kalkaska,M,2020,44.5194465937,-85.3239427702
,2022,Black Bear,13-Sep-22,Hunting,Baldwin,Wexford,M,2021,44.2011594269,-85.5070084941
,2022,Black Bear,14-Sep-22,Hunting,Baldwin,Manistee,M,2021,44.3072237258,-86.1119341592
,2022,Black Bear,16-Sep-22,Hunting,Baldwin,Manistee,F,2021,44.3743184266,-85.8702858536
,2022,Black Bear,15-Sep-22,Hunting,Baldwin,Manistee,F,2020,44.4037766382,-85.9296197369
BB22_183,2022,Black Bear,27-Sep-22,Hunting,Baraga,Baraga,M,2020,46.685510695,-88.1061020985
,2022,Black Bear,16-Sep-22,Hunting,Red Oak,Kalkaska,M,2021,44.5337970057,-85.3236791937
,2022,Black Bear,14-Sep-22,Hunting,Baldwin,Manistee,F,2015,44.2345211223,-86.0924866248
BB22_1832,2022,Black Bear,27-Sep-22,Hunting,Newberry,Mackinac,F,2020,46.1660467184,-85.4773765093
,2022,Black Bear,4-Oct-22,Hunting,Baldwin,Wexford,M,2020,44.2874962594,-85.6903835185
,2022,Black Bear,7-Oct-22,Hunting,Baldwin,Wexford,F,2021,44.2873759288,-85.7106596961
,2022,Black Bear,13-Sep-22,Hunting,Baldwin,Wexford,M,2015,44.2729353232,-85.8107628118
,2022,Black Bear,12-Sep-22,Hunting,Baldwin,Wexford,M,2021,44.4463296985,-85.5088109598
,2022,Black Bear,11-Sep-22,Hunting,Red Oak,Emmet,F,2014,45.5579964196,-84.9041345636
,2022,Black Bear,11-Sep-22,Hunting,Red Oak,Missaukee,M,2017,44.4758675101,-85.2657290928
,2022,Black Bear,12-Sep-22,Hunting,Baldwin,Lake,F,2015,44.1398081788,-85.5741711155
BB22_184,2022,Black Bear,28-Sep-22,Hunting,Gwinn,Marquette,F,2017,46.3556466738,-87.6670202785
,2022,Black Bear,11-Sep-22,Hunting,Baldwin,Wexford,M,2021,44.1722502069,-85.5266706302
,2022,Black Bear,12-Sep-22,Hunting,Baldwin,Manistee,M,2015,44.1904410783,-86.0732218963
,2022,Black Bear,17-Sep-22,Hunting,Baldwin,Wexford,M,2021,44.1722466198,-85.4661597218
,2022,Black Bear,13-Sep-22,Hunting,Red Oak,Antrim,F,2021,45.0109036291,-85.0597386082
,2022,Black Bear,7-Oct-22,Hunting,Red Oak,Alpena,U,2019,44.864807229,-83.7179830449
,2022,Black Bear,14-Sep-22,Hunting,Red Oak,Crawford,F,2019,44.6339691582,-84.4981364283
,2022,Black Bear,7-Oct-22,Hunting,Red Oak,Alcona,F,2021,44.6316166911,-83.7566619123
,2022,Black Bear,7-Oct-22,Hunting,Red Oak,Montmorency,F,2021,45.1531127579,-83.853490896
,2022,Black Bear,7-Oct-22,Hunting,Red Oak,Alcona,M,2018,44.6462457124,-83.6560863034
,2022,Black Bear,9-Oct-22,Hunting,Red Oak,Presque Isle,M,2021,45.4232453777,-83.8969888279
BB22_185,2022,Black Bear,10-Sep-22,Hunting,Gwinn,Marquette,F,2020,46.3703341613,-87.834565887
,2022,Black Bear,9-Oct-22,Hunting,Red Oak,Alpena,F,2021,45.1234162169,-83.8708557988
,2022,Black Bear,8-Oct-22,Hunting,Red Oak,Alpena,M,2020,44.8789947413,-83.7385578698
,2022,Black Bear,7-Oct-22,Hunting,Red Oak,Alcona,M,2020,44.6608143805,-83.676133691
,2022,Black Bear,10-Oct-22,Hunting,Red Oak,Alpena,M,2021,44.9375770665,-83.718320082
,2022,Black Bear,7-Oct-22,Hunting,Red Oak,Montmorency,F,2020,45.0810887164,-83.8907289337
,2022,Black Bear,12-Sep-22,Hunting,Baldwin,Wexford,F,2020,44.2150685076,-85.7903991542
,2022,Black Bear,12-Sep-22,Hunting,Baldwin,Wexford,M,2020,44.4605576546,-85.5484289241
,2022,Black Bear,13-Sep-22,Hunting,Baldwin,Lake,F,2020,44.1108098459,-85.6135177094
,2022,Black Bear,14-Sep-22,Hunting,Baldwin,Grand Traverse,F,2007,44.5924431975,-85.8072355404
,2022,Black Bear,10-Oct-22,Hunting,Red Oak,Cheboygan,M,2019,45.7146617604,-84.6193120447
BB22_186,2022,Black Bear,8-Sep-22,Hunting,Baraga,Baraga,M,2021,46.5715111494,-88.3559272893
,2022,Black Bear,11-Sep-22,Hunting,Red Oak,Otsego,F,2020,45.1791137155,-84.6835535224
,2022,Black Bear,18-Sep-22,Hunting,Red Oak,Alcona,F,2019,44.6319598871,-83.6963715263
,2022,Black Bear,11-Sep-22,Hunting,Red Oak,Otsego,F,2020,44.9651169094,-84.5576333176
,2022,Black Bear,16-Sep-22,Hunting,Red Oak,Alcona,M,2018,44.7191496256,-83.6368366536
,2022,Black Bear,13-Sep-22,Hunting,Red Oak,Alcona,M,2022,44.8060829053,-83.7774785018
,2022,Black Bear,16-Sep-22,Hunting,Red Oak,Montmorency,F,2020,44.8783412774,-83.8986625285
,2022,Black Bear,13-Sep-22,Hunting,Red Oak,Alcona,F,2021,44.7775231609,-83.635976142
,2022,Black Bear,13-Sep-22,Hunting,Red Oak,Alcona,F,2020,44.8224925921,-83.3548031106
,2022,Black Bear,13-Sep-22,Hunting,Red Oak,Presque Isle,F,2020,45.3133087503,-83.6490018603
,2022,Black Bear,17-Sep-22,Hunting,Red Oak,Cheboygan,F,2016,45.234601604,-84.2771875428
BB22_187,2022,Black Bear,25-Sep-22,Hunting,Gwinn,Marquette,M,2020,46.0940950163,-87.5024191895
,2022,Black Bear,17-Sep-22,Hunting,Red Oak,Montmorency,F,2020,44.8626746114,-84.0817397451
,2022,Black Bear,19-Sep-22,Hunting,Red Oak,Presque Isle,F,2000,45.2490743452,-84.2365519625
,2022,Black Bear,19-Sep-22,Hunting,Red Oak,Alpena,M,2019,45.081122827,-83.8084881511
,2022,Black Bear,15-Sep-22,Hunting,Red Oak,Presque Isle,F,2020,45.280627486,-83.8740805021
,2022,Black Bear,14-Sep-22,Hunting,Red Oak,Alcona,M,2018,44.8204912011,-83.7773467093
,2022,Black Bear,14-Sep-22,Hunting,Red Oak,Alpena,F,2016,44.9077527951,-83.7976469529
,2022,Black Bear,12-Oct-22,Hunting,Red Oak,Alpena,M,2018,45.1972450765,-83.6471052195
,2022,Black Bear,14-Sep-22,Hunting,Red Oak,,M,2019,45.1069005932,-84.1139696506
,2022,Black Bear,15-Sep-22,Hunting,Red Oak,Alcona,F,2018,44.5618122188,-83.4727378996
,2022,Black Bear,12-Sep-22,Hunting,Red Oak,Presque Isle,M,2017,45.2057803384,-84.1137735505
BB22_188,2022,Black Bear,22-Sep-22,Hunting,Gwinn,Marquette,F,2021,46.2902886193,-87.8036315658
,2022,Black Bear,14-Sep-22,Hunting,Red Oak,Alpena,F,2019,45.1107119702,-83.6242038887
,2022,Black Bear,16-Sep-22,Hunting,Baldwin,Kalkaska,F,2008,44.8086272496,-85.2418130652
,2022,Black Bear,15-Sep-22,Hunting,Baldwin,Wexford,F,2021,44.5047880622,-85.4462611231
,2022,Black Bear,15-Sep-22,Hunting,Baldwin,Wexford,M,2013,44.2737530563,-85.5087532943
,2022,Black Bear,12-Sep-22,Hunting,Baldwin,Manistee,M,2016,44.3170021362,-85.9307418625
,2022,Black Bear,15-Sep-22,Hunting,Red Oak,Grand Traverse,F,2019,44.7798999126,-85.3431064352
,2022,Black Bear,16-Sep-22,Hunting,Baldwin,Manistee,M,2019,44.3065069732,-86.0917248884
,2022,Black Bear,11-Sep-22,Hunting,Baldwin,Manistee,F,2015,44.3743913445,-85.9103340636
,2022,Black Bear,17-Sep-22,Hunting,Baldwin,Manistee,M,2019,44.4473323806,-85.9091542351
,2022,Black Bear,16-Sep-22,Hunting,Baldwin,Wexford,M,2008,44.186513368,-85.5878995344
BB22_189,2022,Black Bear,28-Sep-22,Hunting,Gwinn,Marquette,F,2021,46.4275875473,-87.1901383868
,2022,Black Bear,13-Sep-22,Hunting,Baldwin,Grand Traverse,F,2013,44.606015622,-85.4446274277
,2022,Black Bear,12-Sep-22,Hunting,Baldwin,Manistee,M,2011,44.1882784217,-85.9922280414
,2022,Black Bear,15-Sep-22,Hunting,Baldwin,Benzie,M,2022,44.6224490332,-85.8479283988
,2022,Black Bear,13-Sep-22,Hunting,Baldwin,Benzie,M,2008,44.5641143255,-85.9879264093
,2022,Black Bear,15-Sep-22,Hunting,Red Oak,Kalkaska,M,2021,44.793033086,-84.9389177445
,2022,Black Bear,12-Sep-22,Hunting,Gladwin,Clare,M,2021,43.9656182958,-85.0786287307
,2022,Black Bear,9-Oct-22,Hunting,Red Oak,Montmorency,M,2020,45.0810887164,-83.8907289337
,2022,Black Bear,16-Sep-22,Hunting,Red Oak,Oscoda,M,2021,44.7904106016,-84.2023000916
,2022,Black Bear,11-Sep-22,Hunting,Red Oak,Alcona,F,2019,44.7476631586,-83.8783388031
,2022,Black Bear,14-Sep-22,Hunting,Red Oak,Cheboygan,F,2018,45.2346299939,-84.3385874173
BB22_19,2022,Black Bear,11-Sep-22,Hunting,Baraga,Marquette,M,2020,46.6296111912,-87.8133767619
BB22_190,2022,Black Bear,28-Sep-22,Hunting,Baraga,Baraga,M,2019,46.7147655948,-88.1893618878
,2022,Black Bear,10-Oct-22,Hunting,Red Oak,Cheboygan,M,2020,45.576322922,-84.2812461968
,2022,Black Bear,7-Oct-22,Hunting,Red Oak,Presque Isle,M,2021,45.3561986711,-83.6697340267
,2022,Black Bear,16-Sep-22,Hunting,Red Oak,Montmorency,F,2022,44.9365098082,-83.8989920425
,2022,Black Bear,12-Sep-22,Hunting,Red Oak,Alcona,M,2013,44.8357459121,-83.656225938
,2022,Black Bear,4-Nov-22,Hunting,Baldwin,Grand Traverse,M,2019,44.6066472316,-85.6252703168
,2022,Black Bear,11-Sep-22,Hunting,Red Oak,Cheboygan,M,2021,45.2790247857,-84.4393551009
BB22_1906,2022,Black Bear,7-Sep-22,Hunting,Newberry,Chippewa,F,2016,46.3107180432,-84.2493955743
BB22_1907,2022,Black Bear,12-Sep-22,Hunting,Newberry,Chippewa,M,2020,46.328280401,-84.7041229495
BB22_1908,2022,Black Bear,26-Oct-22,Hunting,Carney,Menominee,M,2020,45.8615742465,-87.6255130661
,2022,Black Bear,9-Oct-22,Hunting,Baldwin,Lake,M,2021,44.0237973123,-85.7523132467
BB22_191,2022,Black Bear,14-Sep-22,Hunting,Baraga,Marquette,M,2020,46.6292806739,-87.9183340628
,2022,Black Bear,13-Sep-22,Hunting,Red Oak,Roscommon,F,2020,44.3994901265,-84.521959252
,2022,Black Bear,13-Sep-22,Hunting,Red Oak,Ogemaw,M,2019,44.3419101696,-84.054887805
,2022,Black Bear,9-Oct-22,Hunting,Red Oak,Otsego,F,2021,45.1650766757,-84.7041533316
,2022,Black Bear,15-Sep-22,Hunting,Gladwin,Ogemaw,F,2018,44.2548485427,-84.3167057697
,2022,Black Bear,12-Sep-22,Hunting,Red Oak,Alcona,M,2021,44.6326513702,-83.5948872995
,2022,Black Bear,10-Oct-22,Hunting,Red Oak,Alcona,F,2020,44.7333960803,-83.7169160906
,2022,Black Bear,7-Oct-22,Hunting,Gladwin,Ogemaw,F,2021,44.1972101078,-84.3570156192
,2022,Black Bear,8-Oct-22,Hunting,Red Oak,Kalkaska,M,2020,44.7790279459,-85.082061971
,2022,Black Bear,7-Oct-22,Hunting,Red Oak,Montmorency,M,2021,45.0073727368,-84.1632679579
BB22_1919,2022,Black Bear,26-Oct-22,Hunting,Carney,Menominee,M,2022,45.6577033174,-87.7888314814
BB22_192,2022,Black Bear,26-Sep-22,Hunting,Baraga,Marquette,F,2019,46.6580435264,-87.5623947031
,2022,Black Bear,7-Oct-22,Hunting,Red Oak,Alcona,M,2019,44.7626589414,-83.7978531364
,2022,Black Bear,7-Oct-22,Hunting,Red Oak,Alcona,F,2020,44.7480649974,-83.6375345134
,2022,Black Bear,8-Oct-22,Hunting,Red Oak,Alcona,F,2019,44.7769989475,-83.8590282575
,2022,Black Bear,8-Oct-22,Hunting,Red Oak,Montmorency,M,2020,44.9365098082,-83.8989920425
,2022,Black Bear,12-Oct-22,Hunting,Red Oak,Ogemaw,F,2018,44.3996405373,-84.0963336343
,2022,Black Bear,8-Oct-22,Hunting,Red Oak,Alcona,F,2020,44.7058358335,-83.49558884
,2022,Black Bear,16-Sep-22,Hunting,Red Oak,Charlevoix,F,2016,45.1956261368,-84.8058788471
,2022,Black Bear,2-Oct-22,Hunting,Red Oak,Charlevoix,F,2020,45.1956261368,-84.8058788471
,2022,Black Bear,13-Sep-22,Hunting,Baldwin,Manistee,F,2020,44.2011937292,-85.8914506374
,2022,Black Bear,11-Sep-22,Hunting,Baldwin,Benzie,F,2021,44.6825698221,-86.0490593077
BB22_193,2022,Black Bear,25-Sep-22,Hunting,Gwinn,Alger,M,2021,46.2531382714,-87.0431475744
,2022,Black Bear,11-Sep-22,Hunting,Baldwin,Lake,F,2022,44.0964151309,-85.7334371137
,2022,Black Bear,7-Sep-22,Hunting,Baldwin,Oceana,M,2018,43.6779604749,-86.1292432645
,2022,Black Bear,13-Sep-22,Hunting,Baldwin,Oceana,M,2018,43.7948969004,-86.208245063
,2022,Black Bear,12-Sep-22,Hunting,Baldwin,Oceana,F,2016,43.764402856,-86.0682332284
,2022,Black Bear,13-Sep-22,Hunting,Baldwin,Lake,M,2021,43.8227336768,-85.63249075
,2022,Black Bear,12-Sep-22,Hunting,Baldwin,Lake,F,2015,43.9514045671,-85.772229514
,2022,Black Bear,15-Sep-22,Hunting,Baldwin,Newaygo,F,2021,43.6188431516,-85.9502294289
,2022,Black Bear,15-Sep-22,Hunting,Baldwin,Manistee,M,2020,44.2809392014,-86.1933313673
,2022,Black Bear,15-Sep-22,Hunting,Baldwin,Newaygo,F,2016,43.7491158743,-85.9493498569
,2022,Black Bear,12-Sep-22,Hunting,Baldwin,Lake,F,2021,44.0682083029,-85.9132470809
BB22_194,2022,Black Bear,7-Sep-22,Hunting,Baraga,Baraga,M,2011,46.7291801213,-88.1683566412
,2022,Black Bear,12-Sep-22,Hunting,Baldwin,Newaygo,F,2017,43.5770361855,-85.6319183832
,2022,Black Bear,11-Sep-22,Hunting,Baldwin,Lake,F,2014,44.1275873621,-86.032199171
,2022,Black Bear,12-Sep-22,Hunting,Baldwin,Newaygo,F,2022,43.647703641,-85.830841805
,2022,Black Bear,13-Sep-22,Hunting,Baldwin,Lake,F,2010,44.038064933,-85.7526031556
,2022,Black Bear,12-Sep-22,Hunting,Baldwin,Lake,F,2016,43.8648542599,-85.9101593255
,2022,Black Bear,17-Sep-22,Hunting,Baldwin,Lake,F,2019,43.8798294991,-85.9490436821
BB22_1946,2022,Black Bear,17-Sep-22,Hunting,Gwinn,Alger,F,2020,46.4274302114,-86.9810310413
,2022,Black Bear,17-Sep-22,Hunting,Baldwin,Lake,F,2004,44.1554948591,-85.8342588087
,2022,Black Bear,16-Sep-22,Hunting,Baldwin,Mason,M,2019,44.0980833375,-86.1308358672
,2022,Black Bear,14-Sep-22,Hunting,Baldwin,Lake,F,2019,43.9232660439,-85.6920585168
BB22_195,2022,Black Bear,29-Sep-22,Hunting,Baraga,Baraga,M,2021,46.6432671773,-88.3557285032
,2022,Black Bear,14-Sep-22,Hunting,Baldwin,Lake,F,2016,44.0524575194,-85.7527841515
,2022,Black Bear,14-Sep-22,Hunting,Baldwin,Manistee,M,2018,44.259062341,-85.871213558
,2022,Black Bear,16-Sep-22,Hunting,Baldwin,Wexford,M,2019,44.2151471727,-85.6485680194
,2022,Black Bear,12-Sep-22,Hunting,Baldwin,Newaygo,F,2017,43.7933311204,-85.6706499922
,2022,Black Bear,15-Sep-22,Hunting,Baldwin,Newaygo,M,2021,43.7787944028,-85.7116405769
,2022,Black Bear,16-Sep-22,Hunting,Baldwin,Lake,M,2021,43.9659959332,-85.811505566
,2022,Black Bear,13-Sep-22,Hunting,Baldwin,Newaygo,F,2016,43.6768926766,-85.771448052
,2022,Black Bear,12-Oct-22,Hunting,Baldwin,Wexford,M,2021,44.2150685076,-85.7903991542
,2022,Black Bear,7-Oct-22,Hunting,Baldwin,Newaygo,M,2021,43.7064518032,-85.7108986247
,2022,Black Bear,7-Oct-22,Hunting,Baldwin,Lake,M,2021,44.0102149311,-85.9510792558
BB22_196,2022,Black Bear,28-Sep-22,Hunting,Gwinn,Marquette,F,2020,46.1954054628,-87.5019397367
,2022,Black Bear,19-Sep-22,Hunting,Baldwin,Newaygo,M,2021,43.7783936764,-85.6517143581
,2022,Black Bear,18-Sep-22,Hunting,Baldwin,Lake,M,2021,44.1252661446,-85.7335872397
,2022,Black Bear,13-Oct-22,Hunting,Baldwin,Wexford,M,2021,44.244309773,-85.629126031
,2022,Black Bear,14-Sep-22,Hunting,Baldwin,Lake,F,2021,44.0233415807,-85.7923191199
,2022,Black Bear,8-Oct-22,Hunting,Baldwin,Manistee,F,2021,44.289102502,-85.9711388323
,2022,Black Bear,17-Sep-22,Hunting,Baldwin,Lake,F,2016,44.0676394484,-85.8331158684
,2022,Black Bear,7-Oct-22,Hunting,Baldwin,Manistee,M,2021,44.2046407741,-86.0526723272
,2022,Black Bear,14-Sep-22,Hunting,Baldwin,Mason,M,2019,43.9252866855,-86.1890357883
,2022,Black Bear,14-Sep-22,Hunting,Baldwin,Mason,M,2017,44.0254053029,-86.0701193954
,2022,Black Bear,14-Sep-22,Hunting,Baldwin,Newaygo,F,2018,43.662026876,-85.8907298635
BB22_197,2022,Black Bear,16-Sep-22,Hunting,Gwinn,Marquette,M,2019,46.1519261231,-87.2939244367
,2022,Black Bear,11-Sep-22,Hunting,Baldwin,Manistee,F,2018,44.2036122831,-86.0122089837
,2022,Black Bear,9-Sep-22,Hunting,Baldwin,Oceana,M,2020,43.6779604749,-86.1292432645
,2022,Black Bear,11-Sep-22,Hunting,Baldwin,Newaygo,M,2019,43.605515635,-85.7113076592
,2022,Black Bear,12-Sep-22,Hunting,Baldwin,Lake,M,2021,44.1250213478,-85.8339902658
,2022,Black Bear,13-Sep-22,Hunting,Baldwin,Lake,M,2021,43.9247145795,-85.9496148513
,2022,Black Bear,13-Sep-22,Hunting,Baldwin,Newaygo,M,2021,43.7933101161,-85.7115412705
,2022,Black Bear,13-Sep-22,Hunting,Baldwin,Oceana,M,2021,43.7503460843,-86.1081726533
,2022,Black Bear,12-Sep-22,Hunting,Baldwin,Wexford,M,2019,44.3746197812,-85.5502619679
,2022,Black Bear,13-Sep-22,Hunting,Baldwin,Lake,M,2021,43.9951420716,-85.771977049
,2022,Black Bear,13-Sep-22,Hunting,Baldwin,Mason,M,2020,44.0702341539,-86.1906632149
BB22_198,2022,Black Bear,28-Sep-22,Hunting,Gwinn,Marquette,M,2021,46.4558536234,-87.561957575
,2022,Black Bear,12-Sep-22,Hunting,Baldwin,Lake,M,2021,44.1275873621,-86.032199171
,2022,Black Bear,13-Sep-22,Hunting,Baldwin,Mecosta,M,2019,43.7789038107,-85.5331247595
,2022,Black Bear,16-Sep-22,Hunting,Baldwin,Newaygo,M,2017,43.7641438997,-85.7317840851
,2022,Black Bear,9-Sep-22,Hunting,Baldwin,Manistee,F,2022,44.4211825893,-86.0501689356
,2022,Black Bear,8-Sep-22,Hunting,Baldwin,Manistee,F,2022,44.2790532402,-86.1321728566
BB22_199,2022,Black Bear,26-Sep-22,Hunting,Gwinn,,M,2019,46.1666123471,-87.5641965465
BB22_2,2022,Black Bear,13-Sep-22,Hunting,Baraga,Baraga,F,2009,46.642327209,-88.2311689802
BB22_20,2022,Black Bear,12-Sep-22,Hunting,Amasa,Baraga,F,2016,46.4992639454,-88.1270142347
BB22_200,2022,Black Bear,19-Sep-22,Hunting,Gwinn,Marquette,M,2021,46.4306465237,-87.6405562088
BB22_201,2022,Black Bear,20-Sep-22,Hunting,Carney,Marquette,M,2020,46.4306465237,-87.6405562088
BB22_202,2022,Black Bear,12-Sep-22,Hunting,Gwinn,Dickinson,M,2021,46.239240101,-87.6469186313
BB22_203,2022,Black Bear,17-Sep-22,Hunting,Gwinn,Marquette,M,2018,46.4703226409,-87.5827765513
BB22_204,2022,Black Bear,16-Sep-22,Hunting,Gwinn,,F,2014,46.2060482741,-87.2388926651
BB22_205,2022,Black Bear,20-Sep-22,Hunting,Gwinn,Dickinson,F,2021,46.1522263886,-87.7311249098
BB22_206,2022,Black Bear,29-Sep-22,Hunting,Gwinn,Marquette,F,2021,46.4422026617,-87.2111833991
BB22_207,2022,Black Bear,25-Sep-22,Hunting,Gwinn,Dickinson,M,2013,46.2392854778,-87.7307624572
BB22_208,2022,Black Bear,27-Sep-22,Hunting,Baraga,Baraga,M,2019,46.6857684121,-88.189184061
BB22_209,2022,Black Bear,26-Sep-22,Hunting,Gwinn,Marquette,F,2020,46.3405237049,-87.5220571667
BB22_21,2022,Black Bear,15-Sep-22,Hunting,Gwinn,Marquette,M,2021,46.4565517809,-87.1902270176
BB22_210,2022,Black Bear,9-Sep-22,Hunting,Baraga,Baraga,M,2020,46.5136566785,-88.3354957978
BB22_211,2022,Black Bear,15-Sep-22,Hunting,Baraga,Baraga,M,2020,46.6004309276,-88.4393316399
BB22_212,2022,Black Bear,28-Sep-22,Hunting,Gwinn,Dickinson,F,2021,46.2248673365,-87.9815619179
BB22_213,2022,Black Bear,7-Sep-22,Hunting,Baraga,Baraga,F,2019,46.6002938083,-88.3974428439
BB22_214,2022,Black Bear,7-Sep-22,Hunting,Baraga,Baraga,M,2019,46.585747643,-88.3354939178
BB22_215,2022,Black Bear,25-Sep-22,Hunting,Gwinn,Marquette,M,2022,46.3266415937,-87.6883602786
BB22_216,2022,Black Bear,27-Sep-22,Hunting,Gwinn,Alger,M,2021,46.2967411392,-86.959919011
BB22_217,2022,Black Bear,28-Sep-22,Hunting,Gwinn,Alger,M,2021,46.4999685292,-87.0853430235
BB22_218,2022,Black Bear,28-Sep-22,Hunting,Gwinn,Alger,M,2020,46.4998786656,-86.9810047096
,2022,Black Bear,15-Sep-22,Hunting,Carney,,M,2022,46.0293197168,-87.6793994657
BB22_22,2022,Black Bear,7-Sep-22,Hunting,Gwinn,Alger,M,2020,46.4419619809,-87.0224577072
,2022,Black Bear,8-Sep-22,Hunting,Gwinn,Marquette,M,2022,46.210011785,-87.4186748852
BB22_221,2022,Black Bear,30-Sep-22,Hunting,Gwinn,Dickinson,M,2019,46.2393960312,-87.8353981381
,2022,Black Bear,14-Sep-22,Hunting,Red Oak,Roscommon,F,2019,44.1824114513,-84.3773980841
,2022,Black Bear,15-Sep-22,Hunting,Red Oak,Emmet,F,2018,45.7001291197,-84.9447201141
,2022,Black Bear,7-Sep-22,Hunting,Red Oak,Cheboygan,M,2021,45.4383983107,-84.4605686308
,2022,Black Bear,11-Sep-22,Hunting,Red Oak,Montmorency,F,2002,45.0227846857,-84.0024966933
,2022,Black Bear,17-Sep-22,Hunting,Gladwin,Gladwin,M,2020,44.124944474,-84.4969060041
,2022,Black Bear,11-Sep-22,Hunting,Red Oak,Alcona,M,2018,44.6034863406,-83.6757366791
,2022,Black Bear,12-Sep-22,Hunting,Gladwin,Gladwin,F,2018,44.0403401331,-84.3273375116
,2022,Black Bear,14-Sep-22,Hunting,Red Oak,Roscommon,M,2016,44.4156067182,-84.4815926918
BB22_23,2022,Black Bear,7-Sep-22,Hunting,Baraga,Marquette,M,2017,46.5719836164,-87.9180928611
BB22_230,2022,Black Bear,2-Oct-22,Hunting,Gwinn,Marquette,F,2021,46.4700285894,-87.5202214147
,2022,Black Bear,14-Sep-22,Hunting,Red Oak,Ogemaw,M,2018,44.4434510704,-83.9347585896
,2022,Black Bear,13-Sep-22,Hunting,Red Oak,Alcona,M,2020,44.7049264401,-83.6172105091
,2022,Black Bear,11-Sep-22,Hunting,Red Oak,Roscommon,M,2021,44.414890871,-84.8253251359
BB22_234,2022,Black Bear,1-Oct-22,Hunting,Gwinn,Alger,M,2021,46.3547654128,-87.085228346
,2022,Black Bear,19-Sep-22,Hunting,Baldwin,Lake,F,2020,44.1108365212,-85.7534640731
,2022,Black Bear,19-Sep-22,Hunting,Red Oak,Montmorency,F,2015,45.0658235063,-84.0117164648
,2022,Black Bear,13-Sep-22,Hunting,Red Oak,Missaukee,F,2020,44.3740427428,-85.1669162136
,2022,Black Bear,13-Sep-22,Hunting,Gladwin,Gladwin,M,2021,44.1388869227,-84.3775882147
,2022,Black Bear,11-Sep-22,Hunting,Gladwin,Ogemaw,M,2021,44.1689572339,-84.2159014575
BB22_24,2022,Black Bear,7-Sep-22,Hunting,Baraga,Marquette,F,2020,46.5430105748,-87.83419198
,2022,Black Bear,11-Sep-22,Hunting,Red Oak,Alcona,F,2021,44.8207153697,-83.7173415987
,2022,Black Bear,9-Sep-22,Hunting,Gladwin,Gladwin,F,2021,44.1339067897,-84.3580329637
,2022,Black Bear,16-Sep-22,Hunting,Gladwin,Arenac,M,2018,44.0620134462,-84.0965801103
,2022,Black Bear,11-Sep-22,Hunting,Red Oak,Roscommon,F,2020,44.1822422471,-84.5592738621
,2022,Black Bear,23-Sep-22,Hunting,Red Oak,Otsego,F,2021,45.1930272555,-84.6219723131
,2022,Black Bear,14-Sep-22,Hunting,Red Oak,Iosco,F,2019,44.473991795,-83.755784782
,2022,Black Bear,15-Sep-22,Hunting,Baldwin,Mason,F,2021,44.0402215728,-86.0903128789
,2022,Black Bear,17-Sep-22,Hunting,Red Oak,Oscoda,M,2021,44.7612285663,-84.1213593511
,2022,Black Bear,11-Sep-22,Hunting,Baldwin,Lake,F,2021,43.951388004,-85.7919926733
BB22_249,2022,Black Bear,7-Sep-22,Hunting,Amasa,Iron,M,2009,46.4126833617,-88.5646528358
BB22_25,2022,Black Bear,13-Sep-22,Hunting,Gwinn,Marquette,F,2018,46.1809412481,-87.2935131038
BB22_250,2022,Black Bear,25-Sep-22,Hunting,Bergland,Gogebic,M,2019,46.2826305187,-89.313701503
BB22_251,2022,Black Bear,3-Oct-22,Hunting,Amasa,Iron,M,2018,46.3837166869,-88.2735437906
BB22_252,2022,Black Bear,1-Oct-22,Hunting,Baraga,Houghton,F,2021,47.0760511028,-88.5632316262
BB22_253,2022,Black Bear,30-Sep-22,Hunting,Amasa,Iron,F,2021,46.0511006046,-88.6477967727
BB22_254,2022,Black Bear,1-Oct-22,Hunting,Amasa,Iron,F,2021,46.1233354879,-88.544034683
BB22_255,2022,Black Bear,1-Oct-22,Hunting,Amasa,Iron,F,2020,46.3113566347,-88.7726629165
BB22_256,2022,Black Bear,30-Sep-22,Hunting,Amasa,Iron,M,2020,46.3838337911,-88.3361159643
BB22_257,2022,Black Bear,28-Sep-22,Hunting,Amasa,Iron,F,2021,46.3837281073,-88.6690718584
BB22_258,2022,Black Bear,28-Sep-22,Hunting,Amasa,Iron,M,2020,46.0364414429,-88.2111003184
BB22_259,2022,Black Bear,26-Sep-22,Hunting,Baraga,Houghton,M,2021,46.4991975707,-88.918968031
,2022,Black Bear,11-Sep-22,Hunting,Red Oak,Montmorency,F,2021,44.9645924736,-84.0421343164
BB22_260,2022,Black Bear,28-Sep-22,Hunting,Amasa,Iron,F,2010,46.0224940006,-88.2317869495
BB22_261,2022,Black Bear,28-Sep-22,Hunting,Amasa,Iron,M,2021,46.2677497773,-88.9597927299
BB22_262,2022,Black Bear,28-Sep-22,Hunting,Amasa,Iron,F,2021,46.1813432801,-88.5024113823
BB22_263,2022,Black Bear,25-Sep-22,Hunting,Amasa,Iron,M,2021,46.0221637532,-88.1280343449
BB22_264,2022,Black Bear,26-Sep-22,Hunting,Amasa,Iron,M,2021,46.3693983485,-88.2733845692
BB22_265,2022,Black Bear,25-Sep-22,Hunting,Amasa,Iron,F,2021,46.1380515411,-88.8972585747
BB22_266,2022,Black Bear,12-Sep-22,Hunting,Amasa,Gogebic,M,2016,46.2249915207,-89.064140854
BB22_267,2022,Black Bear,17-Sep-22,Hunting,Amasa,Iron,M,2018,46.3114254316,-88.7936495624
BB22_268,2022,Black Bear,8-Sep-22,Hunting,Amasa,Iron,F,2016,46.1959262825,-88.3364343746
BB22_269,2022,Black Bear,20-Sep-22,Hunting,Amasa,Iron,M,2021,46.0221250694,-88.4817317102
BB22_27,2022,Black Bear,8-Sep-22,Hunting,Gwinn,Alger,F,2020,46.325675331,-87.0226296589
BB22_270,2022,Black Bear,18-Sep-22,Hunting,Amasa,Iron,M,2020,46.4124323263,-88.9810341536
BB22_271,2022,Black Bear,19-Sep-22,Hunting,Amasa,Iron,M,2020,46.2679823741,-88.9390082207
BB22_272,2022,Black Bear,13-Sep-22,Hunting,Amasa,Iron,F,2020,46.3839400644,-88.8144752293
BB22_273,2022,Black Bear,13-Sep-22,Hunting,Amasa,Iron,F,2020,46.3114254316,-88.7936495624
BB22_274,2022,Black Bear,7-Sep-22,Hunting,Amasa,Iron,F,2019,45.9928556109,-88.4193880248
BB22_275,2022,Black Bear,29-Sep-22,Hunting,Amasa,Iron,F,2019,46.0511006046,-88.6477967727
BB22_276,2022,Black Bear,28-Sep-22,Hunting,Amasa,,M,2020,46.2724795441,-88.5348626272
BB22_277,2022,Black Bear,15-Sep-22,Hunting,Amasa,Iron,F,2019,46.3115781843,-88.3358167987
BB22_278,2022,Black Bear,3-Oct-22,Hunting,Amasa,Iron,F,2020,46.1379124211,-88.7726303626
BB22_279,2022,Black Bear,15-Sep-22,Hunting,Amasa,Iron,M,2018,46.2969269439,-88.7934619977
BB22_28,2022,Black Bear,16-Sep-22,Hunting,Carney,Dickinson,M,2012,46.0654597126,-87.6686182102
BB22_280,2022,Black Bear,17-Sep-22,Hunting,Amasa,Iron,F,2018,46.2392231923,-88.5649836412
BB22_281,2022,Black Bear,15-Sep-22,Hunting,Amasa,Iron,M,2021,46.2679823741,-88.9390082207
BB22_282,2022,Black Bear,14-Sep-22,Hunting,Amasa,Iron,M,2009,46.2102457402,-88.8557017939
BB22_283,2022,Black Bear,14-Sep-22,Hunting,Amasa,Iron,F,2019,46.2393771207,-88.356811893
BB22_284,2022,Black Bear,12-Sep-22,Hunting,Amasa,Iron,M,2021,46.2679823741,-88.9390082207
BB22_285,2022,Black Bear,13-Sep-22,Hunting,Amasa,Iron,M,2014,46.1086230209,-88.3570180155
BB22_286,2022,Black Bear,14-Sep-22,Hunting,Amasa,Gogebic,M,2019,46.2681352066,-89.0224316954
BB22_287,2022,Black Bear,12-Sep-22,Hunting,Amasa,Iron,F,2016,46.1813961579,-88.7106063921
BB22_288,2022,Black Bear,29-Sep-22,Hunting,Gwinn,Alger,M,2020,46.165923912,-86.7505845834
BB22_289,2022,Black Bear,1-Oct-22,Hunting,Baraga,Keweenaw,M,2015,47.4089893149,-88.2687006356
BB22_29,2022,Black Bear,11-Sep-22,Hunting,Baraga,Marquette,M,2021,46.5860791713,-87.7922688077
BB22_290,2022,Black Bear,17-Sep-22,Hunting,Carney,Menominee,F,2015,45.4854851355,-87.4808225345
BB22_291,2022,Black Bear,12-Sep-22,Hunting,Carney,Menominee,M,2017,45.9783216792,-87.5027721875
,2022,Black Bear,25-Sep-22,Hunting,Gwinn,Delta,U,2020,46.1518240788,-87.2312031143
,2022,Black Bear,12-Sep-22,Hunting,Red Oak,Alcona,F,2020,44.6903813573,-83.6165908168
BB22_294,2022,Black Bear,1-Oct-22,Hunting,Gwinn,Delta,F,2021,46.0494339994,-86.6259234117
BB22_295,2022,Black Bear,8-Sep-22,Hunting,Carney,Marquette,M,2021,45.9927810645,-87.4609366065
BB22_296,2022,Black Bear,21-Sep-22,Hunting,Carney,Menominee,F,2021,45.7155181789,-87.7891063339
BB22_297,2022,Black Bear,28-Sep-22,Hunting,Gwinn,Delta,F,2020,46.0787719188,-86.772091443
BB22_298,2022,Black Bear,20-Sep-22,Hunting,Gwinn,Alger,F,2017,46.4414266916,-86.7305136672
BB22_299,2022,Black Bear,2-Oct-22,Hunting,Carney,Menominee,F,2021,45.6016109352,-87.3575818784
BB22_3,2022,Black Bear,7-Sep-22,Hunting,Gwinn,Marquette,M,2019,46.4275875473,-87.1901383868
BB22_30,2022,Black Bear,7-Sep-22,Hunting,Gwinn,Marquette,M,2021,46.3993389009,-87.8137886491
BB22_300,2022,Black Bear,24-Sep-22,Hunting,Newberry,Delta,M,2018,45.7586172969,-86.6141599169
BB22_301,2022,Black Bear,26-Sep-22,Hunting,Gwinn,Delta,M,2021,45.8611531082,-86.8216641362
BB22_302,2022,Black Bear,28-Sep-22,Hunting,Newberry,Delta,M,2019,45.7470398471,-86.6053871819
BB22_303,2022,Black Bear,7-Sep-22,Hunting,Gwinn,Delta,M,2017,46.03575178,-87.2112107386
BB22_304,2022,Black Bear,8-Sep-22,Hunting,Newberry,Schoolcraft,M,2019,46.3101237032,-86.3754964172
BB22_305,2022,Black Bear,8-Sep-22,Hunting,Gwinn,Delta,M,2021,45.7448554961,-86.8634938833
BB22_306,2022,Black Bear,1-Oct-22,Hunting,Gwinn,Delta,M,2019,45.7028518193,-86.9679797224
BB22_307,2022,Black Bear,25-Sep-22,Hunting,Gwinn,Delta,M,2020,45.963734678,-87.3572545724
BB22_308,2022,Black Bear,2-Oct-22,Hunting,Gwinn,Delta,F,2021,46.1514117163,-86.8970067763
BB22_309,2022,Black Bear,25-Sep-22,Hunting,Carney,Delta,M,2019,45.848211715,-87.1527705929
BB22_31,2022,Black Bear,7-Sep-22,Hunting,Gwinn,Marquette,F,2021,46.297009525,-87.5017190196
BB22_310,2022,Black Bear,27-Sep-22,Hunting,Carney,Delta,M,2021,45.6880265654,-87.2131088489
BB22_311,2022,Black Bear,2-Oct-22,Hunting,Carney,Menominee,M,2022,45.6450477184,-87.4190254851
BB22_312,2022,Black Bear,29-Sep-22,Hunting,Gwinn,Delta,M,2022,45.934607861,-87.1495796475
BB22_313,2022,Black Bear,1-Oct-22,Hunting,Gwinn,Marquette,M,2021,46.2534828719,-87.3977104198
BB22_314,2022,Black Bear,27-Sep-22,Hunting,Newberry,Schoolcraft,F,2021,45.8746782282,-86.4488877084
BB22_315,2022,Black Bear,25-Sep-22,Hunting,Carney,Menominee,M,2012,45.8324595797,-87.4591249135
BB22_316,2022,Black Bear,1-Oct-22,Hunting,Carney,Menominee,F,2020,45.6451308578,-87.3984001057
BB22_317,2022,Black Bear,25-Sep-22,Hunting,Gwinn,Delta,M,2021,45.9915880626,-86.7730450832
BB22_318,2022,Black Bear,30-Sep-22,Hunting,Gwinn,Delta,M,2018,45.687311017,-86.9626377601
BB22_319,2022,Black Bear,25-Sep-22,Hunting,Carney,Delta,M,2020,45.6588706713,-87.1927442911
BB22_32,2022,Black Bear,18-Sep-22,Hunting,Gwinn,Dickinson,M,2017,46.1088361403,-87.6687165582
BB22_320,2022,Black Bear,26-Sep-22,Hunting,Newberry,Luce,M,2004,46.3247254178,-85.6040134518
BB22_321,2022,Black Bear,25-Sep-22,Hunting,Newberry,Schoolcraft,M,2020,45.8572338114,-86.3326003108
BB22_322,2022,Black Bear,26-Sep-22,Hunting,Carney,Menominee,F,2019,45.8049111283,-87.3566654447
BB22_323,2022,Black Bear,26-Sep-22,Hunting,Newberry,Schoolcraft,F,2009,46.2809403329,-86.2927409586
,2022,Black Bear,29-Sep-22,Hunting,Gwinn,Delta,U,2021,45.9486318268,-86.9204147218
BB22_325,2022,Black Bear,22-Sep-22,Hunting,Newberry,Schoolcraft,M,2020,45.802282194,-86.403165654
BB22_326,2022,Black Bear,20-Sep-22,Hunting,Baraga,Baraga,M,2021,46.6138610423,-88.1897686593
BB22_327,2022,Black Bear,8-Sep-22,Hunting,Carney,Menominee,F,2016,45.5871770557,-87.3372239563
BB22_328,2022,Black Bear,21-Sep-22,Hunting,Gwinn,Delta,M,2020,45.9634980278,-87.2324463348
BB22_329,2022,Black Bear,27-Sep-22,Hunting,Gwinn,Marquette,F,2013,46.0356295957,-87.2738352355
BB22_33,2022,Black Bear,18-Sep-22,Hunting,Baraga,Marquette,F,2021,46.6002998978,-87.5206517589
BB22_330,2022,Black Bear,12-Sep-22,Hunting,Carney,Menominee,M,2021,45.6306868222,-87.336819193
BB22_331,2022,Black Bear,1-Oct-22,Hunting,Gwinn,Delta,M,2020,45.9492358618,-87.1703444112
BB22_332,2022,Black Bear,25-Sep-22,Hunting,Gwinn,Marquette,M,2020,46.1954615895,-87.2933123307
BB22_333,2022,Black Bear,8-Sep-22,Hunting,Gwinn,Delta,M,2020,46.0794248511,-87.0644919423
BB22_334,2022,Black Bear,9-Sep-22,Hunting,Carney,Dickinson,F,2021,45.9064374042,-88.085415665
BB22_335,2022,Black Bear,12-Sep-22,Hunting,Gwinn,Delta,F,2021,46.0935752552,-87.2103445764
BB22_336,2022,Black Bear,9-Sep-22,Hunting,Carney,Menominee,M,2015,45.2138312865,-87.5259443478
BB22_337,2022,Black Bear,9-Sep-22,Hunting,Carney,Menominee,F,2016,45.3986498949,-87.6049229247
BB22_338,2022,Black Bear,9-Sep-22,Hunting,Carney,Menominee,M,2018,45.7325393766,-87.4800150708
BB22_339,2022,Black Bear,28-Sep-22,Hunting,Carney,Menominee,M,2020,45.7754032008,-87.4386123261
BB22_34,2022,Black Bear,13-Sep-22,Hunting,Baraga,Marquette,F,2019,46.8302077664,-88.0337795436
BB22_340,2022,Black Bear,7-Sep-22,Hunting,Gwinn,Delta,M,2020,45.8187208133,-87.1315089689
BB22_341,2022,Black Bear,7-Sep-22,Hunting,Newberry,Delta,M,2020,45.7590766148,-86.5124866755
BB22_342,2022,Black Bear,7-Sep-22,Hunting,Gwinn,Delta,M,2018,46.1515399629,-86.8345205122
BB22_343,2022,Black Bear,8-Sep-22,Hunting,Gwinn,Delta,M,2016,45.8321366418,-86.8631530102
BB22_344,2022,Black Bear,9-Sep-22,Hunting,Carney,Menominee,F,2021,45.4722400553,-87.3375350623
BB22_345,2022,Black Bear,7-Sep-22,Hunting,Carney,Menominee,F,2020,45.4136781599,-87.6670508072
BB22_346,2022,Black Bear,7-Sep-22,Hunting,Carney,Menominee,M,2020,45.4707460938,-87.5838557081
BB22_347,2022,Black Bear,10-Sep-22,Hunting,Gwinn,Marquette,M,2020,46.2534427628,-87.2932133126
BB22_348,2022,Black Bear,12-Sep-22,Hunting,Amasa,Iron,F,2020,45.9785738785,-88.294094853
BB22_349,2022,Black Bear,14-Sep-22,Hunting,Gwinn,Delta,M,2021,46.0359973696,-87.0441369467
BB22_35,2022,Black Bear,14-Sep-22,Hunting,Gwinn,Marquette,F,2020,46.3834655379,-87.4386264855
BB22_350,2022,Black Bear,13-Sep-22,Hunting,Carney,Menominee,F,2015,45.3995050721,-87.8121423887
BB22_351,2022,Black Bear,14-Sep-22,Hunting,Carney,Delta,M,2020,45.8186909674,-87.172752732
BB22_352,2022,Black Bear,15-Sep-22,Hunting,Gwinn,Delta,F,2013,45.9636641735,-87.1703437755
BB22_353,2022,Black Bear,8-Sep-22,Hunting,Gwinn,Marquette,M,2021,46.0506531068,-87.5651481888
BB22_354,2022,Black Bear,12-Sep-22,Hunting,Carney,Menominee,M,2019,45.2806366304,-87.4821603419
BB22_355,2022,Black Bear,11-Sep-22,Hunting,Carney,Menominee,F,1998,45.3983187543,-87.5432056134
BB22_356,2022,Black Bear,11-Sep-22,Hunting,Carney,Menominee,M,2019,45.4109914252,-87.3996353134
,2022,Black Bear,11-Sep-22,Hunting,Red Oak,Oscoda,M,2020,44.6742873097,-84.2415233723
,2022,Black Bear,11-Sep-22,Hunting,Red Oak,Oscoda,M,2013,44.8492061212,-83.9596214163
,2022,Black Bear,11-Sep-22,Hunting,Red Oak,Alcona,F,2008,44.7769989475,-83.8590282575
BB22_36,2022,Black Bear,9-Sep-22,Hunting,Baraga,,M,2019,46.542661364,-88.7727621701
,2022,Black Bear,11-Sep-22,Hunting,Red Oak,Oscoda,M,2020,44.7474561862,-83.9194189033
,2022,Black Bear,12-Sep-22,Hunting,Red Oak,Oscoda,F,2015,44.7467294439,-84.0608748084
,2022,Black Bear,12-Sep-22,Hunting,Red Oak,Oscoda,M,2021,44.7910076429,-83.9396390029
,2022,Black Bear,16-Sep-22,Hunting,Red Oak,Oscoda,M,2019,44.7041075713,-83.8986435873
,2022,Black Bear,12-Sep-22,Hunting,Red Oak,Oscoda,M,2021,44.7762451005,-83.9602574069
,2022,Black Bear,12-Sep-22,Hunting,Red Oak,Alcona,F,2019,44.748039035,-83.7572390311
,2022,Black Bear,12-Sep-22,Hunting,Red Oak,Alcona,F,2012,44.8204811904,-83.7576427684
BB22_367,2022,Black Bear,26-Sep-22,Hunting,Carney,Delta,M,2021,45.5765768722,-87.2421767842
BB22_368,2022,Black Bear,5-Oct-22,Hunting,Baraga,Marquette,F,2020,46.6434335903,-87.5834330384
,2022,Black Bear,12-Sep-22,Hunting,Red Oak,Iosco,M,2018,44.3301085633,-83.6140438268
BB22_37,2022,Black Bear,13-Sep-22,Hunting,Baraga,Houghton,F,2016,47.0623832428,-88.7332274793
,2022,Black Bear,13-Sep-22,Hunting,Red Oak,Oscoda,M,2019,44.7757943606,-84.1819572892
,2022,Black Bear,13-Sep-22,Hunting,Red Oak,Alcona,F,2013,44.5615208251,-83.5535001707
,2022,Black Bear,13-Sep-22,Hunting,Red Oak,Crawford,F,2017,44.7352447719,-84.4954547863
,2022,Black Bear,13-Sep-22,Hunting,Red Oak,Oscoda,F,2019,44.5299058464,-84.0787070981
,2022,Black Bear,11-Sep-22,Hunting,Red Oak,Ogemaw,F,2019,44.3417826432,-83.8934691535
,2022,Black Bear,11-Sep-22,Hunting,Red Oak,Oscoda,M,2016,44.7761333838,-84.0003009131
,2022,Black Bear,11-Sep-22,Hunting,Red Oak,Ogemaw,F,2008,44.3706249442,-83.893706432
,2022,Black Bear,11-Sep-22,Hunting,Red Oak,Alcona,F,2002,44.7196809308,-83.8177199452
,2022,Black Bear,12-Sep-22,Hunting,Red Oak,Oscoda,M,2014,44.615547615,-84.3417484275
BB22_379,2022,Black Bear,7-Sep-22,Hunting,Gwinn,Alger,F,2017,46.3692169674,-87.0642863228
BB22_38,2022,Black Bear,7-Sep-22,Hunting,Baraga,Houghton,M,2021,46.8444165563,-88.7318099631
BB22_380,2022,Black Bear,7-Sep-22,Hunting,Gwinn,Marquette,F,2021,46.2684620472,-87.6053361386
BB22_381,2022,Black Bear,7-Sep-22,Hunting,Gwinn,Dickinson,M,2021,46.181342117,-87.8146759155
BB22_382,2022,Black Bear,25-Sep-22,Hunting,Newberry,Delta,M,2020,46.034778463,-86.5622218466
BB22_383,2022,Black Bear,7-Sep-22,Hunting,Gwinn,Delta,M,2019,46.1515399629,-86.8345205122
BB22_384,2022,Black Bear,8-Sep-22,Hunting,Carney,Marquette,F,2015,45.9927810645,-87.4609366065
BB22_385,2022,Black Bear,8-Sep-22,Hunting,Gwinn,Marquette,M,2016,46.0936097884,-87.2734674962
BB22_386,2022,Black Bear,14-Sep-22,Hunting,Gwinn,Alger,F,2017,46.4126112062,-86.8562133885
BB22_387,2022,Black Bear,8-Sep-22,Hunting,Newberry,Alger,F,2013,46.4700142179,-86.3963709902
BB22_388,2022,Black Bear,7-Sep-22,Hunting,Gwinn,Marquette,F,2007,46.3113090971,-87.126467027
BB22_389,2022,Black Bear,28-Sep-22,Hunting,Gwinn,Delta,F,2008,45.8321366418,-86.8631530102
BB22_39,2022,Black Bear,8-Sep-22,Hunting,Baraga,Keweenaw,M,2020,47.337044767,-88.0355705763
BB22_390,2022,Black Bear,14-Sep-22,Hunting,Gwinn,Delta,M,2021,45.992565822,-87.1074353735
BB22_391,2022,Black Bear,7-Sep-22,Hunting,Gwinn,Delta,M,2017,45.905182079,-87.0036304118
BB22_392,2022,Black Bear,7-Sep-22,Hunting,Gwinn,Delta,F,2021,46.0070331743,-87.1071750664
BB22_393,2022,Black Bear,7-Sep-22,Hunting,Gwinn,Delta,M,2020,45.9195195652,-87.0036863641
BB22_394,2022,Black Bear,7-Sep-22,Hunting,Carney,Menominee,M,2021,45.3404061562,-87.6048937919
BB22_395,2022,Black Bear,12-Sep-22,Hunting,Newberry,Schoolcraft,M,2021,45.9469862802,-86.2926357816
BB22_396,2022,Black Bear,13-Sep-22,Hunting,Gwinn,Marquette,F,2021,46.1808898311,-87.5018882347
BB22_397,2022,Black Bear,7-Sep-22,Hunting,Gwinn,Delta,M,2018,46.07910541,-87.2314219525
BB22_398,2022,Black Bear,9-Sep-22,Hunting,Gwinn,Alger,M,2016,46.1948914889,-86.8760096616
BB22_399,2022,Black Bear,25-Sep-22,Hunting,Carney,Delta,M,2021,45.848211715,-87.1527705929
BB22_4,2022,Black Bear,8-Sep-22,Hunting,Baraga,Marquette,M,2020,46.5429069791,-87.8763952231
BB22_40,2022,Black Bear,11-Sep-22,Hunting,Baraga,Baraga,F,2020,46.5423267065,-88.33563685
BB22_400,2022,Black Bear,1-Oct-22,Hunting,Gwinn,Marquette,F,2020,46.2681282776,-87.2724230748
BB22_401,2022,Black Bear,25-Sep-22,Hunting,Carney,Delta,M,2019,45.5726899511,-87.316877431
BB22_402,2022,Black Bear,25-Sep-22,Hunting,Newberry,Schoolcraft,M,2020,46.2669932727,-86.4176135934
BB22_403,2022,Black Bear,25-Sep-22,Hunting,Gwinn,Delta,M,2021,45.8176880519,-86.8425328904
BB22_404,2022,Black Bear,12-Sep-22,Hunting,Gwinn,Alger,F,2020,46.3691711327,-86.6467650401
BB22_405,2022,Black Bear,7-Sep-22,Hunting,Carney,Menominee,F,2021,45.3651521801,-87.7774703871
BB22_406,2022,Black Bear,9-Sep-22,Hunting,Amasa,Iron,M,2018,45.9823419108,-88.4096740319
BB22_407,2022,Black Bear,12-Sep-22,Hunting,Gwinn,Alger,F,2020,46.3547609747,-87.064287076
BB22_408,2022,Black Bear,13-Sep-22,Hunting,Newberry,Alger,F,2019,46.3540185564,-86.4175328848
BB22_409,2022,Black Bear,19-Sep-22,Hunting,Amasa,Marquette,M,2020,46.5856686172,-88.0019956365
BB22_41,2022,Black Bear,13-Sep-22,Hunting,Baraga,Houghton,M,2016,47.0619241143,-88.563427164
BB22_410,2022,Black Bear,14-Sep-22,Hunting,Gwinn,Alger,F,2019,46.1804346967,-86.6671385652
BB22_411,2022,Black Bear,21-Sep-22,Hunting,Gwinn,Dickinson,M,2020,46.2106458139,-88.0026320386
BB22_412,2022,Black Bear,19-Sep-22,Hunting,Gwinn,Marquette,F,2020,46.2972178778,-87.9393794727
BB22_413,2022,Black Bear,12-Sep-22,Hunting,Gwinn,Dickinson,M,2021,46.1957764701,-87.8771543679
BB22_414,2022,Black Bear,13-Sep-22,Hunting,Gwinn,Dickinson,M,2021,46.2103269669,-87.7936530171
BB22_415,2022,Black Bear,17-Sep-22,Hunting,Amasa,Iron,M,2021,46.1672153169,-88.1280349503
BB22_416,2022,Black Bear,14-Sep-22,Hunting,Gwinn,Dickinson,F,2017,46.2248673365,-87.9815619179
BB22_417,2022,Black Bear,7-Sep-22,Hunting,Gwinn,Marquette,M,2020,46.2828344866,-87.939450823
BB22_418,2022,Black Bear,7-Sep-22,Hunting,Amasa,Dickinson,M,2021,46.1237434413,-88.1073079716
BB22_419,2022,Black Bear,8-Sep-22,Hunting,Amasa,Iron,F,2019,46.0658373291,-88.1490637108
BB22_42,2022,Black Bear,7-Sep-22,Hunting,Baraga,Baraga,M,2020,46.7008422961,-88.5847667899
BB22_420,2022,Black Bear,22-Sep-22,Hunting,Gwinn,Dickinson,M,2021,46.2103285858,-87.8145212292
BB22_421,2022,Black Bear,9-Sep-22,Hunting,Amasa,Iron,F,2021,45.9250579285,-88.1219726197
BB22_422,2022,Black Bear,12-Sep-22,Hunting,Gwinn,Dickinson,F,2021,46.2248673365,-87.9815619179
BB22_423,2022,Black Bear,13-Sep-22,Hunting,Gwinn,Dickinson,F,2021,46.2248567071,-87.8767651219
BB22_424,2022,Black Bear,7-Sep-22,Hunting,Carney,Dickinson,F,2018,46.0509677848,-88.0444028416
BB22_425,2022,Black Bear,7-Sep-22,Hunting,Carney,Dickinson,M,2021,46.0219250891,-88.0236094187
BB22_426,2022,Black Bear,8-Sep-22,Hunting,Amasa,Iron,M,2016,46.3550890379,-88.5020352765
BB22_427,2022,Black Bear,8-Sep-22,Hunting,Gwinn,Dickinson,M,2021,46.1525715046,-87.8566647248
BB22_428,2022,Black Bear,12-Sep-22,Hunting,Baraga,Houghton,F,2020,47.1632724011,-88.5633544907
BB22_429,2022,Black Bear,12-Sep-22,Hunting,Amasa,Iron,F,2015,46.1814713595,-88.3572856029
BB22_43,2022,Black Bear,18-Sep-22,Hunting,Bergland,Gogebic,F,2016,46.316069075,-89.9992499016
BB22_430,2022,Black Bear,12-Sep-22,Hunting,Amasa,Iron,M,2021,46.1522574701,-88.4817482394
BB22_431,2022,Black Bear,12-Sep-22,Hunting,Amasa,Baraga,M,2016,46.4850365667,-88.3972013414
BB22_432,2022,Black Bear,14-Sep-22,Hunting,Amasa,Iron,M,2017,46.3404752456,-88.2730020075
BB22_433,2022,Black Bear,8-Sep-22,Hunting,Carney,Dickinson,M,2020,45.9062129936,-87.9398524137
BB22_434,2022,Black Bear,7-Sep-22,Hunting,Amasa,Iron,M,2020,46.036497595,-88.335823137
BB22_435,2022,Black Bear,7-Sep-22,Hunting,Baraga,Marquette,M,2017,46.5142214836,-87.8973127789
BB22_436,2022,Black Bear,7-Sep-22,Hunting,Amasa,Iron,M,2017,46.2969653872,-88.772593473
BB22_437,2022,Black Bear,12-Sep-22,Hunting,Amasa,Iron,F,2021,46.3551301368,-88.4812841484
BB22_438,2022,Black Bear,14-Sep-22,Hunting,Amasa,Iron,M,2017,46.2251117992,-88.1905480381
BB22_439,2022,Black Bear,13-Sep-22,Hunting,Amasa,Iron,M,2020,46.0366094785,-88.1281919204
BB22_44,2022,Black Bear,7-Sep-22,Hunting,Baraga,Houghton,F,2017,46.9310038677,-88.7740226598
BB22_440,2022,Black Bear,16-Sep-22,Hunting,Amasa,Iron,M,2017,46.2251117992,-88.1905480381
BB22_441,2022,Black Bear,25-Sep-22,Hunting,Amasa,Iron,F,2021,46.123167853,-88.419503971
BB22_442,2022,Black Bear,25-Sep-22,Hunting,Amasa,Iron,M,2011,46.0652717336,-88.3983301543
BB22_443,2022,Black Bear,11-Sep-22,Hunting,Carney,Dickinson,M,2021,45.8749605759,-87.8719276985
BB22_444,2022,Black Bear,9-Sep-22,Hunting,Amasa,Iron,F,2016,46.2682219722,-88.8141689171
BB22_445,2022,Black Bear,9-Sep-22,Hunting,Amasa,Iron,F,2020,46.4126833617,-88.5646528358
BB22_446,2022,Black Bear,8-Sep-22,Hunting,Amasa,Marquette,F,2016,46.3839087429,-88.1066069452
BB22_447,2022,Black Bear,8-Sep-22,Hunting,Amasa,Iron,F,2012,46.2825132622,-88.7723531745
BB22_448,2022,Black Bear,7-Sep-22,Hunting,Amasa,Iron,F,2019,45.9786023602,-88.2733085423
BB22_449,2022,Black Bear,7-Sep-22,Hunting,Amasa,Iron,F,2020,46.181341669,-88.4400777178
BB22_45,2022,Black Bear,12-Sep-22,Hunting,Baraga,Houghton,F,2019,46.9459076779,-88.6471480144
BB22_450,2022,Black Bear,7-Sep-22,Hunting,Amasa,Iron,F,2020,46.0366620029,-88.5856199192
BB22_451,2022,Black Bear,7-Sep-22,Hunting,Carney,Dickinson,M,2021,45.8749747007,-87.9343069303
BB22_452,2022,Black Bear,7-Sep-22,Hunting,Amasa,Iron,M,2020,46.0799170916,-88.4817435746
BB22_453,2022,Black Bear,9-Sep-22,Hunting,Amasa,Iron,M,2021,46.1669342123,-88.4401514498
BB22_454,2022,Black Bear,9-Sep-22,Hunting,Carney,Dickinson,M,2019,45.9062129936,-87.9398524137
BB22_455,2022,Black Bear,10-Sep-22,Hunting,Amasa,Iron,F,2021,46.2824562262,-88.1695580808
BB22_456,2022,Black Bear,17-Sep-22,Hunting,Gwinn,Dickinson,M,2021,46.2106458139,-88.0026320386
BB22_457,2022,Black Bear,8-Sep-22,Hunting,Amasa,Iron,F,2021,46.2394105521,-88.3981889715
BB22_458,2022,Black Bear,21-Sep-22,Hunting,Amasa,Iron,F,2010,46.3110041894,-88.9805848164
BB22_459,2022,Black Bear,14-Sep-22,Hunting,Carney,Menominee,F,2018,45.8910616819,-87.5213485695
BB22_46,2022,Black Bear,18-Sep-22,Hunting,Baraga,Baraga,M,2020,46.8880038475,-88.2668085472
BB22_460,2022,Black Bear,25-Sep-22,Hunting,Newberry,Schoolcraft,M,2021,46.1946798536,-86.1679402032
BB22_461,2022,Black Bear,7-Sep-22,Hunting,Gwinn,Delta,F,2019,45.7448298533,-86.9459018981
BB22_462,2022,Black Bear,19-Sep-22,Hunting,Carney,Menominee,F,2020,45.4418943429,-87.7083853802
BB22_463,2022,Black Bear,9-Sep-22,Hunting,Carney,Dickinson,F,2018,45.9064374042,-88.085415665
BB22_464,2022,Black Bear,10-Sep-22,Hunting,Carney,Menominee,M,2021,45.4410399759,-87.4401408034
BB22_465,2022,Black Bear,15-Sep-22,Hunting,Carney,Menominee,M,2021,45.8037657256,-87.5210504261
,2022,Black Bear,15-Sep-22,Hunting,Red Oak,Roscommon,F,2021,44.356088394,-84.5821649215
BB22_467,2022,Black Bear,22-Sep-22,Hunting,Gwinn,Marquette,M,2019,46.3404056172,-87.3142621455
BB22_468,2022,Black Bear,18-Sep-22,Hunting,Carney,Dickinson,F,2015,45.846757632,-87.7489712562
BB22_469,2022,Black Bear,12-Sep-22,Hunting,Carney,Delta,M,2011,45.7904724679,-87.3155444967
BB22_47,2022,Black Bear,13-Sep-22,Hunting,Baraga,Houghton,F,2019,46.5282484884,-88.7731180648
BB22_470,2022,Black Bear,30-Sep-22,Hunting,Gwinn,Marquette,M,2016,46.1809412481,-87.2935131038
BB22_471,2022,Black Bear,1-Oct-22,Hunting,Carney,Menominee,M,2021,45.6016109352,-87.3575818784
BB22_472,2022,Black Bear,25-Sep-22,Hunting,Amasa,Iron,F,2017,46.1093053435,-88.1906555609
,2022,Black Bear,15-Sep-22,Hunting,Gladwin,Ogemaw,F,2022,44.1830470112,-84.3358669635
BB22_474,2022,Black Bear,1-Oct-22,Hunting,Gwinn,Alger,F,2016,46.2822217192,-87.1059000081
BB22_475,2022,Black Bear,13-Sep-22,Hunting,Newberry,Schoolcraft,M,2017,45.9469862802,-86.2926357816
BB22_476,2022,Black Bear,7-Sep-22,Hunting,Carney,Menominee,M,2004,45.7881555168,-87.6662275252
BB22_477,2022,Black Bear,13-Sep-22,Hunting,Baraga,Baraga,M,2016,46.8298493255,-88.6042605638
BB22_478,2022,Black Bear,30-Sep-22,Hunting,Carney,Delta,F,2012,45.6446632807,-87.2547042726
,2022,Black Bear,14-Sep-22,Hunting,Red Oak,Montmorency,F,2019,45.1633065313,-84.1544918676
BB22_48,2022,Black Bear,7-Sep-22,Hunting,Baraga,Baraga,M,2021,46.7868083211,-88.1183301665
,2022,Black Bear,17-Sep-22,Hunting,Red Oak,Ogemaw,M,2020,44.4288756981,-83.9748164767
,2022,Black Bear,14-Sep-22,Hunting,Red Oak,Crawford,M,2021,44.8483622919,-84.4219409945
,2022,Black Bear,13-Sep-22,Hunting,Red Oak,Missaukee,F,2019,44.3737003077,-85.1264967256
,2022,Black Bear,12-Sep-22,Hunting,Red Oak,Ogemaw,M,2021,44.4141766729,-84.0558641131
,2022,Black Bear,18-Sep-22,Hunting,Red Oak,Oscoda,F,2021,44.6744694508,-83.9794286044
,2022,Black Bear,17-Sep-22,Hunting,Red Oak,Oscoda,F,2017,44.7177829729,-84.0404103498
,2022,Black Bear,13-Sep-22,Hunting,Red Oak,Oscoda,F,2011,44.6597835587,-84.2011847412
,2022,Black Bear,16-Sep-22,Hunting,Red Oak,Roscommon,M,2014,44.2834019408,-84.3791835461
BB22_488,2022,Black Bear,16-Sep-22,Hunting,Gwinn,Alger,M,2020,46.3983192014,-86.7933509577
BB22_489,2022,Black Bear,14-Sep-22,Hunting,Newberry,Luce,M,2019,46.2960549519,-85.5619112999
BB22_49,2022,Black Bear,17-Sep-22,Hunting,Baraga,Baraga,M,2020,46.8447261484,-88.3299901681
BB22_490,2022,Black Bear,12-Sep-22,Hunting,Newberry,Schoolcraft,M,2019,46.2814055636,-86.5216536073
BB22_491,2022,Black Bear,28-Sep-22,Hunting,Gwinn,Delta,F,2013,46.1077425713,-86.8763167462
BB22_492,2022,Black Bear,15-Sep-22,Hunting,Gwinn,Marquette,M,2019,46.3257997065,-87.210286512
BB22_493,2022,Black Bear,11-Sep-22,Hunting,Gwinn,Dickinson,F,2020,46.1088987587,-87.6479341542
BB22_494,2022,Black Bear,9-Sep-22,Hunting,Gwinn,Marquette,M,2020,46.0936097884,-87.2734674962
,2022,Black Bear,16-Sep-22,Hunting,Red Oak,Montmorency,F,2014,45.1948308157,-83.8913307176
,2022,Black Bear,13-Sep-22,Hunting,Gladwin,Arenac,M,2017,44.0186437868,-84.1158853468
,2022,Black Bear,17-Sep-22,Hunting,Red Oak,Roscommon,M,2019,44.1968113012,-84.6401705887
,2022,Black Bear,12-Sep-22,Hunting,Red Oak,Missaukee,M,2019,44.4730613489,-84.9446217125
,2022,Black Bear,13-Sep-22,Hunting,Red Oak,Alcona,F,2019,44.5602649179,-83.7763272448
BB22_5,2022,Black Bear,12-Sep-22,Hunting,Baraga,Marquette,M,2020,46.6577693831,-87.7504907167
BB22_50,2022,Black Bear,14-Sep-22,Hunting,Baraga,,M,2020,46.9749112735,-88.5205207922
,2022,Black Bear,14-Sep-22,Hunting,Red Oak,Ogemaw,M,2020,44.4289649224,-83.9545808289
,2022,Black Bear,14-Sep-22,Hunting,Red Oak,Oscoda,F,2016,44.7620315517,-83.8989872246
,2022,Black Bear,12-Sep-22,Hunting,Red Oak,Missaukee,M,2021,44.4730977452,-84.9039990988
,2022,Black Bear,13-Sep-22,Hunting,Red Oak,Ogemaw,M,2021,44.3419101696,-84.054887805
,2022,Black Bear,12-Sep-22,Hunting,Gladwin,Gladwin,F,2021,44.1338790657,-84.1966443178
,2022,Black Bear,12-Sep-22,Hunting,Red Oak,Roscommon,F,2020,44.4579372653,-84.8251605762
BB22_506,2022,Black Bear,12-Sep-22,Hunting,Newberry,Luce,M,2021,46.6007722394,-85.4997592684
,2022,Black Bear,12-Sep-22,Hunting,Gladwin,Gladwin,F,2020,44.1586043822,-84.2357417724
,2022,Black Bear,15-Sep-22,Hunting,Red Oak,Oscoda,M,2014,44.6162188432,-84.1002985189
,2022,Black Bear,15-Sep-22,Hunting,Red Oak,Presque Isle,F,2017,45.2201195015,-84.0527020305
BB22_51,2022,Black Bear,7-Sep-22,Hunting,Baraga,Baraga,M,2019,46.6575587163,-88.3140785101
,2022,Black Bear,15-Sep-22,Hunting,Red Oak,Oscoda,M,2018,44.718854992,-83.9192130738
,2022,Black Bear,16-Sep-22,Hunting,Gladwin,Gladwin,M,2021,44.1337403618,-84.2163238897
,2022,Black Bear,15-Sep-22,Hunting,Red Oak,Roscommon,M,2021,44.3854799098,-84.4202145528
,2022,Black Bear,15-Sep-22,Hunting,Red Oak,Roscommon,F,2018,44.370448095,-84.6028581296
,2022,Black Bear,15-Sep-22,Hunting,Red Oak,Alcona,M,2021,44.7772877125,-83.6760278736
,2022,Black Bear,14-Sep-22,Hunting,Red Oak,Ogemaw,F,2011,44.457320933,-84.1172909373
BB22_516,2022,Black Bear,23-Sep-22,Hunting,Amasa,Iron,M,2021,46.2967799518,-88.4401047654
BB22_517,2022,Black Bear,19-Sep-22,Hunting,Amasa,Iron,F,2019,46.2971437529,-88.9180908321
BB22_518,2022,Black Bear,15-Sep-22,Hunting,Gwinn,Delta,M,2020,46.1079815223,-86.6884467037
BB22_519,2022,Black Bear,11-Sep-22,Hunting,Newberry,Luce,M,2019,46.3966924662,-85.5413163612
BB22_52,2022,Black Bear,14-Sep-22,Hunting,Baraga,Baraga,M,2018,46.9545852148,-88.1756705492
BB22_520,2022,Black Bear,8-Sep-22,Hunting,Gwinn,Delta,F,2014,45.8464563737,-86.6769341379
BB22_521,2022,Black Bear,26-Sep-22,Hunting,Amasa,Iron,M,2019,46.2825132622,-88.7723531745
BB22_522,2022,Black Bear,11-Sep-22,Hunting,Gwinn,Dickinson,M,2021,46.1812878881,-87.6681807208
BB22_523,2022,Black Bear,28-Sep-22,Hunting,Newberry,Schoolcraft,F,2008,46.3253272298,-86.4800375343
BB22_524,2022,Black Bear,7-Sep-22,Hunting,Gwinn,Delta,F,2010,45.9781571527,-87.0241999889
BB22_525,2022,Black Bear,7-Sep-22,Hunting,Gwinn,Alger,M,2016,46.3112636592,-87.0853226307
BB22_526,2022,Black Bear,7-Sep-22,Hunting,Carney,Dickinson,M,2018,46.0075979789,-87.7101161219
BB22_527,2022,Black Bear,12-Sep-22,Hunting,Carney,Menominee,M,2020,45.4854163597,-87.5015436757
BB22_528,2022,Black Bear,12-Sep-22,Hunting,Newberry,Alger,M,2020,46.4722930291,-86.6116757171
BB22_529,2022,Black Bear,18-Sep-22,Hunting,Gwinn,Delta,M,2018,46.1516944452,-87.1685564946
BB22_53,2022,Black Bear,10-Sep-22,Hunting,Baraga,Houghton,F,2010,47.1636193931,-88.3302941165
BB22_530,2022,Black Bear,14-Sep-22,Hunting,Carney,Menominee,M,2021,45.7613310782,-87.4183262333
BB22_531,2022,Black Bear,15-Sep-22,Hunting,Gwinn,Alger,M,2019,46.354747383,-86.8142737803
BB22_532,2022,Black Bear,13-Sep-22,Hunting,Newberry,Alger,F,2015,46.3540185564,-86.4175328848
BB22_533,2022,Black Bear,7-Sep-22,Hunting,Gwinn,Delta,M,2021,46.0790931572,-87.1896615035
BB22_534,2022,Black Bear,27-Sep-22,Hunting,Gwinn,Marquette,F,2020,46.0940950163,-87.5024191895
BB22_535,2022,Black Bear,7-Sep-22,Hunting,Carney,Menominee,F,2014,45.7180345365,-87.3766657694
BB22_536,2022,Black Bear,8-Sep-22,Hunting,Gwinn,Delta,M,2019,46.0352124916,-86.8350500425
BB22_537,2022,Black Bear,12-Sep-22,Hunting,Gwinn,Marquette,F,2021,46.0645836157,-87.2734921786
BB22_538,2022,Black Bear,11-Sep-22,Hunting,Carney,Dickinson,F,2021,45.9203731215,-87.7526957412
BB22_539,2022,Black Bear,14-Sep-22,Hunting,Carney,Menominee,F,2013,45.8040445666,-87.4387040337
BB22_54,2022,Black Bear,10-Sep-22,Hunting,Baraga,Houghton,F,2010,46.8011713272,-88.7103865166
BB22_540,2022,Black Bear,9-Sep-22,Hunting,Gwinn,Delta,M,2020,45.9186360769,-86.6257949993
BB22_541,2022,Black Bear,29-Aug-22,Hunting,Gwinn,Delta,F,2021,45.8912875486,-87.1732397693
BB22_542,2022,Black Bear,12-Sep-22,Hunting,Bergland,Ontonagon,F,2021,46.6141150433,-89.4383689536
BB22_543,2022,Black Bear,8-Sep-22,Hunting,Amasa,Iron,M,2020,46.2537291388,-88.4819347558
,2022,Black Bear,18-Sep-22,Hunting,Red Oak,Roscommon,M,2019,44.414216921,-84.5826279044
BB22_545,2022,Black Bear,20-Sep-22,Hunting,Amasa,Iron,M,2020,46.3980259051,-88.9602498783
BB22_546,2022,Black Bear,23-Sep-22,Hunting,Amasa,Iron,M,2019,46.1525186904,-88.8764539665
BB22_547,2022,Black Bear,24-Sep-22,Hunting,Amasa,Ontonagon,M,2019,46.5275947781,-89.1058195884
BB22_548,2022,Black Bear,24-Sep-22,Hunting,Amasa,Iron,M,2013,46.208661644,-88.5304350532
BB22_549,2022,Black Bear,17-Sep-22,Hunting,Amasa,Gogebic,F,2019,46.2967469981,-89.0013369173
BB22_55,2022,Black Bear,7-Sep-22,Hunting,Baraga,Baraga,M,2020,46.6575587163,-88.3140785101
BB22_550,2022,Black Bear,28-Sep-22,Hunting,Amasa,Iron,M,2020,45.9940617212,-88.3770702359
BB22_551,2022,Black Bear,25-Aug-22,Hunting,Carney,Menominee,F,2018,45.8335310083,-87.3769546046
BB22_552,2022,Black Bear,15-Sep-22,Hunting,Amasa,Iron,M,2020,46.2254178391,-88.2528819368
BB22_553,2022,Black Bear,14-Sep-22,Hunting,Gwinn,Delta,F,2018,46.1371353822,-86.7929215881
BB22_554,2022,Black Bear,15-Sep-22,Hunting,Gwinn,Dickinson,M,2021,46.1814814706,-87.6261795875
BB22_555,2022,Black Bear,13-Sep-22,Hunting,Carney,Menominee,M,2020,45.29724025,-87.6257749969
BB22_556,2022,Black Bear,12-Sep-22,Hunting,Newberry,Alger,M,2019,46.3540185564,-86.4175328848
BB22_557,2022,Black Bear,17-Sep-22,Hunting,Newberry,Delta,M,2018,46.0055998543,-86.5420844848
BB22_558,2022,Black Bear,16-Sep-22,Hunting,Bergland,Gogebic,F,2019,46.3403034181,-89.8548659934
BB22_559,2022,Black Bear,7-Sep-22,Hunting,Amasa,Iron,M,2020,46.2391552269,-88.9390033611
BB22_56,2022,Black Bear,12-Sep-22,Hunting,Baraga,Houghton,F,2014,46.7297254957,-88.7507454417
BB22_560,2022,Black Bear,7-Sep-22,Hunting,Amasa,Iron,M,2017,46.208661644,-88.5304350532
BB22_561,2022,Black Bear,7-Sep-22,Hunting,Amasa,Iron,M,2012,46.3114489772,-88.6271528384
BB22_562,2022,Black Bear,25-Sep-22,Hunting,Amasa,Dickinson,F,2006,45.9787851476,-88.1067744923
BB22_563,2022,Black Bear,11-Sep-22,Hunting,Amasa,Gogebic,F,2021,46.1959947738,-89.0431151163
BB22_564,2022,Black Bear,12-Sep-22,Hunting,Amasa,Iron,M,2018,46.412678817,-88.4187301963
BB22_565,2022,Black Bear,25-Sep-22,Hunting,Gwinn,Alger,F,2021,46.3693011775,-86.7305929469
,2022,Black Bear,12-Sep-22,Hunting,Baldwin,Newaygo,M,2019,43.6054324687,-85.572556843
,2022,Black Bear,17-Sep-22,Hunting,Red Oak,Otsego,F,2021,45.1200116518,-84.5610565318
,2022,Black Bear,14-Sep-22,Hunting,Gladwin,Bay,F,2018,43.9901610369,-84.0753604032
BB22_569,2022,Black Bear,29-Sep-22,Hunting,Newberry,Schoolcraft,F,2021,45.8745504737,-86.3860573688
BB22_57,2022,Black Bear,13-Sep-22,Hunting,Baraga,Baraga,M,2019,46.8736040447,-88.5410327162
BB22_570,2022,Black Bear,12-Sep-22,Hunting,Carney,Menominee,F,2020,45.7760704065,-87.3565895048
BB22_571,2022,Black Bear,13-Sep-22,Hunting,Carney,Menominee,F,2021,45.9494158518,-87.565060351
BB22_572,2022,Black Bear,18-Sep-22,Hunting,Gwinn,Marquette,M,2020,46.2536019614,-87.2306767242
BB22_573,2022,Black Bear,12-Sep-22,Hunting,Newberry,Alger,M,2019,46.3541629492,-86.4385169337
BB22_574,2022,Black Bear,17-Sep-22,Hunting,Gwinn,Delta,M,2020,46.0360474928,-87.0857514669
BB22_575,2022,Black Bear,29-Sep-22,Hunting,Gwinn,Delta,F,2021,45.9635809135,-87.1910736428
BB22_576,2022,Black Bear,24-Sep-22,Hunting,Newberry,Schoolcraft,M,2021,46.0633371424,-86.1885556553
BB22_577,2022,Black Bear,7-Sep-22,Hunting,Gwinn,Delta,M,2020,45.9491978938,-87.1910297464
BB22_578,2022,Black Bear,7-Sep-22,Hunting,Gwinn,Delta,M,2021,45.7699320752,-86.9685501076
BB22_579,2022,Black Bear,10-Sep-22,Hunting,Gwinn,Delta,M,2019,46.1222381279,-86.6258010835
BB22_58,2022,Black Bear,13-Sep-22,Hunting,Baraga,Baraga,F,2018,46.9314898096,-88.5200899962
BB22_580,2022,Black Bear,7-Sep-22,Hunting,Newberry,Alger,F,2014,46.4554820315,-86.4172938384
BB22_581,2022,Black Bear,8-Sep-22,Hunting,Amasa,Iron,M,2020,46.2969546873,-88.4816322555
,2022,Black Bear,15-Sep-22,Hunting,Gladwin,Gladwin,F,2021,44.1049131781,-84.2164766069
,2022,Black Bear,17-Sep-22,Hunting,Red Oak,Alcona,M,2021,44.5474016712,-83.53319574
BB22_584,2022,Black Bear,9-Sep-22,Hunting,Carney,Menominee,M,2021,45.3102324437,-87.5241334172
BB22_585,2022,Black Bear,7-Sep-22,Hunting,Carney,Menominee,M,2020,45.5871807085,-87.3577894663
BB22_586,2022,Black Bear,14-Sep-22,Hunting,Gwinn,Delta,M,2018,45.9479189667,-86.6683904152
BB22_587,2022,Black Bear,16-Sep-22,Hunting,Gwinn,Marquette,M,2017,46.4275875473,-87.1901383868
BB22_588,2022,Black Bear,12-Sep-22,Hunting,Gwinn,Delta,M,2021,45.978082459,-87.003410243
,2022,Black Bear,18-Sep-22,Hunting,Red Oak,Alcona,F,2015,44.6604438107,-83.8169714054
BB22_59,2022,Black Bear,16-Sep-22,Hunting,Baraga,Baraga,M,2012,46.6575806894,-88.3349685915
,2022,Black Bear,17-Sep-22,Hunting,Red Oak,Montmorency,F,2021,44.8764935327,-84.1624298936
,2022,Black Bear,16-Sep-22,Hunting,Red Oak,Iosco,M,2021,44.4888129177,-83.7362418347
BB22_592,2022,Black Bear,10-Sep-22,Hunting,Bergland,Gogebic,M,2020,46.3692022751,-89.7507159199
BB22_593,2022,Black Bear,7-Sep-22,Hunting,Amasa,Iron,M,2021,46.2250362426,-88.4192572078
BB22_594,2022,Black Bear,7-Sep-22,Hunting,Amasa,Iron,M,2020,46.2679687159,-88.5859354479
BB22_595,2022,Black Bear,7-Sep-22,Hunting,Amasa,Iron,F,2021,46.2391373748,-88.6689007751
BB22_596,2022,Black Bear,10-Sep-22,Hunting,Baraga,Baraga,F,2017,46.8575917446,-88.2394427316
BB22_597,2022,Black Bear,11-Sep-22,Hunting,Amasa,Gogebic,F,2015,46.2105058077,-89.0640839845
BB22_598,2022,Black Bear,14-Sep-22,Hunting,Carney,Menominee,F,2018,45.5163780836,-87.4001956866
BB22_599,2022,Black Bear,12-Sep-22,Hunting,Gwinn,Marquette,M,2021,46.2681282776,-87.2724230748
BB22_6,2022,Black Bear,8-Sep-22,Hunting,Gwinn,Alger,M,2021,46.4709241431,-87.0223425212
BB22_60,2022,Black Bear,11-Sep-22,Hunting,Bergland,Gogebic,M,2022,46.3546502339,-90.0003828049
BB22_600,2022,Black Bear,7-Sep-22,Hunting,Gwinn,Delta,F,2017,46.035927967,-87.1487362542
BB22_601,2022,Black Bear,8-Sep-22,Hunting,Gwinn,Delta,M,2017,46.1518584577,-87.2102938767
BB22_602,2022,Black Bear,16-Sep-22,Hunting,Gwinn,Marquette,F,2019,45.9923533357,-87.2741695017
,2022,Black Bear,11-Sep-22,Hunting,Red Oak,Oscoda,F,2021,44.6597835587,-84.2011847412
,2022,Black Bear,11-Sep-22,Hunting,Red Oak,Crawford,F,2021,44.7783255247,-84.6962187716
BB22_605,2022,Black Bear,18-Sep-22,Hunting,Gwinn,Alger,M,2020,46.3546461846,-86.7935672416
,2022,Black Bear,13-Sep-22,Hunting,Red Oak,Crawford,M,2021,44.778059886,-84.6350897101
BB22_607,2022,Black Bear,17-Sep-22,Hunting,Amasa,Iron,F,2020,45.9940617212,-88.3770702359
,2022,Black Bear,17-Sep-22,Hunting,Gladwin,Ogemaw,M,2021,44.1835764531,-84.1958468603
BB22_609,2022,Black Bear,17-Sep-22,Hunting,Newberry,Luce,F,2021,46.4402874517,-85.7501041013
BB22_61,2022,Black Bear,10-Sep-22,Hunting,Bergland,Ontonagon,M,2020,46.5127701236,-89.6254299466
,2022,Black Bear,14-Sep-22,Hunting,Red Oak,Roscommon,F,2021,44.3269826041,-84.4608353106
,2022,Black Bear,16-Sep-22,Hunting,Red Oak,Alcona,M,2017,44.8057836832,-83.8590582928
,2022,Black Bear,16-Sep-22,Hunting,Red Oak,Oscoda,F,2020,44.7759319057,-84.3233688914
,2022,Black Bear,15-Sep-22,Hunting,Red Oak,Alcona,M,2021,44.690068215,-83.6966557798
,2022,Black Bear,15-Sep-22,Hunting,Red Oak,Alcona,F,2016,44.7191089261,-83.8581688671
,2022,Black Bear,17-Sep-22,Hunting,Red Oak,Oscoda,M,2018,44.7469058144,-84.261961534
,2022,Black Bear,17-Sep-22,Hunting,Red Oak,Oscoda,F,2017,44.6600802806,-83.9388670472
,2022,Black Bear,15-Sep-22,Hunting,Red Oak,Roscommon,F,2015,44.2253978468,-84.3985910334
,2022,Black Bear,14-Sep-22,Hunting,Gladwin,Ogemaw,F,2012,44.1830470112,-84.3358669635
,2022,Black Bear,14-Sep-22,Hunting,Red Oak,Roscommon,F,2019,44.269296186,-84.5605988804
BB22_62,2022,Black Bear,10-Sep-22,Hunting,Bergland,Gogebic,M,2020,46.5418781896,-89.7507844878
BB22_620,2022,Black Bear,18-Sep-22,Hunting,Newberry,Schoolcraft,M,2021,46.0490115428,-86.4790692321
BB22_621,2022,Black Bear,9-Sep-22,Hunting,Amasa,Iron,M,2018,46.1670035477,-88.9597860012
BB22_622,2022,Black Bear,7-Sep-22,Hunting,Amasa,Iron,F,2021,46.2681868669,-88.8972159909
BB22_623,2022,Black Bear,8-Sep-22,Hunting,Amasa,Iron,F,2020,46.208661644,-88.5304350532
BB22_624,2022,Black Bear,7-Sep-22,Hunting,Carney,Dickinson,M,2020,46.0089660278,-87.870284829
BB22_625,2022,Black Bear,15-Sep-22,Hunting,Gwinn,Dickinson,M,2020,46.2247366104,-87.897582719
BB22_626,2022,Black Bear,20-Sep-22,Hunting,Gwinn,Dickinson,M,2021,46.2106458139,-88.0026320386
BB22_627,2022,Black Bear,12-Sep-22,Hunting,Amasa,Iron,F,2019,46.1813432801,-88.5024113823
BB22_628,2022,Black Bear,15-Sep-22,Hunting,Amasa,Iron,M,2022,46.1523663763,-88.5439786938
BB22_629,2022,Black Bear,8-Sep-22,Hunting,Amasa,Iron,M,2021,46.2679687159,-88.5859354479
BB22_63,2022,Black Bear,10-Sep-22,Hunting,Bergland,Gogebic,M,2017,46.2971295197,-89.8756491253
BB22_630,2022,Black Bear,7-Sep-22,Hunting,Amasa,Iron,F,2013,46.2536297953,-88.3568983856
,2022,Black Bear,15-Sep-22,Hunting,Red Oak,Oscoda,M,2021,44.6734377641,-84.3420683117
BB22_632,2022,Black Bear,21-Sep-22,Hunting,Amasa,Iron,F,2022,46.4127119587,-88.2943335984
,2022,Black Bear,13-Sep-22,Hunting,Red Oak,Oscoda,F,2009,44.8348606649,-83.9595970567
BB22_634,2022,Black Bear,13-Sep-22,Hunting,Carney,Menominee,F,2022,45.9060288506,-87.6067729937
BB22_635,2022,Black Bear,25-Sep-22,Hunting,Gwinn,Marquette,F,2022,46.1956523027,-87.5435558709
,2022,Black Bear,12-Sep-22,Hunting,Red Oak,Alcona,M,2008,44.6603329621,-83.8778440687
,2022,Black Bear,11-Sep-22,Hunting,Red Oak,Oscoda,F,2017,44.7618215912,-83.9397928669
BB22_638,2022,Black Bear,27-Sep-22,Hunting,Gwinn,Alger,M,2022,46.2093737623,-86.8553152684
BB22_639,2022,Black Bear,23-Sep-22,Hunting,Gwinn,Delta,M,2020,45.9635809135,-87.1910736428
BB22_64,2022,Black Bear,10-Sep-22,Hunting,Bergland,Gogebic,M,2021,46.4266366165,-89.9591443327
BB22_640,2022,Black Bear,3-Oct-22,Hunting,Carney,Dickinson,F,2020,45.9494968697,-87.8982803193
BB22_641,2022,Black Bear,27-Sep-22,Hunting,Newberry,Schoolcraft,M,2012,46.3826199552,-86.3140455466
BB22_642,2022,Black Bear,20-Sep-22,Hunting,Gwinn,Delta,M,2020,46.0934052228,-86.7719635205
,2022,Black Bear,1-Oct-22,Hunting,Carney,Menominee,F,2022,45.7905195016,-87.3566294969
,2022,Black Bear,28-Sep-22,Hunting,Gwinn,Marquette,M,2022,46.1954585554,-87.3351633492
,2022,Black Bear,11-Sep-22,Hunting,Carney,Menominee,F,2022,45.572297567,-87.7483616336
,2022,Black Bear,14-Sep-22,Hunting,Carney,Menominee,M,2022,45.4118588756,-87.4614239066
BB22_647,2022,Black Bear,10-Oct-22,Hunting,Baraga,Marquette,M,2020,46.5859879128,-87.7711057389
BB22_648,2022,Black Bear,10-Oct-22,Hunting,Amasa,Baraga,M,2020,46.4560352123,-88.5435013388
BB22_649,2022,Black Bear,3-Oct-22,Hunting,Baraga,Keweenaw,F,2018,47.423925878,-88.0566003401
BB22_65,2022,Black Bear,7-Sep-22,Hunting,Bergland,Ontonagon,F,2016,46.5274814345,-89.4382974302
BB22_650,2022,Black Bear,30-Sep-22,Hunting,Baraga,Houghton,F,2020,46.7868819941,-88.8798669605
BB22_651,2022,Black Bear,2-Oct-22,Hunting,Baraga,Ontonagon,M,2021,46.6869313354,-88.9378478426
BB22_652,2022,Black Bear,3-Oct-22,Hunting,Bergland,Ontonagon,M,2017,46.7156820802,-89.3341876081
BB22_653,2022,Black Bear,1-Oct-22,Hunting,Baraga,Ontonagon,F,2021,46.8010052951,-88.984850236
BB22_654,2022,Black Bear,10-Sep-22,Hunting,Baraga,Keweenaw,M,2019,47.4238742585,-88.0989544634
BB22_655,2022,Black Bear,1-Oct-22,Hunting,Baraga,Keweenaw,M,2015,47.24496018,-88.2374679144
BB22_656,2022,Black Bear,1-Oct-22,Hunting,Amasa,Iron,F,2018,46.3400363781,-89.0638744131
BB22_657,2022,Black Bear,19-Sep-22,Hunting,Baraga,Keweenaw,M,2021,47.4637203752,-88.0842386245
BB22_658,2022,Black Bear,29-Sep-22,Hunting,Baraga,Keweenaw,M,2021,47.3949016103,-88.0355337424
BB22_659,2022,Black Bear,20-Sep-22,Hunting,Baraga,Ontonagon,M,2020,46.8732085292,-89.1334411442
BB22_66,2022,Black Bear,7-Sep-22,Hunting,Bergland,Gogebic,M,2016,46.2969582813,-89.5008892898
BB22_660,2022,Black Bear,22-Sep-22,Hunting,Baraga,Ontonagon,F,2006,46.5857313296,-89.0432347282
BB22_661,2022,Black Bear,10-Sep-22,Hunting,Baraga,Houghton,F,2021,47.1925906737,-88.3513025832
BB22_662,2022,Black Bear,23-Sep-22,Hunting,Baraga,Ontonagon,M,2020,46.9738866089,-89.1120389128
BB22_663,2022,Black Bear,24-Sep-22,Hunting,Baraga,Ontonagon,M,2018,46.6867383584,-88.9168041432
BB22_664,2022,Black Bear,27-Sep-22,Hunting,Baraga,Keweenaw,M,2019,47.423925878,-88.0566003401
BB22_665,2022,Black Bear,23-Sep-22,Hunting,Baraga,Ontonagon,M,2021,46.9738866089,-89.1120389128
BB22_666,2022,Black Bear,23-Sep-22,Hunting,Baraga,Ontonagon,M,2021,46.6867383584,-88.9168041432
BB22_667,2022,Black Bear,30-Sep-22,Hunting,Baraga,Keweenaw,M,2020,47.4383041994,-88.0149222833
BB22_668,2022,Black Bear,5-Oct-22,Hunting,Baraga,Keweenaw,F,2017,47.4238742585,-88.0989544634
BB22_669,2022,Black Bear,29-Sep-22,Hunting,Baraga,Ontonagon,M,2019,46.6437457104,-89.0427145735
BB22_67,2022,Black Bear,7-Sep-22,Hunting,Bergland,Gogebic,M,2021,46.5704602993,-89.6249577449
BB22_670,2022,Black Bear,23-Sep-22,Hunting,Baraga,Houghton,F,2011,46.6001712051,-88.918186449
BB22_671,2022,Black Bear,25-Sep-22,Hunting,Baraga,Keweenaw,F,2021,47.3076638395,-88.4152995026
BB22_672,2022,Black Bear,25-Sep-22,Hunting,Baraga,Houghton,F,2012,47.1202012264,-88.3727451897
BB22_673,2022,Black Bear,24-Sep-22,Hunting,Baraga,Ontonagon,F,2019,46.8152065936,-88.9852858228
BB22_674,2022,Black Bear,25-Sep-22,Hunting,Baraga,Baraga,M,2021,46.6863600626,-88.4388704263
BB22_675,2022,Black Bear,11-Sep-22,Hunting,Baraga,Keweenaw,M,2021,47.4383924475,-88.035808734
BB22_676,2022,Black Bear,28-Sep-22,Hunting,Baraga,Houghton,F,2020,46.8011978341,-88.8587362708
BB22_677,2022,Black Bear,25-Sep-22,Hunting,Baraga,Houghton,F,2020,47.1342132655,-88.6268290037
BB22_678,2022,Black Bear,19-Sep-22,Hunting,Baraga,Ontonagon,F,2018,46.7866488724,-89.048708345
BB22_679,2022,Black Bear,26-Sep-22,Hunting,Bergland,Ontonagon,F,2018,46.8158460845,-89.5558333222
BB22_68,2022,Black Bear,7-Sep-22,Hunting,Bergland,Gogebic,M,2021,46.3259500526,-89.9593030859
BB22_680,2022,Black Bear,14-Sep-22,Hunting,Baraga,Keweenaw,M,2019,47.4095486975,-87.8036216588
BB22_681,2022,Black Bear,26-Sep-22,Hunting,Baraga,Keweenaw,M,2020,47.3949401133,-88.0777224455
BB22_682,2022,Black Bear,15-Sep-22,Hunting,Baraga,Keweenaw,M,2019,47.3962924055,-87.8045970949
BB22_683,2022,Black Bear,6-Oct-22,Hunting,Baraga,Keweenaw,M,2021,47.3079118831,-88.2885504578
BB22_684,2022,Black Bear,15-Sep-22,Hunting,Baraga,Keweenaw,M,2019,47.4238742585,-88.0989544634
BB22_685,2022,Black Bear,4-Oct-22,Hunting,Baraga,Keweenaw,F,2010,47.3079118831,-88.2885504578
BB22_686,2022,Black Bear,28-Sep-22,Hunting,Baraga,Keweenaw,M,2021,47.4384288518,-88.0778791772
BB22_687,2022,Black Bear,13-Sep-22,Hunting,Baraga,Keweenaw,M,2014,47.380069008,-88.3094701407
BB22_688,2022,Black Bear,21-Sep-22,Hunting,Baraga,Houghton,M,2020,46.6149319679,-88.9598231797
BB22_689,2022,Black Bear,19-Sep-22,Hunting,Baraga,Houghton,M,2014,46.7866315986,-88.6893021363
BB22_69,2022,Black Bear,7-Sep-22,Hunting,Bergland,Gogebic,M,2021,46.5129720942,-89.8757272476
BB22_690,2022,Black Bear,26-Sep-22,Hunting,Baraga,Keweenaw,M,2021,47.3950419521,-88.1203220643
BB22_691,2022,Black Bear,28-Sep-22,Hunting,Baraga,Houghton,M,2021,46.8158122607,-88.8374157031
BB22_692,2022,Black Bear,20-Sep-22,Hunting,Baraga,Houghton,M,2020,46.6146154304,-88.9178403132
BB22_693,2022,Black Bear,3-Oct-22,Hunting,Amasa,Baraga,F,2020,46.4561243954,-88.626784989
BB22_694,2022,Black Bear,13-Sep-22,Hunting,Baraga,Keweenaw,F,2019,47.4238742585,-88.0989544634
BB22_695,2022,Black Bear,14-Sep-22,Hunting,Baraga,Keweenaw,M,2010,47.4691271736,-87.9797607098
BB22_696,2022,Black Bear,10-Sep-22,Hunting,Baraga,Keweenaw,M,2020,47.4379640063,-87.846140258
BB22_697,2022,Black Bear,29-Sep-22,Hunting,Baraga,Keweenaw,M,2020,47.394849465,-88.1623348178
BB22_698,2022,Black Bear,1-Oct-22,Hunting,Baraga,Keweenaw,F,2022,47.3801277968,-88.2682669584
BB22_699,2022,Black Bear,7-Sep-22,Hunting,Baraga,Keweenaw,M,2018,47.4527596295,-87.9305121386
BB22_7,2022,Black Bear,10-Sep-22,Hunting,Amasa,Baraga,M,2016,46.4706557653,-88.4601046627
BB22_70,2022,Black Bear,13-Sep-22,Hunting,Bergland,Gogebic,M,2020,46.5710919245,-89.917044778
BB22_700,2022,Black Bear,22-Sep-22,Hunting,Baraga,Houghton,M,2021,46.6431200655,-88.8346672238
BB22_701,2022,Black Bear,26-Sep-22,Hunting,Baraga,Houghton,F,2019,46.9312994737,-88.8375794016
BB22_702,2022,Black Bear,29-Sep-22,Hunting,Baraga,Houghton,M,2020,46.8298328148,-88.9010406692
BB22_703,2022,Black Bear,11-Sep-22,Hunting,Baraga,Ontonagon,M,2019,46.7721357901,-89.0059395152
BB22_704,2022,Black Bear,12-Sep-22,Hunting,Baraga,Baraga,F,2019,46.9023715757,-88.1186306071
BB22_705,2022,Black Bear,13-Sep-22,Hunting,Bergland,,M,2020,46.6725683856,-89.2304917717
BB22_706,2022,Black Bear,13-Sep-22,Hunting,Baraga,Houghton,F,2021,46.90207496,-88.9007534433
BB22_707,2022,Black Bear,12-Sep-22,Hunting,Baraga,Baraga,M,2017,47.003787994,-88.7955876184
BB22_708,2022,Black Bear,14-Sep-22,Hunting,Baraga,Houghton,M,2019,46.8154084301,-88.9010601075
BB22_709,2022,Black Bear,10-Sep-22,Hunting,Baraga,Houghton,M,2015,46.9892722486,-88.838033673
BB22_71,2022,Black Bear,13-Sep-22,Hunting,Bergland,Gogebic,M,2017,46.6290084193,-89.9169395521
BB22_710,2022,Black Bear,27-Sep-22,Hunting,Baraga,Ontonagon,F,2021,46.8155962281,-89.1130479888
BB22_711,2022,Black Bear,12-Sep-22,Hunting,Baraga,Houghton,M,2020,46.9165840165,-88.7524749332
BB22_712,2022,Black Bear,12-Sep-22,Hunting,Baraga,Houghton,F,2014,47.0760511028,-88.5632316262
BB22_713,2022,Black Bear,14-Sep-22,Hunting,Baraga,Houghton,M,2020,46.7868819941,-88.8798669605
BB22_714,2022,Black Bear,14-Sep-22,Hunting,Newberry,Schoolcraft,F,2018,46.3242507692,-85.895758416
BB22_715,2022,Black Bear,14-Sep-22,Hunting,Newberry,Schoolcraft,M,2020,46.4975610824,-85.8752958332
BB22_716,2022,Black Bear,14-Sep-22,Hunting,Newberry,Schoolcraft,M,2015,46.498176969,-86.1676017246
BB22_717,2022,Black Bear,13-Sep-22,Hunting,Newberry,Schoolcraft,F,2007,46.3965309482,-85.8753374592
BB22_718,2022,Black Bear,15-Sep-22,Hunting,Newberry,Schoolcraft,F,2009,46.4981285954,-86.2097101279
BB22_719,2022,Black Bear,14-Sep-22,Hunting,Gwinn,Alger,M,2019,46.1659688509,-86.8135470201
BB22_72,2022,Black Bear,7-Sep-22,Hunting,Bergland,Gogebic,F,2018,46.5713082807,-90.1242614556
,2022,Black Bear,15-Sep-22,Hunting,Gwinn,Alger,U,2020,46.267542733,-86.8139202991
BB22_721,2022,Black Bear,13-Sep-22,Hunting,Newberry,Schoolcraft,M,2018,46.3382382165,-86.0633397805
BB22_722,2022,Black Bear,13-Sep-22,Hunting,Newberry,Luce,M,2017,46.5700218318,-85.8344243891
BB22_723,2022,Black Bear,13-Sep-22,Hunting,Newberry,Schoolcraft,F,2019,46.4837202684,-86.1466745598
BB22_724,2022,Black Bear,17-Sep-22,Hunting,Newberry,Schoolcraft,F,2019,46.3820835774,-86.146409546
BB22_725,2022,Black Bear,17-Sep-22,Hunting,Gwinn,Alger,F,2020,46.3111197632,-86.7301003785
BB22_726,2022,Black Bear,17-Sep-22,Hunting,Newberry,Schoolcraft,M,2019,46.498176969,-86.1676017246
BB22_727,2022,Black Bear,15-Sep-22,Hunting,Newberry,Schoolcraft,M,2018,46.0196363284,-86.105804417
BB22_728,2022,Black Bear,23-Sep-22,Hunting,Baraga,Keweenaw,F,2018,47.4238742585,-88.0989544634
BB22_729,2022,Black Bear,23-Sep-22,Hunting,Newberry,Schoolcraft,M,2020,46.3527072168,-86.0007411468
BB22_73,2022,Black Bear,15-Sep-22,Hunting,Bergland,Ontonagon,M,2019,46.5709656502,-89.2926880254
BB22_730,2022,Black Bear,14-Sep-22,Hunting,Newberry,Schoolcraft,M,2019,46.2089511357,-85.9382897854
BB22_731,2022,Black Bear,20-Sep-22,Hunting,Amasa,Iron,M,2020,46.1522410139,-88.5025229503
BB22_732,2022,Black Bear,24-Sep-22,Hunting,Newberry,Schoolcraft,M,2019,45.9616975245,-85.9188832494
,,,,,,,,2003,,
BB22_734,2022,Black Bear,24-Sep-22,Hunting,Newberry,Schoolcraft,M,2015,46.4543824329,-86.0004924548
BB22_735,2022,Black Bear,23-Sep-22,Hunting,Newberry,Schoolcraft,M,2022,46.4110028916,-85.8960966177
BB22_736,2022,Black Bear,7-Sep-22,Hunting,Newberry,Schoolcraft,M,2019,46.3383781451,-86.1046490172
BB22_737,2022,Black Bear,7-Sep-22,Hunting,Newberry,Schoolcraft,M,2018,46.1800480978,-85.8756871211
BB22_738,2022,Black Bear,,Hunting,Newberry,Schoolcraft,M,2019,46.4838775562,-86.1676107672
BB22_739,2022,Black Bear,8-Sep-22,Hunting,Newberry,Schoolcraft,M,2019,46.3387111525,-85.8959097386
BB22_74,2022,Black Bear,19-Sep-22,Hunting,Baraga,Baraga,F,2019,46.7007943695,-88.6053385066
BB22_740,2022,Black Bear,8-Sep-22,Hunting,Newberry,Schoolcraft,M,2020,46.2088603376,-85.9592400979
BB22_741,2022,Black Bear,7-Sep-22,Hunting,Newberry,Schoolcraft,M,2016,46.2088603376,-85.9592400979
BB22_742,2022,Black Bear,8-Sep-22,Hunting,Newberry,Schoolcraft,F,2020,46.4255374086,-86.0632421055
BB22_743,2022,Black Bear,8-Sep-22,Hunting,Newberry,Schoolcraft,M,2019,46.4835725284,-86.2718627804
BB22_744,2022,Black Bear,10-Sep-22,Hunting,Newberry,Schoolcraft,M,2020,46.2807098655,-85.9380685621
BB22_745,2022,Black Bear,9-Sep-22,Hunting,Newberry,Schoolcraft,M,2021,46.2088603376,-85.9592400979
BB22_746,2022,Black Bear,12-Sep-22,Hunting,Newberry,Schoolcraft,M,2019,46.2231658741,-85.9798049869
BB22_747,2022,Black Bear,7-Sep-22,Hunting,Newberry,Schoolcraft,F,2009,46.0345423926,-85.938244256
BB22_748,2022,Black Bear,8-Sep-22,Hunting,Newberry,Schoolcraft,F,2020,46.0493126079,-85.8955417128
BB22_749,2022,Black Bear,7-Sep-22,Hunting,Newberry,Schoolcraft,M,2019,46.0933974103,-85.9584359922
BB22_75,2022,Black Bear,8-Sep-22,Hunting,Bergland,Gogebic,F,2021,46.4844294519,-89.5211212362
BB22_750,2022,Black Bear,7-Sep-22,Hunting,Newberry,Schoolcraft,M,2021,46.1800480978,-85.8756871211
BB22_751,2022,Black Bear,7-Sep-22,Hunting,Newberry,Luce,M,2020,46.281196792,-85.8128494874
BB22_752,2022,Black Bear,7-Sep-22,Hunting,Amasa,Iron,F,2019,46.3838954548,-88.1898171987
BB22_753,2022,Black Bear,7-Sep-22,Hunting,Newberry,Schoolcraft,M,2020,46.005201773,-85.9806663224
BB22_754,2022,Black Bear,7-Sep-22,Hunting,Newberry,Schoolcraft,M,2020,46.2088966346,-85.9174265974
BB22_755,2022,Black Bear,8-Sep-22,Hunting,Newberry,Schoolcraft,M,2020,46.4980687004,-86.1051355781
BB22_756,2022,Black Bear,15-Sep-22,Hunting,Amasa,Marquette,M,2020,46.3844312566,-88.0436675325
BB22_757,2022,Black Bear,13-Sep-22,Hunting,Newberry,Luce,F,2013,46.6003925597,-85.3336641932
BB22_758,2022,Black Bear,14-Sep-22,Hunting,Newberry,Luce,F,2019,46.4695611402,-85.312361737
BB22_759,2022,Black Bear,13-Sep-22,Hunting,Newberry,Schoolcraft,F,2021,46.1507449068,-86.479605598
BB22_76,2022,Black Bear,13-Sep-22,Hunting,Bergland,Ontonagon,F,2007,46.6863961162,-89.645176069
BB22_760,2022,Black Bear,13-Sep-22,Hunting,Newberry,Luce,M,2020,46.5709155032,-85.3953838978
BB22_761,2022,Black Bear,13-Sep-22,Hunting,Newberry,Luce,M,2018,46.5998332655,-85.6251340941
,2022,Black Bear,17-Sep-22,Hunting,Baldwin,Grand Traverse,F,2021,44.5194408474,-85.4866440325
BB22_763,2022,Black Bear,14-Sep-22,Hunting,Newberry,Schoolcraft,F,2016,46.1798469574,-86.479765753
BB22_764,2022,Black Bear,12-Sep-22,Hunting,Newberry,Luce,F,2017,46.3108150205,-85.4154876266
BB22_765,2022,Black Bear,12-Sep-22,Hunting,Newberry,Luce,F,2020,46.5563318588,-85.6046593014
BB22_766,2022,Black Bear,12-Sep-22,Hunting,Newberry,Luce,F,2018,46.5419746572,-85.353886558
BB22_767,2022,Black Bear,11-Sep-22,Hunting,Newberry,Schoolcraft,M,2020,46.194408661,-85.9592697054
BB22_768,2022,Black Bear,7-Sep-22,Hunting,Newberry,Luce,M,2020,46.4983183853,-85.6256693715
BB22_769,2022,Black Bear,8-Sep-22,Hunting,Newberry,Luce,F,2019,46.5857741523,-85.4165382076
BB22_77,2022,Black Bear,13-Sep-22,Hunting,Bergland,Gogebic,F,2019,46.5565662963,-89.8962847108
BB22_770,2022,Black Bear,8-Sep-22,Hunting,Gwinn,Marquette,F,2020,46.2539548761,-87.6054883346
BB22_771,2022,Black Bear,8-Sep-22,Hunting,Newberry,Luce,M,2019,46.5708983615,-85.3538408194
BB22_772,2022,Black Bear,8-Sep-22,Hunting,Newberry,Luce,M,2020,46.5857202241,-85.3335737651
BB22_773,2022,Black Bear,8-Sep-22,Hunting,Newberry,Mackinac,M,2017,46.0368698858,-85.1007290867
BB22_774,2022,Black Bear,7-Sep-22,Hunting,Newberry,Luce,M,2019,46.4982458099,-85.6676216175
BB22_775,2022,Black Bear,7-Sep-22,Hunting,Newberry,Luce,F,2021,46.6294269108,-85.4585829035
BB22_776,2022,Black Bear,7-Sep-22,Hunting,Newberry,Luce,M,2020,46.3825169575,-85.7501595142
BB22_777,2022,Black Bear,7-Sep-22,Hunting,Newberry,Luce,M,2017,46.585586098,-85.3539862624
BB22_778,2022,Black Bear,22-Sep-22,Hunting,Newberry,Luce,M,2017,46.469289353,-85.6883617732
BB22_779,2022,Black Bear,23-Sep-22,Hunting,Newberry,Luce,F,2021,46.3827792924,-85.3328709466
BB22_78,2022,Black Bear,16-Sep-22,Hunting,Baraga,Houghton,F,2020,46.6146154304,-88.9178403132
BB22_780,2022,Black Bear,25-Sep-22,Hunting,Newberry,Luce,M,2021,46.4982290934,-85.6046945483
BB22_781,2022,Black Bear,25-Sep-22,Hunting,Newberry,Luce,M,2017,46.5412771559,-85.8133510846
BB22_782,2022,Black Bear,20-Sep-22,Hunting,Newberry,Chippewa,M,2020,46.3251727532,-85.2081252705
BB22_783,2022,Black Bear,25-Sep-22,Hunting,Newberry,Luce,M,2021,46.4548082612,-85.6881535932
BB22_784,2022,Black Bear,25-Sep-22,Hunting,Newberry,Luce,M,2020,46.6583859403,-85.4373196139
BB22_785,2022,Black Bear,25-Sep-22,Hunting,Newberry,Luce,M,2021,46.3972830805,-85.4163957854
BB22_786,2022,Black Bear,26-Sep-22,Hunting,Newberry,Luce,M,2020,46.3106489057,-85.3325090811
BB22_787,2022,Black Bear,25-Sep-22,Hunting,Newberry,Luce,M,2020,46.5562737406,-85.6888555523
BB22_788,2022,Black Bear,26-Sep-22,Hunting,Newberry,Luce,M,2021,46.4548082612,-85.6881535932
BB22_789,2022,Black Bear,26-Sep-22,Hunting,Newberry,Luce,M,2021,46.4118170447,-85.2703781754
BB22_79,2022,Black Bear,16-Sep-22,Hunting,Baraga,Houghton,F,2019,46.7297187696,-88.8346652797
BB22_790,2022,Black Bear,25-Sep-22,Hunting,Newberry,Luce,F,2020,46.5416940457,-85.6890156421
BB22_791,2022,Black Bear,27-Sep-22,Hunting,Newberry,Luce,M,2021,46.3678801205,-85.6454229157
BB22_792,2022,Black Bear,27-Sep-22,Hunting,Newberry,Luce,F,2011,46.440718293,-85.4997756769
BB22_793,2022,Black Bear,29-Sep-22,Hunting,Newberry,Chippewa,F,2014,46.76968913,-84.9959773753
BB22_794,2022,Black Bear,29-Sep-22,Hunting,Newberry,Luce,M,2021,46.5562490869,-85.7302232106
BB22_795,2022,Black Bear,1-Oct-22,Hunting,Newberry,Luce,F,2021,46.4258053334,-85.6669584415
BB22_796,2022,Black Bear,30-Sep-22,Hunting,Newberry,Luce,M,2019,46.3678801205,-85.6454229157
BB22_797,2022,Black Bear,2-Oct-22,Hunting,Newberry,Luce,M,2021,46.3250188232,-85.2494165187
BB22_798,2022,Black Bear,4-Oct-22,Hunting,Newberry,Luce,M,2021,46.3970444862,-85.7085131304
BB22_799,2022,Black Bear,4-Oct-22,Hunting,Newberry,Mackinac,M,2018,46.1660357803,-85.3105546677
BB22_8,2022,Black Bear,8-Sep-22,Hunting,Gwinn,Marquette,F,2013,46.3841775181,-87.2106482534
BB22_80,2022,Black Bear,18-Sep-22,Hunting,Baraga,Baraga,M,2018,46.8442398607,-88.5625522597
BB22_800,2022,Black Bear,5-Oct-22,Hunting,Newberry,Mackinac,F,2021,46.1368993431,-85.3730603639
BB22_801,2022,Black Bear,27-Sep-22,Hunting,Newberry,Mackinac,M,2016,46.2093275226,-85.3316549101
BB22_802,2022,Black Bear,9-Sep-22,Hunting,Newberry,Chippewa,M,2019,46.2962881965,-85.2078082558
BB22_803,2022,Black Bear,7-Sep-22,Hunting,Newberry,Chippewa,M,2021,46.2819580555,-85.1447597761
BB22_804,2022,Black Bear,7-Sep-22,Hunting,Newberry,Chippewa,F,2008,46.2819580555,-85.1447597761
BB22_805,2022,Black Bear,7-Sep-22,Hunting,Newberry,Chippewa,M,2020,46.5133573072,-85.1462908608
BB22_806,2022,Black Bear,16-Sep-22,Hunting,Newberry,Chippewa,M,2017,46.3244594576,-84.9580816534
BB22_807,2022,Black Bear,15-Sep-22,Hunting,Newberry,Chippewa,F,2012,46.4842433928,-85.1458037146
BB22_808,2022,Black Bear,14-Sep-22,Hunting,Newberry,Mackinac,F,2019,46.2091769077,-85.2062339971
BB22_809,2022,Black Bear,10-Sep-22,Hunting,Newberry,Chippewa,M,2021,46.3246652291,-84.6242288928
BB22_81,2022,Black Bear,12-Sep-22,Hunting,Baraga,Baraga,M,2021,46.7437874637,-88.2926208175
BB22_810,2022,Black Bear,12-Sep-22,Hunting,Newberry,Chippewa,F,2019,46.3969651666,-85.021004471
BB22_811,2022,Black Bear,12-Sep-22,Hunting,Newberry,Chippewa,M,2021,46.4119424773,-85.2084325721
BB22_812,2022,Black Bear,12-Sep-22,Hunting,Newberry,Chippewa,M,2020,46.3823592819,-84.8747296256
BB22_813,2022,Black Bear,16-Sep-22,Hunting,Newberry,Chippewa,M,2020,46.3823592819,-84.8747296256
BB22_814,2022,Black Bear,7-Sep-22,Hunting,Newberry,Chippewa,F,2014,46.5519017094,-85.0762790459
BB22_815,2022,Black Bear,13-Sep-22,Hunting,Newberry,Chippewa,F,2019,46.4279931526,-84.5098443661
BB22_816,2022,Black Bear,7-Sep-22,Hunting,Newberry,Chippewa,M,2019,46.3680615083,-84.7083232962
BB22_817,2022,Black Bear,17-Sep-22,Hunting,Newberry,Chippewa,M,2021,46.3969651666,-85.021004471
BB22_818,2022,Black Bear,24-Sep-22,Hunting,Newberry,Chippewa,F,2014,46.2376090376,-84.8114908456
BB22_819,2022,Black Bear,13-Sep-22,Hunting,Newberry,Luce,M,2021,46.3106376449,-85.3531717709
BB22_82,2022,Black Bear,19-Sep-22,Hunting,Amasa,Iron,F,2019,46.3838498211,-88.835287403
BB22_820,2022,Black Bear,8-Sep-22,Hunting,Newberry,Chippewa,M,2021,46.4407492737,-85.124817353
BB22_821,2022,Black Bear,7-Sep-22,Hunting,Newberry,Chippewa,M,2019,46.6296108729,-85.2087931705
BB22_822,2022,Black Bear,9-Sep-22,Hunting,Newberry,Chippewa,M,2021,46.411762907,-85.1457530611
BB22_823,2022,Black Bear,25-Sep-22,Hunting,Newberry,Chippewa,F,2021,46.2819580555,-85.1447597761
BB22_824,2022,Black Bear,25-Sep-22,Hunting,Newberry,Chippewa,F,2021,46.4116592791,-85.0630263322
BB22_825,2022,Black Bear,13-Sep-22,Hunting,Newberry,Chippewa,M,2011,46.3392425703,-84.541003676
BB22_826,2022,Black Bear,19-Sep-22,Hunting,Newberry,Chippewa,M,2020,46.3969828702,-85.0418480067
BB22_827,2022,Black Bear,8-Sep-22,Hunting,Newberry,Chippewa,M,2021,46.2812945935,-84.7075148272
BB22_828,2022,Black Bear,13-Sep-22,Hunting,Newberry,Chippewa,F,2020,46.180111434,-85.0411211493
BB22_829,2022,Black Bear,19-Sep-22,Hunting,Newberry,Luce,M,2021,46.615037105,-85.5208730499
BB22_83,2022,Black Bear,15-Sep-22,Hunting,Bergland,Gogebic,M,2018,46.686111837,-89.9793082089
BB22_830,2022,Black Bear,22-Sep-22,Hunting,Newberry,Chippewa,F,2007,46.4548315485,-84.9792791082
BB22_831,2022,Black Bear,17-Sep-22,Hunting,Newberry,Chippewa,M,2020,46.3825467047,-85.020887009
BB22_832,2022,Black Bear,17-Sep-22,Hunting,Newberry,Chippewa,M,2021,46.3825467047,-85.020887009
BB22_833,2022,Black Bear,16-Sep-22,Hunting,Newberry,Luce,F,2017,46.7305557667,-85.2918061057
BB22_834,2022,Black Bear,16-Sep-22,Hunting,Amasa,Iron,F,2019,46.3985601897,-88.5226374653
BB22_835,2022,Black Bear,10-Sep-22,Hunting,Baraga,Baraga,F,2021,46.7297693611,-88.3757405349
BB22_836,2022,Black Bear,16-Sep-22,Hunting,Newberry,Chippewa,M,2020,46.3678084052,-84.9794431245
BB22_837,2022,Black Bear,25-Sep-22,Hunting,Newberry,Mackinac,F,2020,46.1948149989,-85.2480428308
BB22_838,2022,Black Bear,25-Sep-22,Hunting,Newberry,Chippewa,F,2020,46.3390102241,-84.81227044
BB22_839,2022,Black Bear,18-Sep-22,Hunting,Newberry,Chippewa,M,2020,46.3297135232,-84.1426266006
BB22_84,2022,Black Bear,15-Sep-22,Hunting,Amasa,Houghton,F,2020,46.4559132449,-88.9605219166
BB22_840,2022,Black Bear,24-Sep-22,Hunting,Newberry,Chippewa,F,2018,46.3109313241,-85.1452712554
BB22_841,2022,Black Bear,15-Sep-22,Hunting,Newberry,Mackinac,M,2020,46.150540012,-84.7278090464
,2022,Black Bear,17-Sep-22,Hunting,Newberry,Mackinac,U,2021,46.2238659737,-85.2900043231
BB22_843,2022,Black Bear,15-Sep-22,Hunting,Newberry,Chippewa,M,2020,46.3251727532,-85.2081252705
BB22_844,2022,Black Bear,7-Sep-22,Hunting,Newberry,Chippewa,M,2021,46.3974567935,-85.2084784778
BB22_845,2022,Black Bear,28-Sep-22,Hunting,Newberry,Chippewa,M,2021,46.4119689242,-85.124810176
BB22_846,2022,Black Bear,12-Sep-22,Hunting,Newberry,Chippewa,M,2021,46.2811571342,-84.9580987925
BB22_847,2022,Black Bear,28-Sep-22,Hunting,Newberry,Luce,F,2021,46.4695651116,-85.4998891493
BB22_848,2022,Black Bear,1-Oct-22,Hunting,Newberry,Chippewa,M,2019,46.2521214893,-84.8117684867
BB22_849,2022,Black Bear,27-Sep-22,Hunting,Newberry,Chippewa,M,2020,46.6004714927,-85.2087565055
BB22_85,2022,Black Bear,17-Sep-22,Hunting,Bergland,Gogebic,M,2020,46.3979185911,-89.9381889037
BB22_850,2022,Black Bear,2-Oct-22,Hunting,Newberry,Chippewa,M,2020,46.4465809615,-84.9302313628
BB22_851,2022,Black Bear,15-Sep-22,Hunting,Newberry,Chippewa,M,2020,46.0068071808,-84.1451467956
BB22_852,2022,Black Bear,30-Sep-22,Hunting,Newberry,Chippewa,M,2019,46.4256924282,-84.8126491211
BB22_853,2022,Black Bear,25-Sep-22,Hunting,Newberry,Chippewa,F,2021,46.2953818508,-84.1872863569
BB22_854,2022,Black Bear,26-Sep-22,Hunting,Newberry,Mackinac,F,2021,46.0209017056,-85.6656602619
BB22_855,2022,Black Bear,24-Sep-22,Hunting,Gwinn,Delta,F,2021,46.07899034,-86.9810315924
BB22_856,2022,Black Bear,22-Sep-22,Hunting,Newberry,Mackinac,F,2018,46.1072726967,-84.707600294
BB22_857,2022,Black Bear,22-Sep-22,Hunting,Newberry,Mackinac,F,2020,46.1227015409,-85.7909554947
BB22_858,2022,Black Bear,24-Sep-22,Hunting,Newberry,Luce,M,2020,46.5854799195,-85.5842107237
BB22_859,2022,Black Bear,11-Oct-22,Hunting,Gwinn,Marquette,F,2020,46.2389829596,-87.4603533636
BB22_86,2022,Black Bear,12-Sep-22,Hunting,Baraga,Houghton,F,2020,46.5138654145,-88.6478155671
BB22_860,2022,Black Bear,25-Sep-22,Hunting,Newberry,Chippewa,F,2018,46.1220904134,-84.3318786862
BB22_861,2022,Black Bear,16-Sep-22,Hunting,Newberry,Chippewa,F,2012,46.3244822717,-84.8122737675
BB22_862,2022,Black Bear,27-Sep-22,Hunting,Newberry,Mackinac,M,2018,46.1947512348,-85.4982490762
BB22_863,2022,Black Bear,24-Sep-22,Hunting,Newberry,Schoolcraft,F,2020,46.0784111907,-86.0841302987
BB22_864,2022,Black Bear,10-Sep-22,Hunting,Newberry,Chippewa,M,2021,46.1223180528,-84.207498816
BB22_865,2022,Black Bear,25-Sep-22,Hunting,Newberry,Chippewa,M,2021,46.5103290667,-84.2399966201
BB22_866,2022,Black Bear,13-Sep-22,Hunting,Newberry,Mackinac,M,2017,46.0646334431,-85.748939396
BB22_867,2022,Black Bear,15-Sep-22,Hunting,Newberry,Schoolcraft,M,2020,46.2664627109,-86.2096897329
BB22_868,2022,Black Bear,13-Sep-22,Hunting,Newberry,Chippewa,M,2021,46.0354288339,-84.2065668671
BB22_869,2022,Black Bear,12-Sep-22,Hunting,Newberry,Chippewa,M,2019,46.0355788676,-84.185845303
BB22_87,2022,Black Bear,9-Sep-22,Hunting,Baraga,Houghton,M,2019,46.5426493038,-88.7935655622
BB22_870,2022,Black Bear,9-Sep-22,Hunting,Newberry,Mackinac,M,2020,46.1360055794,-84.6239564046
BB22_871,2022,Black Bear,8-Sep-22,Hunting,Newberry,Chippewa,M,2019,46.0210229869,-84.2068422594
BB22_872,2022,Black Bear,9-Sep-22,Hunting,Newberry,Mackinac,M,2019,46.136151131,-84.748208819
BB22_873,2022,Black Bear,26-Sep-22,Hunting,Newberry,Chippewa,F,2020,46.2810448,-84.9162185484
BB22_874,2022,Black Bear,17-Sep-22,Hunting,Newberry,Mackinac,M,2022,46.136857727,-85.4360360855
BB22_875,2022,Black Bear,1-Oct-22,Hunting,Newberry,Schoolcraft,F,2021,46.0483116562,-86.0217602367
BB22_876,2022,Black Bear,28-Sep-22,Hunting,Newberry,Mackinac,F,2021,46.1660431839,-85.498218198
BB22_877,2022,Black Bear,30-Sep-22,Hunting,Newberry,Schoolcraft,M,2021,46.0488345696,-86.3348092337
BB22_878,2022,Black Bear,25-Sep-22,Hunting,Newberry,Luce,M,2021,46.6583859403,-85.4373196139
,,,,,,,,2021,,
BB22_88,2022,Black Bear,16-Sep-22,Hunting,Baraga,Houghton,F,2015,46.5570832787,-88.7935084028
BB22_880,2022,Black Bear,15-Sep-22,Hunting,Newberry,Chippewa,F,2020,46.3104388942,-84.2705459892
BB22_881,2022,Black Bear,8-Sep-22,Hunting,Newberry,Chippewa,F,2015,46.0064078726,-84.2077095768
BB22_882,2022,Black Bear,7-Sep-22,Hunting,Newberry,Chippewa,M,2021,46.4411995704,-84.3536187914
BB22_883,2022,Black Bear,26-Sep-22,Hunting,Newberry,Chippewa,M,2021,46.0350062982,-84.0004660827
BB22_884,2022,Black Bear,7-Sep-22,Hunting,Newberry,Mackinac,M,2018,46.1076797124,-84.4358720976
BB22_885,2022,Black Bear,25-Sep-22,Hunting,Newberry,Mackinac,F,2021,46.1077626617,-85.4781990905
BB22_886,2022,Black Bear,7-Sep-22,Hunting,Newberry,Mackinac,M,2020,46.079472989,-85.6441427942
BB22_887,2022,Black Bear,13-Sep-22,Hunting,Newberry,Mackinac,F,2022,46.0794711181,-85.8535130103
BB22_888,2022,Black Bear,7-Sep-22,Hunting,Newberry,Schoolcraft,M,2021,46.1961929327,-86.1998823706
BB22_889,2022,Black Bear,8-Sep-22,Hunting,Newberry,Mackinac,M,2020,46.0794889106,-85.6859775255
BB22_89,2022,Black Bear,18-Sep-22,Hunting,Bergland,Ontonagon,F,2009,46.6724133633,-89.4167951793
BB22_890,2022,Black Bear,8-Sep-22,Hunting,Newberry,Mackinac,F,2020,46.1082628862,-85.8113928175
BB22_891,2022,Black Bear,7-Sep-22,Hunting,Newberry,Luce,M,2021,46.280955236,-85.8545084184
BB22_892,2022,Black Bear,7-Sep-22,Hunting,Newberry,Luce,M,2020,46.5711072198,-85.5629761308
BB22_893,2022,Black Bear,8-Sep-22,Hunting,Amasa,Iron,F,2013,46.2250362426,-88.4192572078
BB22_894,2022,Black Bear,13-Sep-22,Hunting,Newberry,Schoolcraft,M,2021,45.8743000348,-86.3449545848
BB22_895,2022,Black Bear,12-Sep-22,Hunting,Newberry,Mackinac,M,2021,46.034863013,-85.7497042704
BB22_896,2022,Black Bear,12-Sep-22,Hunting,Newberry,Mackinac,M,2018,46.0356239586,-85.6238861118
BB22_897,2022,Black Bear,10-Sep-22,Hunting,Newberry,Mackinac,M,2021,46.2235773285,-85.5823754145
BB22_898,2022,Black Bear,10-Sep-22,Hunting,Newberry,Mackinac,M,2021,46.1947325459,-85.6657937487
BB22_899,2022,Black Bear,9-Sep-22,Hunting,Newberry,Luce,F,2021,46.3972830805,-85.4163957854
BB22_9,2022,Black Bear,13-Sep-22,Hunting,Amasa,Baraga,M,2019,46.4416143781,-88.4391825718
BB22_90,2022,Black Bear,9-Sep-22,Hunting,Baraga,Houghton,M,2020,46.5857213981,-88.8559604935
,2022,Black Bear,9-Sep-22,Hunting,Red Oak,Otsego,M,2017,45.149388972,-84.6428002819
BB22_901,2022,Black Bear,9-Sep-22,Hunting,Newberry,Mackinac,M,2021,46.2381341815,-85.2275191718
BB22_902,2022,Black Bear,7-Sep-22,Hunting,Newberry,Mackinac,M,2018,46.0938024329,-85.6234786451
BB22_903,2022,Black Bear,10-Sep-22,Hunting,Newberry,Mackinac,F,2019,46.0349856164,-85.7285544394
BB22_904,2022,Black Bear,7-Sep-22,Hunting,Newberry,Mackinac,F,2022,46.1508694062,-84.8525791115
BB22_905,2022,Black Bear,7-Sep-22,Hunting,Newberry,Chippewa,M,2022,46.4119424773,-85.2084325721
BB22_906,2022,Black Bear,15-Sep-22,Hunting,Newberry,Schoolcraft,M,2021,46.0787884231,-85.9792787521
BB22_907,2022,Black Bear,13-Sep-22,Hunting,Newberry,Mackinac,M,2018,46.1227515768,-85.7700190831
BB22_908,2022,Black Bear,8-Sep-22,Hunting,Newberry,Schoolcraft,F,2015,46.0483116562,-86.0217602367
BB22_909,2022,Black Bear,12-Sep-22,Hunting,Newberry,Mackinac,M,2021,46.2381213009,-85.1858057332
BB22_91,2022,Black Bear,13-Sep-22,Hunting,Baraga,Ontonagon,M,2020,46.5281027028,-88.8979356888
BB22_910,2022,Black Bear,16-Sep-22,Hunting,Newberry,Schoolcraft,M,2017,46.1800242309,-85.917613301
BB22_911,2022,Black Bear,15-Sep-22,Hunting,Newberry,Luce,F,2021,46.3826408061,-85.4790052972
BB22_912,2022,Black Bear,15-Sep-22,Hunting,Newberry,Schoolcraft,F,2021,46.0196363284,-86.105804417
BB22_913,2022,Black Bear,13-Sep-22,Hunting,Newberry,Schoolcraft,M,2020,46.0489085324,-85.9798869243
BB22_914,2022,Black Bear,13-Sep-22,Hunting,Gwinn,Alger,F,2020,46.3112387927,-86.8142818567
BB22_915,2022,Black Bear,13-Sep-22,Hunting,Newberry,Schoolcraft,M,2018,46.2669932727,-86.4176135934
BB22_916,2022,Black Bear,13-Sep-22,Hunting,Newberry,Schoolcraft,M,2020,46.3966559993,-86.1674434912
BB22_917,2022,Black Bear,14-Sep-22,Hunting,Bergland,Gogebic,M,2020,46.3982516783,-90.0630428396
BB22_918,2022,Black Bear,20-Sep-22,Hunting,Baraga,Houghton,F,2019,47.2786761929,-88.4364021884
BB22_919,2022,Black Bear,29-Sep-22,Hunting,Bergland,Ontonagon,M,2020,46.701182304,-89.4379956965
BB22_92,2022,Black Bear,16-Sep-22,Hunting,Bergland,Gogebic,M,2010,46.5572146701,-90.2287355248
BB22_920,2022,Black Bear,28-Sep-22,Hunting,Bergland,Ontonagon,F,2022,46.5706195898,-89.6881170852
BB22_921,2022,Black Bear,9-Oct-22,Hunting,Bergland,Gogebic,F,2022,46.527694473,-89.9381655462
BB22_922,2022,Black Bear,19-Sep-22,Hunting,Baraga,Keweenaw,F,2019,47.409355265,-87.909224557
BB22_923,2022,Black Bear,14-Sep-22,Hunting,Bergland,Ontonagon,F,2021,46.6290386378,-89.2925653297
BB22_924,2022,Black Bear,30-Sep-22,Hunting,Bergland,Gogebic,M,2020,46.5858365135,-90.1664075425
BB22_925,2022,Black Bear,24-Sep-22,Hunting,Amasa,Iron,M,2019,46.3261603449,-88.8762207698
BB22_926,2022,Black Bear,26-Sep-22,Hunting,Bergland,Gogebic,M,2018,46.2826809339,-89.4803704689
BB22_927,2022,Black Bear,13-Sep-22,Hunting,Bergland,Ontonagon,F,2022,46.6288943006,-89.8130883333
BB22_928,2022,Black Bear,12-Sep-22,Hunting,Bergland,Ontonagon,F,2015,46.6719900903,-89.7495525345
BB22_929,2022,Black Bear,28-Sep-22,Hunting,Baraga,Houghton,M,2021,47.0328855197,-88.753467973
BB22_93,2022,Black Bear,10-Sep-22,Hunting,Bergland,Gogebic,M,2021,46.3548344893,-89.6468168906
BB22_930,2022,Black Bear,6-Oct-22,Hunting,Baraga,Houghton,M,2021,46.5426758624,-88.6893565548
BB22_931,2022,Black Bear,13-Sep-22,Hunting,Bergland,Gogebic,M,2020,46.3404106558,-90.0631497964
BB22_932,2022,Black Bear,27-Sep-22,Hunting,Bergland,Gogebic,F,2020,46.3114768162,-89.6884556463
BB22_933,2022,Black Bear,30-Sep-22,Hunting,Bergland,Gogebic,F,2018,46.5130225017,-89.7928965557
BB22_934,2022,Black Bear,3-Oct-22,Hunting,Baraga,Baraga,F,2021,46.8011836876,-88.0973123927
BB22_935,2022,Black Bear,8-Oct-22,Hunting,Bergland,Gogebic,F,2020,46.3837070688,-89.7506374973
BB22_936,2022,Black Bear,4-Oct-22,Hunting,Baraga,Houghton,F,2009,46.9314536619,-88.5626585603
BB22_937,2022,Black Bear,25-Sep-22,Hunting,Bergland,Ontonagon,F,2009,46.8159914647,-89.7035464432
BB22_938,2022,Black Bear,2-Oct-22,Hunting,Bergland,Gogebic,M,2017,46.3978489401,-89.9173124976
BB22_939,2022,Black Bear,26-Sep-22,Hunting,Baraga,Baraga,F,2019,46.5138588492,-88.6687734725
BB22_94,2022,Black Bear,7-Sep-22,Hunting,Amasa,Houghton,M,2019,46.3548935345,-88.7725186671
BB22_940,2022,Black Bear,28-Sep-22,Hunting,Bergland,Ontonagon,F,2019,46.7721962141,-89.6192207324
BB22_941,2022,Black Bear,25-Sep-22,Hunting,Bergland,Gogebic,M,2017,46.4265434607,-89.8344199343
BB22_942,2022,Black Bear,24-Sep-22,Hunting,Bergland,Ontonagon,M,2018,46.5417076879,-89.6882311436
BB22_943,2022,Black Bear,7-Sep-22,Hunting,Bergland,Ontonagon,F,2020,46.7863807346,-89.4506719136
BB22_944,2022,Black Bear,12-Oct-22,Hunting,Bergland,Ontonagon,M,2021,46.7008469496,-89.5419425399
BB22_945,2022,Black Bear,13-Sep-22,Hunting,Bergland,Gogebic,M,2018,46.3980198179,-89.8134826566
BB22_946,2022,Black Bear,18-Sep-22,Hunting,Bergland,Gogebic,F,2020,46.3403257901,-89.4596956068
BB22_947,2022,Black Bear,13-Sep-22,Hunting,Bergland,Gogebic,F,2021,46.629168405,-90.1449217302
BB22_948,2022,Black Bear,1-Oct-22,Hunting,Baraga,Baraga,M,2016,46.6857684121,-88.189184061
BB22_949,2022,Black Bear,8-Oct-22,Hunting,Bergland,Gogebic,M,2020,46.3259981954,-89.5217334904
BB22_95,2022,Black Bear,8-Sep-22,Hunting,Bergland,Gogebic,M,2020,46.3259500526,-89.9593030859
BB22_950,2022,Black Bear,2-Oct-22,Hunting,Bergland,Gogebic,F,2020,46.2704656629,-89.7504939746
BB22_951,2022,Black Bear,30-Sep-22,Hunting,Bergland,Gogebic,M,2015,46.4410272902,-89.7716571314
BB22_952,2022,Black Bear,29-Sep-22,Hunting,Bergland,Ontonagon,M,2020,46.5420110785,-89.3550880835
BB22_953,2022,Black Bear,29-Sep-22,Hunting,Bergland,Gogebic,M,2020,46.3401676944,-89.792630854
BB22_954,2022,Black Bear,26-Sep-22,Hunting,Bergland,Gogebic,M,2020,46.3257654736,-89.7717730288
BB22_955,2022,Black Bear,25-Sep-22,Hunting,Bergland,Gogebic,M,2020,46.2683027629,-89.521866984
BB22_956,2022,Black Bear,4-Oct-22,Hunting,Amasa,Ontonagon,F,2020,46.3979847699,-89.0222929446
BB22_957,2022,Black Bear,4-Oct-22,Hunting,Bergland,Ontonagon,M,2020,46.5562199732,-89.5001855658
BB22_958,2022,Black Bear,22-Sep-22,Hunting,Baraga,Baraga,M,2017,46.6399552666,-88.3385192506
BB22_959,2022,Black Bear,30-Sep-22,Hunting,Baraga,Houghton,F,2019,46.7296711617,-88.8546149432
BB22_96,2022,Black Bear,8-Sep-22,Hunting,Bergland,Gogebic,M,2020,46.3257654736,-89.7717730288
BB22_960,2022,Black Bear,24-Sep-22,Hunting,Bergland,Gogebic,M,2015,46.4558907525,-90.0837604136
BB22_961,2022,Black Bear,1-Oct-22,Hunting,Bergland,Gogebic,M,2019,46.316069075,-89.9992499016
BB22_962,2022,Black Bear,15-Sep-22,Hunting,Bergland,Gogebic,F,2020,46.6291765898,-90.165973847
BB22_963,2022,Black Bear,14-Sep-22,Hunting,Bergland,Gogebic,F,2018,46.2540622481,-89.6053260345
BB22_964,2022,Black Bear,25-Sep-22,Hunting,Bergland,Ontonagon,M,2020,46.6000188044,-89.2507771551
BB22_965,2022,Black Bear,25-Sep-22,Hunting,Bergland,Gogebic,M,2021,46.4412455751,-90.0210519059
BB22_966,2022,Black Bear,17-Sep-22,Hunting,Bergland,Gogebic,M,2019,46.3690006539,-89.8343673137
BB22_967,2022,Black Bear,26-Sep-22,Hunting,Bergland,Ontonagon,F,2020,46.6719549232,-89.6452429882
BB22_968,2022,Black Bear,1-Oct-22,Hunting,Bergland,Ontonagon,M,2020,46.4555291703,-89.293065096
BB22_969,2022,Black Bear,2-Oct-22,Hunting,Bergland,Gogebic,M,2021,46.527323724,-89.7930802206
BB22_97,2022,Black Bear,9-Sep-22,Hunting,Bergland,Gogebic,M,2020,46.5561414632,-89.7299810881
BB22_970,2022,Black Bear,25-Sep-22,Hunting,Baraga,Baraga,M,2021,46.6361352019,-88.678139261
BB22_971,2022,Black Bear,4-Oct-22,Hunting,Amasa,Houghton,F,2016,46.4272330329,-88.835506396
BB22_972,2022,Black Bear,5-Oct-22,Hunting,Baraga,Ontonagon,F,2018,46.9168504491,-89.0490493545
BB22_973,2022,Black Bear,29-Sep-22,Hunting,Bergland,Ontonagon,F,2021,46.6140674473,-89.6459932561
BB22_974,2022,Black Bear,21-Sep-22,Hunting,Baraga,Baraga,F,2018,46.8300482052,-88.3511353406
BB22_975,2022,Black Bear,7-Oct-22,Hunting,Bergland,Gogebic,F,2020,46.4408706023,-89.7302119762
BB22_976,2022,Black Bear,14-Sep-22,Hunting,Bergland,Gogebic,M,2021,46.4266268039,-89.7925669837
BB22_977,2022,Black Bear,29-Sep-22,Hunting,Baraga,Baraga,M,2021,46.9170899268,-88.4986765817
BB22_978,2022,Black Bear,23-Sep-22,Hunting,Baraga,Baraga,M,2021,46.5137810507,-88.5432977585
BB22_979,2022,Black Bear,2-Oct-22,Hunting,Baraga,Baraga,F,2020,46.8736040447,-88.5410327162
BB22_98,2022,Black Bear,7-Sep-22,Hunting,Bergland,Gogebic,M,2019,46.2973244865,-89.6051889775
BB22_980,2022,Black Bear,25-Sep-22,Hunting,Baraga,Baraga,M,2018,46.7298430443,-88.5422966006
BB22_981,2022,Black Bear,30-Sep-22,Hunting,Amasa,Baraga,M,2017,46.4849787952,-88.3764407904
BB22_982,2022,Black Bear,1-Oct-22,Hunting,Baraga,Ontonagon,M,2020,46.744210736,-88.8955842055
BB22_983,2022,Black Bear,19-Sep-22,Hunting,Bergland,Gogebic,M,2021,46.5479843123,-90.3249865516
BB22_984,2022,Black Bear,25-Sep-22,Hunting,Bergland,Gogebic,F,2020,46.2827252055,-89.5426394686
BB22_985,2022,Black Bear,15-Sep-22,Hunting,Bergland,Ontonagon,M,2020,46.7442356166,-89.4996700279
BB22_986,2022,Black Bear,12-Sep-22,Hunting,Bergland,Gogebic,M,2021,46.6145074203,-90.1036633834
BB22_987,2022,Black Bear,26-Sep-22,Hunting,Bergland,Gogebic,M,2020,46.3982751681,-90.0002672641
BB22_988,2022,Black Bear,2-Oct-22,Hunting,Bergland,Gogebic,F,2019,46.5572202416,-90.2699530773
BB22_989,2022,Black Bear,28-Sep-22,Hunting,Bergland,Gogebic,M,2021,46.5563360247,-89.8137873035
BB22_99,2022,Black Bear,8-Sep-22,Hunting,Bergland,Gogebic,F,2020,46.2968308726,-89.8550785524
BB22_990,2022,Black Bear,4-Oct-22,Hunting,Bergland,Gogebic,F,2021,46.5856533526,-90.0838189527
BB22_991,2022,Black Bear,2-Oct-22,Hunting,Baraga,Houghton,M,2020,46.9895290947,-88.7320742016
BB22_992,2022,Black Bear,30-Sep-22,Hunting,Baraga,Houghton,F,2019,46.9746412716,-88.6470149248
BB22_993,2022,Black Bear,1-Oct-22,Hunting,Baraga,Houghton,M,2019,46.9602203053,-88.7955218155
BB22_994,2022,Black Bear,2-Oct-22,Hunting,Baraga,Baraga,F,2018,46.6722842233,-88.6258696079
BB22_995,2022,Black Bear,28-Sep-22,Hunting,Baraga,Baraga,M,2022,46.9170899268,-88.4986765817
BB22_996,2022,Black Bear,27-Sep-22,Hunting,Baraga,Houghton,M,2021,46.9165840165,-88.7524749332
BB22_997,2022,Black Bear,29-Sep-22,Hunting,Baraga,Houghton,F,2018,46.6000601908,-88.7102606779
BB22_998,2022,Black Bear,26-Sep-22,Hunting,Baraga,Houghton,F,2019,46.8301539531,-88.8588166422
BB22_999,2022,Black Bear,23-Sep-22,Hunting,Baraga,Houghton,F,2013,46.9166976003,-88.7953697191